ADAL,OLQVL,AVBR,6
ADAL,OLQVL,RIAL,6
ADAL,OLQVL,AUAL,6
ADAL,OLQVL,AVDR,6
ADAL,OLQVL,AWCL,4
ADAL,OLQVL,AIBL,6
ADAL,OLQVL,RMDDL,6
ADAL,OLQVL,RIR,4
ADAL,OLQVL,BAGR,2
ADAL,OLQVL,RIAR,4
ADAL,RMDDL,AVBR,6
ADAL,RMDDL,RIAL,6
ADAL,RMDDL,AUAL,6
ADAL,RMDDL,AVDR,6
ADAL,RMDDL,AWCL,7
ADAL,RMDDL,AIBL,6
ADAL,RMDDL,AVBL,4
ADAL,RMDDL,OLLL,2
ADAL,RMDDL,FLPL,2
ADAL,RMDDL,AIZL,2
ADAL,RMDDL,AINR,2
ADAL,RMDDL,RIFL,2
ADAL,RMDDL,RIMR,2
ADAL,RMDDL,ADAR,2
ADAL,RMDDL,ALML,2
ADAL,AIBL,AVBR,6
ADAL,AIBL,RIAL,7
ADAL,AIBL,AUAL,6
ADAL,AIBL,AVDR,6
ADAL,AIBL,AWCL,4
ADAL,AIBL,RIML,2
ADAL,AIBL,AVAL,4
ADAL,AIBL,ASHL,2
ADAL,AIBL,RIGL,2
ADAL,AIBL,FLPL,2
ADAL,AIBL,AWBL,2
ADAL,AIBL,AIAL,4
ADAL,AIBL,SMDDR,4
ADAL,AIBL,CEPVL,2
ADAL,AIBL,AQR,2
ADAL,AIBL,FLPR,2
ADAL,AIBL,PVPL,2
ADAL,AIBL,CEPVR,2
ADAL,AIBL,URYDR,2
ADAL,AIBL,RMFL,4
ADAL,AIBL,RIAR,4
ADAL,AIBL,IL1DL,2
ADAL,AIBL,URYDL,4
ADAL,AIBL,RMDR,4
ADAL,AIBL,RIVL,2
ADAL,AWCL,AVBR,4
ADAL,AWCL,RIAL,4
ADAL,AWCL,AUAL,4
ADAL,AWCL,AVDR,4
ADAL,AWCL,RIML,9
ADAL,AWCL,RMDL,9
ADAL,AWCL,RIGL,6
ADAL,AWCL,AIZL,9
ADAL,AWCL,SAAVL,4
ADAL,AWCL,AVHL,4
ADAL,AWCL,SMDVL,6
ADAL,AVDR,AVBR,6
ADAL,AVDR,RIAL,6
ADAL,AVDR,AUAL,6
ADAL,AVDR,AINR,2
ADAL,AVDR,ASKL,2
ADAL,AVDR,PVCR,2
ADAL,AUAL,AVBR,6
ADAL,AUAL,RIAL,6
ADAL,AUAL,RIML,4
ADAL,AUAL,AVDL,4
ADAL,AUAL,OLLL,2
ADAL,AUAL,FLPL,2
ADAL,AUAL,RIMR,2
ADAL,AUAL,SAAVL,4
ADAL,AUAL,RIAR,2
ADAL,AUAL,RMDVL,4
ADAL,RIAL,AVBR,6
ADAL,RIAL,RIML,2
ADAL,RIAL,AVDL,4
ADAL,RIAL,RMDL,4
ADAL,RIAL,OLLL,2
ADAL,RIAL,FLPL,2
ADAL,RIAL,RIR,2
ADAL,RIAL,AIAL,2
ADAL,RIAL,ASEL,2
ADAL,RIAL,RIMR,4
ADAL,RIAL,AINL,2
ADAL,RIAL,BAGL,5
ADAL,RIAL,RIBL,2
ADAL,RIAL,RIH,4
ADAL,RIAL,CEPVL,2
ADAL,RIAL,CEPDL,2
ADAL,RIAL,ALNL,2
ADAL,RIAL,RICL,5
ADAL,RIAL,AVM,2
ADAL,RIAL,RMFR,2
ADAL,RIAL,RMFL,5
ADAL,RIAL,IL1VL,5
ADAL,RIAL,URAVL,4
ADAL,RIAL,URYVL,2
ADAL,RIAL,SMDDL,4
ADAL,RIAL,SIAVR,4
ADAL,RIAL,RMHL,4
ADAL,AVBR,DVC,2
ADAL,AVBR,AINL,2
ADAL,AVBR,ALA,2
ADAL,AVBR,URAVL,2
ADAL,AVBR,RMED,2
AVJR,PLNL,AVEL,4
AVJR,PLNL,AIZL,2
AVJR,PLNL,RICL,4
AVJR,PLNL,RMDVR,2
AVJR,PLNL,AVAR,6
AVJR,PLNL,PVT,4
AVJR,RMDVR,AVEL,4
AVJR,RMDVR,AIZL,2
AVJR,RMDVR,RICL,4
AVJR,RMDVR,OLLL,4
AVJR,RMDVR,SMBVL,4
AVJR,RMDVR,IL1DL,4
AVJR,RMDVR,URAVL,4
AVJR,RMDVR,URYVL,4
AVJR,RMDVR,SMDDL,4
AVJR,RICL,AVEL,7
AVJR,RICL,AIZL,4
AVJR,RICL,RIML,2
AVJR,RICL,AVBL,4
AVJR,RICL,RIAL,5
AVJR,RICL,AVER,4
AVJR,RICL,CEPDL,2
AVJR,RICL,URXL,2
AVJR,RICL,BAGR,2
AVJR,RICL,AQR,2
AVJR,RICL,RMFR,2
AVJR,RICL,RMDVL,4
AVJR,RICL,RMDDR,4
AVJR,AIZL,AVEL,4
AVJR,AIZL,RIML,6
AVJR,AIZL,RMDL,6
AVJR,AIZL,RIGL,6
AVJR,AIZL,RIR,4
AVJR,AIZL,AWCL,9
AVJR,AIZL,AWAL,4
AVJR,AIZL,PVQL,4
AVJR,AIZL,SAADL,6
AVJR,AIZL,RIBL,4
AVJR,AIZL,SMBDR,4
AVJR,AIZL,OLQDL,6
AVJR,AIZL,RMDDL,6
AVJR,AIZL,SMDVL,6
AVJR,AIZL,AVKR,4
AVJR,AVEL,RIML,2
AVJR,AVEL,OLLL,2
AVJR,AVEL,RIGL,2
AVJR,AVEL,ADFL,2
AVJR,AVEL,AIAL,2
AVJR,AVEL,AIYL,2
AVJR,AVEL,FLPR,2
AVJR,AVEL,RICR,2
AVJR,AVEL,RIS,2
AVJR,AVEL,AVKL,2
AVJR,AVEL,SAADR,2
AVJR,AVEL,RIAR,2
AVJR,AVEL,IL2VL,2
AVJR,AVEL,SMDDL,2
AVJR,AVEL,SMDVL,2
AVJR,AVEL,RMHL,2
AVBR,RMED,DVC,2
AVBR,RMED,AINL,2
AVBR,RMED,ALA,2
AVBR,RMED,URAVL,2
AVBR,RMED,ASHL,4
AVBR,URAVL,DVC,2
AVBR,URAVL,AINL,2
AVBR,URAVL,ALA,2
AVBR,URAVL,RIAL,4
AVBR,URAVL,CEPVL,4
AVBR,URAVL,CEPDL,4
AVBR,URAVL,RMDVR,6
AVBR,ALA,DVC,2
AVBR,ALA,AINL,2
AVBR,AINL,DVC,2
AVBR,AINL,AVBL,6
AVBR,AINL,RIAL,6
AVBR,AINL,SMBDL,6
AVBR,DVC,AVDL,6
AVBR,DVC,OLLL,6
AVBR,DVC,AUAR,6
AVBR,DVC,RMEL,6
RIML,URYVL,AVBL,4
RIML,URYVL,AIBR,2
RIML,URYVL,ASHL,2
RIML,URYVL,RMDL,5
RIML,URYVL,AVEL,4
RIML,URYVL,OLLL,2
RIML,URYVL,AIZL,2
RIML,URYVL,RIAL,7
RIML,URYVL,AUAL,2
RIML,URYVL,AWCL,5
RIML,URYVL,AIBL,4
RIML,URYVL,RIFL,2
RIML,URYVL,ASIL,4
RIML,URYVL,RIMR,2
RIML,URYVL,RIBL,7
RIML,URYVL,CEPDL,2
RIML,URYVL,RICL,4
RIML,URYVL,RICR,4
RIML,URYVL,RIAR,2
RIML,URYVL,IL1VL,4
RIML,URYVL,RMDR,4
RIML,URYVL,SMDVR,6
RIML,URYVL,RMDVR,6
RIML,URYVL,RIVR,6
RIML,RMDR,AVBL,7
RIML,RMDR,AIBR,4
RIML,RMDR,ASHL,4
RIML,RMDR,RMDL,9
RIML,RMDR,AVEL,6
RIML,RMDR,OLLL,4
RIML,RMDR,AIZL,4
RIML,RMDR,RIAL,6
RIML,RMDR,AUAL,4
RIML,RMDR,AWCL,9
RIML,RMDR,AIBL,7
RIML,RMDR,RIFL,4
RIML,RMDR,ASIL,6
RIML,RMDR,RIMR,4
RIML,RMDR,RIBL,11
RIML,RMDR,CEPDL,4
RIML,RMDR,RICL,6
RIML,RMDR,RICR,6
RIML,RMDR,RIAR,4
RIML,RMDR,IL1VL,7
RIML,RMDR,AVAL,4
RIML,RMDR,RIGL,4
RIML,RMDR,SMDVR,2
RIML,RMDR,AVM,2
RIML,RMDR,RMGL,2
RIML,RMDR,URYVR,2
RIML,RMDR,IL1L,2
RIML,IL1VL,AVBL,6
RIML,IL1VL,AIBR,4
RIML,IL1VL,ASHL,4
RIML,IL1VL,RMDL,9
RIML,IL1VL,AVEL,6
RIML,IL1VL,OLLL,4
RIML,IL1VL,AIZL,4
RIML,IL1VL,RIAL,8
RIML,IL1VL,AUAL,4
RIML,IL1VL,AWCL,9
RIML,IL1VL,AIBL,6
RIML,IL1VL,RIFL,4
RIML,IL1VL,ASIL,6
RIML,IL1VL,RIMR,4
RIML,IL1VL,RIBL,4
RIML,IL1VL,CEPDL,4
RIML,IL1VL,RICL,6
RIML,IL1VL,RICR,6
RIML,IL1VL,RIAR,4
RIML,IL1VL,AVER,4
RIML,IL1VL,PVPR,2
RIML,RIAR,AVBL,7
RIML,RIAR,AIBR,2
RIML,RIAR,ASHL,2
RIML,RIAR,RMDL,5
RIML,RIAR,AVEL,7
RIML,RIAR,OLLL,2
RIML,RIAR,AIZL,2
RIML,RIAR,RIAL,4
RIML,RIAR,AUAL,7
RIML,RIAR,AWCL,5
RIML,RIAR,AIBL,11
RIML,RIAR,RIFL,2
RIML,RIAR,ASIL,4
RIML,RIAR,RIMR,2
RIML,RIAR,RIBL,2
RIML,RIAR,CEPDL,2
RIML,RIAR,RICL,4
RIML,RIAR,RICR,4
RIML,RIAR,ADLL,4
RIML,RIAR,AIAL,6
RIML,RIAR,ASJL,4
RIML,RIAR,RIH,4
RIML,RIAR,PVPL,4
RIML,RIAR,RMDVL,6
RIML,RIAR,IL1DL,6
RIML,RIAR,OLQVL,4
RIML,RICR,AVBL,7
RIML,RICR,AIBR,4
RIML,RICR,ASHL,4
RIML,RICR,RMDL,9
RIML,RICR,AVEL,7
RIML,RICR,OLLL,4
RIML,RICR,AIZL,4
RIML,RICR,RIAL,6
RIML,RICR,AUAL,4
RIML,RICR,AWCL,9
RIML,RICR,AIBL,6
RIML,RICR,RIFL,4
RIML,RICR,ASIL,6
RIML,RICR,RIMR,4
RIML,RICR,RIBL,4
RIML,RICR,CEPDL,7
RIML,RICR,RICL,6
RIML,RICR,SMBVL,4
RIML,RICR,ADLL,2
RIML,RICR,RMFL,2
RIML,RICL,AVBL,7
RIML,RICL,AIBR,4
RIML,RICL,ASHL,4
RIML,RICL,RMDL,9
RIML,RICL,AVEL,7
RIML,RICL,OLLL,4
RIML,RICL,AIZL,4
RIML,RICL,RIAL,8
RIML,RICL,AUAL,4
RIML,RICL,AWCL,9
RIML,RICL,AIBL,6
RIML,RICL,RIFL,4
RIML,RICL,ASIL,6
RIML,RICL,RIMR,4
RIML,RICL,RIBL,4
RIML,RICL,CEPDL,7
RIML,RICL,AVER,4
RIML,RICL,URXL,2
RIML,RICL,BAGR,2
RIML,RICL,AQR,2
RIML,RICL,RMFR,2
RIML,RICL,RMDVL,4
RIML,RICL,RMDDR,4
RIML,CEPDL,AVBL,4
RIML,CEPDL,AIBR,2
RIML,CEPDL,ASHL,2
RIML,CEPDL,RMDL,8
RIML,CEPDL,AVEL,4
RIML,CEPDL,OLLL,2
RIML,CEPDL,AIZL,2
RIML,CEPDL,RIAL,7
RIML,CEPDL,AUAL,2
RIML,CEPDL,AWCL,5
RIML,CEPDL,AIBL,4
RIML,CEPDL,RIFL,2
RIML,CEPDL,ASIL,4
RIML,CEPDL,RIMR,2
RIML,CEPDL,RIBL,7
RIML,CEPDL,RIGL,4
RIML,CEPDL,URXL,6
RIML,CEPDL,PVPR,4
RIML,CEPDL,AVJL,6
RIML,CEPDL,URAVL,6
RIML,CEPDL,SMDDL,6
RIML,CEPDL,SMDVL,6
RIML,RIBL,AVBL,4
RIML,RIBL,AIBR,2
RIML,RIBL,ASHL,7
RIML,RIBL,RMDL,5
RIML,RIBL,AVEL,4
RIML,RIBL,OLLL,2
RIML,RIBL,AIZL,7
RIML,RIBL,RIAL,7
RIML,RIBL,AUAL,2
RIML,RIBL,AWCL,5
RIML,RIBL,AIBL,4
RIML,RIBL,RIFL,2
RIML,RIBL,ASIL,4
RIML,RIBL,RIMR,2
RIML,RIBL,AVAL,6
RIML,RIBL,AIAL,9
RIML,RIBL,AWCR,4
RIML,RIBL,SMDVR,6
RIML,RIBL,PVCL,4
RIML,RIBL,SAAVL,4
RIML,RIBL,BAGR,4
RIML,RIBL,AQR,4
RIML,RIBL,AVM,4
RIML,RIBL,AVFL,6
RIML,RIBL,RMDVL,6
RIML,RIBL,IL2L,4
RIML,RIBL,SMDVL,4
RIML,RIMR,AVBL,4
RIML,RIMR,AIBR,2
RIML,RIMR,ASHL,2
RIML,RIMR,RMDL,5
RIML,RIMR,AVEL,4
RIML,RIMR,OLLL,2
RIML,RIMR,AIZL,2
RIML,RIMR,RIAL,11
RIML,RIMR,AUAL,7
RIML,RIMR,AWCL,5
RIML,RIMR,AIBL,4
RIML,RIMR,RIFL,2
RIML,RIMR,ASIL,4
RIML,RIMR,ASGL,6
RIML,RIMR,SMDVR,6
RIML,RIMR,ALNL,4
RIML,RIMR,AVFL,4
RIML,RIMR,URYVR,4
RIML,RIMR,RMDDL,6
RIML,ASIL,AVBL,6
RIML,ASIL,AIBR,4
RIML,ASIL,ASHL,4
RIML,ASIL,RMDL,9
RIML,ASIL,AVEL,6
RIML,ASIL,OLLL,4
RIML,ASIL,AIZL,4
RIML,ASIL,RIAL,6
RIML,ASIL,AUAL,4
RIML,ASIL,AWCL,9
RIML,ASIL,AIBL,6
RIML,ASIL,RIFL,4
RIML,ASIL,AVAR,4
RIML,ASIL,RIGL,4
RIML,ASIL,AVER,4
RIML,ASIL,SMBVR,4
RIML,ASIL,IL1DL,4
RIML,RIFL,AVBL,4
RIML,RIFL,AIBR,2
RIML,RIFL,ASHL,2
RIML,RIFL,RMDL,5
RIML,RIFL,AVEL,4
RIML,RIFL,OLLL,2
RIML,RIFL,AIZL,2
RIML,RIFL,RIAL,4
RIML,RIFL,AUAL,2
RIML,RIFL,AWCL,5
RIML,RIFL,AIBL,4
RIML,RIFL,AIYL,6
RIML,RIFL,SAADL,6
RIML,RIFL,RMDDL,6
RIML,RIFL,IL2DL,4
RIML,AIBL,AVBL,6
RIML,AIBL,AIBR,4
RIML,AIBL,ASHL,7
RIML,AIBL,RMDL,9
RIML,AIBL,AVEL,6
RIML,AIBL,OLLL,4
RIML,AIBL,AIZL,4
RIML,AIBL,RIAL,7
RIML,AIBL,AUAL,4
RIML,AIBL,AWCL,9
RIML,AIBL,AVAL,4
RIML,AIBL,RIGL,2
RIML,AIBL,FLPL,2
RIML,AIBL,AWBL,2
RIML,AIBL,AIAL,4
RIML,AIBL,SMDDR,4
RIML,AIBL,CEPVL,2
RIML,AIBL,AQR,2
RIML,AIBL,FLPR,2
RIML,AIBL,PVPL,2
RIML,AIBL,CEPVR,2
RIML,AIBL,URYDR,2
RIML,AIBL,RMFL,4
RIML,AIBL,IL1DL,2
RIML,AIBL,URYDL,4
RIML,AIBL,RIVL,2
RIML,AWCL,AVBL,9
RIML,AWCL,AIBR,5
RIML,AWCL,ASHL,5
RIML,AWCL,RMDL,15
RIML,AWCL,AVEL,9
RIML,AWCL,OLLL,5
RIML,AWCL,AIZL,14
RIML,AWCL,RIAL,9
RIML,AWCL,AUAL,5
RIML,AWCL,RIGL,9
RIML,AWCL,SAAVL,5
RIML,AWCL,AVHL,5
RIML,AWCL,RMDDL,9
RIML,AWCL,SMDVL,9
RIML,AUAL,AVBL,4
RIML,AUAL,AIBR,2
RIML,AUAL,ASHL,2
RIML,AUAL,RMDL,5
RIML,AUAL,AVEL,4
RIML,AUAL,OLLL,7
RIML,AUAL,AIZL,2
RIML,AUAL,RIAL,4
RIML,AUAL,AVDL,6
RIML,AUAL,FLPL,4
RIML,AUAL,SAAVL,6
RIML,AUAL,RMDVL,6
RIML,RIAL,AVBL,6
RIML,RIAL,AIBR,4
RIML,RIAL,ASHL,4
RIML,RIAL,RMDL,12
RIML,RIAL,AVEL,6
RIML,RIAL,OLLL,7
RIML,RIAL,AIZL,4
RIML,RIAL,AVDL,4
RIML,RIAL,FLPL,2
RIML,RIAL,RIR,2
RIML,RIAL,AIAL,2
RIML,RIAL,ASEL,2
RIML,RIAL,AINL,2
RIML,RIAL,BAGL,5
RIML,RIAL,RIH,4
RIML,RIAL,CEPVL,2
RIML,RIAL,ALNL,2
RIML,RIAL,AVM,2
RIML,RIAL,RMFR,2
RIML,RIAL,RMFL,5
RIML,RIAL,URAVL,4
RIML,RIAL,SMDDL,4
RIML,RIAL,SIAVR,4
RIML,RIAL,RMHL,4
RIML,AIZL,AVBL,4
RIML,AIZL,AIBR,2
RIML,AIZL,ASHL,2
RIML,AIZL,RMDL,8
RIML,AIZL,AVEL,4
RIML,AIZL,OLLL,2
RIML,AIZL,RIGL,6
RIML,AIZL,RIR,4
RIML,AIZL,AWAL,4
RIML,AIZL,PVQL,4
RIML,AIZL,SAADL,6
RIML,AIZL,SMBDR,4
RIML,AIZL,OLQDL,6
RIML,AIZL,RMDDL,6
RIML,AIZL,SMDVL,6
RIML,AIZL,AVKR,4
RIML,OLLL,AVBL,4
RIML,OLLL,AIBR,2
RIML,OLLL,ASHL,2
RIML,OLLL,RMDL,5
RIML,OLLL,AVEL,7
RIML,OLLL,ADEL,4
RIML,OLLL,RIGL,4
RIML,OLLL,SMDDR,4
RIML,OLLL,DVC,4
RIML,OLLL,SAAVL,6
RIML,OLLL,RMDDL,6
RIML,OLLL,RMDVR,6
RIML,OLLL,SMDVL,6
RIML,AVEL,AVBL,6
RIML,AVEL,AIBR,4
RIML,AVEL,ASHL,4
RIML,AVEL,RMDL,9
RIML,AVEL,RIGL,2
RIML,AVEL,ADFL,2
RIML,AVEL,AIAL,2
RIML,AVEL,AIYL,2
RIML,AVEL,FLPR,2
RIML,AVEL,RIS,2
RIML,AVEL,AVKL,2
RIML,AVEL,SAADR,2
RIML,AVEL,IL2VL,2
RIML,AVEL,SMDDL,2
RIML,AVEL,SMDVL,2
RIML,AVEL,RMHL,2
RIML,RMDL,AVBL,9
RIML,RMDL,AIBR,5
RIML,RMDL,ASHL,5
RIML,RMDL,RIPL,9
RIML,RMDL,AIML,5
RIML,RMDL,PVQL,9
RIML,RMDL,SAADL,5
RIML,RMDL,AIZR,5
RIML,RMDL,RIH,5
RIML,RMDL,URXL,5
RIML,RMDL,CEPDR,5
RIML,RMDL,RIS,5
RIML,RMDL,AVFR,5
RIML,RMDL,URADL,9
RIML,RMDL,IL2VL,5
RIML,ASHL,AVBL,4
RIML,ASHL,AIBR,2
RIML,ASHL,AVAL,6
RIML,ASHL,RIGL,6
RIML,ASHL,BDUL,6
RIML,ASHL,IL2L,4
RIML,ASHL,RMEV,6
RIML,ASHL,AVKR,6
RIML,ASHL,RMED,6
RIML,AIBR,AVBL,4
RIML,AIBR,AVAL,6
RIML,AIBR,AFDL,6
RIML,AIBR,ASKL,6
RIML,AIBR,URXL,4
RIML,AIBR,PVCR,4
RIML,AIBR,IL2DL,4
RIML,AIBR,AVHR,4
RIML,AIBR,RIVL,4
RIML,AVBL,ADEL,2
RIML,AVBL,AWBL,2
RIML,AVBL,AWAL,2
RIML,AVBL,ASGL,2
RIML,AVBL,AINL,2
RIML,AVBL,RIFR,2
RIML,AVBL,RIS,2
RIML,AVBL,RMGL,2
RIML,AVBL,RMFL,2
RIML,AVBL,URADL,2
RIML,AVBL,RMDDL,2
RIML,AVBL,RIVL,2
RIPL,SDQL,RMDL,2
RIPL,SDQL,AFDL,2
RIPL,SDQL,ASKL,2
RIPL,SDQL,URXL,2
RIPL,SDQL,PVPL,2
RIPL,SDQL,OLLR,2
RIPL,SDQL,URBL,2
RIPL,SDQL,RMDDR,4
RIPL,SDQL,SAAVR,2
RIPL,SAAVR,RMDL,2
RIPL,SAAVR,AFDL,2
RIPL,SAAVR,ASKL,2
RIPL,SAAVR,URXL,2
RIPL,SAAVR,PVPL,2
RIPL,SAAVR,OLLR,2
RIPL,SAAVR,URBL,2
RIPL,SAAVR,RMDDR,4
RIPL,SAAVR,RIBR,4
RIPL,SAAVR,CEPVL,6
RIPL,SAAVR,RIVL,4
RIPL,RMDDR,RMDL,4
RIPL,RMDDR,AFDL,4
RIPL,RMDDR,ASKL,4
RIPL,RMDDR,URXL,4
RIPL,RMDDR,PVPL,4
RIPL,RMDDR,OLLR,4
RIPL,RMDDR,URBL,4
RIPL,RMDDR,BAGL,2
RIPL,RMDDR,RICL,2
RIPL,RMDDR,CEPDR,2
RIPL,RMDDR,RMDVL,4
RIPL,URBL,RMDL,2
RIPL,URBL,AFDL,2
RIPL,URBL,ASKL,2
RIPL,URBL,URXL,2
RIPL,URBL,PVPL,2
RIPL,URBL,OLLR,2
RIPL,URBL,AVKL,6
RIPL,URBL,SIBVL,6
RIPL,URBL,SMDVL,6
RIPL,OLLR,RMDL,2
RIPL,OLLR,AFDL,2
RIPL,OLLR,ASKL,2
RIPL,OLLR,URXL,2
RIPL,OLLR,PVPL,2
RIPL,OLLR,AVAL,6
RIPL,OLLR,AFDR,6
RIPL,OLLR,RIVR,4
RIPL,PVPL,RMDL,2
RIPL,PVPL,AFDL,2
RIPL,PVPL,ASKL,2
RIPL,PVPL,URXL,2
RIPL,PVPL,AIBL,6
RIPL,PVPL,AIYL,4
RIPL,PVPL,RIAR,6
RIPL,PVPL,RMDVL,6
RIPL,PVPL,URYDL,4
RIPL,PVPL,IL1L,6
RIPL,PVPL,SMDVL,6
RIPL,URXL,RMDL,7
RIPL,URXL,AFDL,2
RIPL,URXL,ASKL,2
RIPL,URXL,AIBR,6
RIPL,URXL,AIAL,6
RIPL,URXL,CEPDL,4
RIPL,URXL,RICL,6
RIPL,URXL,IL1L,4
RIPL,URXL,SMDVL,6
RIPL,ASKL,RMDL,2
RIPL,ASKL,AFDL,2
RIPL,ASKL,AIBR,4
RIPL,ASKL,ADFL,6
RIPL,ASKL,SMBVL,4
RIPL,ASKL,AVDR,6
RIPL,ASKL,AVJL,4
RIPL,AFDL,RMDL,2
RIPL,AFDL,AIBR,4
RIPL,AFDL,ADFL,4
RIPL,AFDL,BDUR,4
RIPL,RMDL,AIZL,4
RIPL,RMDL,RIAL,4
RIPL,RMDL,AWCL,9
RIPL,RMDL,AIML,4
RIPL,RMDL,PVQL,6
RIPL,RMDL,SAADL,4
RIPL,RMDL,AIZR,4
RIPL,RMDL,RIH,4
RIPL,RMDL,CEPDL,4
RIPL,RMDL,CEPDR,4
RIPL,RMDL,RIS,4
RIPL,RMDL,AVFR,4
RIPL,RMDL,URADL,6
RIPL,RMDL,IL2VL,4
AVAL,IL2VR,AIBR,2
AVAL,IL2VR,ASHL,2
AVAL,IL2VR,ADER,2
AVAL,IL2VR,ADFL,2
AVAL,IL2VR,RIR,2
AVAL,IL2VR,AWBL,2
AVAL,IL2VR,AIBL,2
AVAL,IL2VR,RIBR,2
AVAL,IL2VR,AIZR,2
AVAL,IL2VR,RIBL,2
AVAL,IL2VR,PVPR,2
AVAL,IL2VR,OLLR,2
AVAL,IL2VR,OLQDL,2
AVAL,IL2VR,IL2DL,2
AVAL,IL2VR,RMDR,2
AVAL,IL2VR,IL2VL,2
AVAL,IL2VR,RMGR,2
AVAL,RMGR,AIBR,2
AVAL,RMGR,ASHL,2
AVAL,RMGR,ADER,2
AVAL,RMGR,ADFL,2
AVAL,RMGR,RIR,2
AVAL,RMGR,AWBL,2
AVAL,RMGR,AIBL,2
AVAL,RMGR,RIBR,2
AVAL,RMGR,AIZR,2
AVAL,RMGR,RIBL,2
AVAL,RMGR,PVPR,2
AVAL,RMGR,OLLR,2
AVAL,RMGR,OLQDL,2
AVAL,RMGR,IL2DL,2
AVAL,RMGR,RMDR,2
AVAL,RMGR,IL2VL,2
AVAL,IL2VL,AIBR,2
AVAL,IL2VL,ASHL,2
AVAL,IL2VL,ADER,2
AVAL,IL2VL,ADFL,2
AVAL,IL2VL,RIR,2
AVAL,IL2VL,AWBL,2
AVAL,IL2VL,AIBL,2
AVAL,IL2VL,RIBR,2
AVAL,IL2VL,AIZR,2
AVAL,IL2VL,RIBL,2
AVAL,IL2VL,PVPR,2
AVAL,IL2VL,OLLR,2
AVAL,IL2VL,OLQDL,2
AVAL,IL2VL,IL2DL,2
AVAL,IL2VL,RMDR,2
AVAL,IL2VL,RMDL,6
AVAL,IL2VL,AVEL,6
AVAL,IL2VL,SMDDR,6
AVAL,IL2VL,BAGL,6
AVAL,IL2VL,SMDVL,6
AVAL,RMDR,AIBR,2
AVAL,RMDR,ASHL,2
AVAL,RMDR,ADER,2
AVAL,RMDR,ADFL,2
AVAL,RMDR,RIR,2
AVAL,RMDR,AWBL,2
AVAL,RMDR,AIBL,7
AVAL,RMDR,RIBR,2
AVAL,RMDR,AIZR,2
AVAL,RMDR,RIBL,7
AVAL,RMDR,PVPR,2
AVAL,RMDR,OLLR,2
AVAL,RMDR,OLQDL,2
AVAL,RMDR,IL2DL,2
AVAL,RMDR,AVBL,6
AVAL,RMDR,RIGL,6
AVAL,RMDR,SMDVR,4
AVAL,RMDR,AVM,4
AVAL,RMDR,RMGL,4
AVAL,RMDR,URYVR,4
AVAL,RMDR,IL1VL,4
AVAL,RMDR,IL1L,4
AVAL,IL2DL,AIBR,7
AVAL,IL2DL,ASHL,2
AVAL,IL2DL,ADER,2
AVAL,IL2DL,ADFL,2
AVAL,IL2DL,RIR,2
AVAL,IL2DL,AWBL,2
AVAL,IL2DL,AIBL,2
AVAL,IL2DL,RIBR,2
AVAL,IL2DL,AIZR,2
AVAL,IL2DL,RIBL,2
AVAL,IL2DL,PVPR,2
AVAL,IL2DL,OLLR,2
AVAL,IL2DL,OLQDL,2
AVAL,IL2DL,RIFL,6
AVAL,OLQDL,AIBR,2
AVAL,OLQDL,ASHL,2
AVAL,OLQDL,ADER,2
AVAL,OLQDL,ADFL,2
AVAL,OLQDL,RIR,2
AVAL,OLQDL,AWBL,2
AVAL,OLQDL,AIBL,2
AVAL,OLQDL,RIBR,2
AVAL,OLQDL,AIZR,2
AVAL,OLQDL,RIBL,2
AVAL,OLQDL,PVPR,2
AVAL,OLQDL,OLLR,2
AVAL,OLQDL,AIZL,4
AVAL,OLQDL,AIML,4
AVAL,OLQDL,AVKL,6
AVAL,OLQDL,SMDDL,6
AVAL,OLLR,AIBR,2
AVAL,OLLR,ASHL,2
AVAL,OLLR,ADER,2
AVAL,OLLR,ADFL,2
AVAL,OLLR,RIR,2
AVAL,OLLR,AWBL,2
AVAL,OLLR,AIBL,2
AVAL,OLLR,RIBR,2
AVAL,OLLR,AIZR,2
AVAL,OLLR,RIBL,2
AVAL,OLLR,PVPR,2
AVAL,OLLR,AFDR,6
AVAL,OLLR,RIVR,4
AVAL,PVPR,AIBR,2
AVAL,PVPR,ASHL,2
AVAL,PVPR,ADER,2
AVAL,PVPR,ADFL,2
AVAL,PVPR,RIR,2
AVAL,PVPR,AWBL,2
AVAL,PVPR,AIBL,2
AVAL,PVPR,RIBR,2
AVAL,PVPR,AIZR,2
AVAL,PVPR,RIBL,2
AVAL,PVPR,AWAL,4
AVAL,PVPR,CEPDL,6
AVAL,PVPR,IL1VL,6
AVAL,RIBL,AIBR,2
AVAL,RIBL,ASHL,7
AVAL,RIBL,ADER,2
AVAL,RIBL,ADFL,2
AVAL,RIBL,RIR,2
AVAL,RIBL,AWBL,2
AVAL,RIBL,AIBL,2
AVAL,RIBL,RIBR,2
AVAL,RIBL,AIZR,2
AVAL,RIBL,AIZL,6
AVAL,RIBL,RIAL,6
AVAL,RIBL,AIAL,9
AVAL,RIBL,AWCR,4
AVAL,RIBL,SMDVR,6
AVAL,RIBL,PVCL,4
AVAL,RIBL,CEPDL,6
AVAL,RIBL,SAAVL,4
AVAL,RIBL,BAGR,4
AVAL,RIBL,AQR,4
AVAL,RIBL,AVM,4
AVAL,RIBL,AVFL,6
AVAL,RIBL,RMDVL,6
AVAL,RIBL,IL2L,4
AVAL,RIBL,URYVL,4
AVAL,RIBL,SMDVL,4
AVAL,AIZR,AIBR,2
AVAL,AIZR,ASHL,2
AVAL,AIZR,ADER,2
AVAL,AIZR,ADFL,2
AVAL,AIZR,RIR,2
AVAL,AIZR,AWBL,2
AVAL,AIZR,AIBL,2
AVAL,AIZR,RIBR,2
AVAL,AIZR,RMDL,6
AVAL,RIBR,AIBR,2
AVAL,RIBR,ASHL,2
AVAL,RIBR,ADER,2
AVAL,RIBR,ADFL,2
AVAL,RIBR,RIR,2
AVAL,RIBR,AWBL,2
AVAL,RIBR,AIBL,2
AVAL,RIBR,SMBDL,4
AVAL,RIBR,SAADL,4
AVAL,RIBR,PVCL,6
AVAL,RIBR,RIS,4
AVAL,RIBR,IL2L,6
AVAL,RIBR,SAAVR,6
AVAL,AIBL,AIBR,2
AVAL,AIBL,ASHL,7
AVAL,AIBL,ADER,2
AVAL,AIBL,ADFL,2
AVAL,AIBL,RIR,2
AVAL,AIBL,AWBL,7
AVAL,AIBL,RIGL,4
AVAL,AIBL,FLPL,4
AVAL,AIBL,RIAL,4
AVAL,AIBL,AIAL,6
AVAL,AIBL,SMDDR,6
AVAL,AIBL,CEPVL,4
AVAL,AIBL,AQR,4
AVAL,AIBL,FLPR,4
AVAL,AIBL,PVPL,4
AVAL,AIBL,CEPVR,4
AVAL,AIBL,URYDR,4
AVAL,AIBL,RMFL,6
AVAL,AIBL,RIAR,6
AVAL,AIBL,IL1DL,4
AVAL,AIBL,URYDL,6
AVAL,AIBL,RIVL,4
AVAL,AWBL,AIBR,2
AVAL,AWBL,ASHL,2
AVAL,AWBL,ADER,2
AVAL,AWBL,ADFL,2
AVAL,AWBL,RIR,2
AVAL,AWBL,AVBL,6
AVAL,AWBL,SMDDR,4
AVAL,RIR,AIBR,2
AVAL,RIR,ASHL,2
AVAL,RIR,ADER,2
AVAL,RIR,ADFL,2
AVAL,RIR,AIZL,6
AVAL,RIR,RIAL,6
AVAL,RIR,OLQVL,4
AVAL,RIR,IL2L,4
AVAL,RIR,AVHR,4
AVAL,RIR,SMDVL,6
AVAL,RIR,URBR,4
AVAL,ADFL,AIBR,2
AVAL,ADFL,ASHL,2
AVAL,ADFL,ADER,2
AVAL,ADFL,AVEL,6
AVAL,ADFL,ASEL,4
AVAL,ADFL,AFDL,6
AVAL,ADFL,ASKL,4
AVAL,ADFL,ASGL,6
AVAL,ADFL,AVER,6
AVAL,ADFL,AVKL,6
AVAL,ADFL,AVHR,6
AVAL,ADER,AIBR,2
AVAL,ADER,ASHL,2
AVAL,ADER,BAGL,4
AVAL,ADER,PVCR,6
AVAL,ADER,RMEL,6
AVAL,ASHL,AIBR,2
AVAL,ASHL,RIGL,6
AVAL,ASHL,BDUL,6
AVAL,ASHL,IL2L,4
AVAL,ASHL,RMEV,6
AVAL,ASHL,AVKR,6
AVAL,ASHL,RMED,6
AVAL,AIBR,AFDL,6
AVAL,AIBR,ASKL,6
AVAL,AIBR,URXL,4
AVAL,AIBR,PVCR,4
AVAL,AIBR,AVHR,4
AVAL,AIBR,RIVL,4
AVBL,RIVL,ADEL,2
AVBL,RIVL,AWBL,2
AVBL,RIVL,AWAL,2
AVBL,RIVL,ASGL,2
AVBL,RIVL,AINL,2
AVBL,RIVL,RICL,2
AVBL,RIVL,RICR,2
AVBL,RIVL,RIFR,2
AVBL,RIVL,RIS,2
AVBL,RIVL,RMGL,2
AVBL,RIVL,RMFL,2
AVBL,RIVL,RIAR,2
AVBL,RIVL,URADL,2
AVBL,RIVL,RMDDL,2
AVBL,RIVL,RMDR,2
AVBL,RIVL,AIBR,6
AVBL,RIVL,AIBL,6
AVBL,RIVL,AWCR,6
AVBL,RIVL,BDUL,4
AVBL,RIVL,SAADR,6
AVBL,RIVL,SAAVR,6
AVBL,RMDR,ADEL,2
AVBL,RMDR,AWBL,2
AVBL,RMDR,AWAL,2
AVBL,RMDR,ASGL,2
AVBL,RMDR,AINL,2
AVBL,RMDR,RICL,2
AVBL,RMDR,RICR,2
AVBL,RMDR,RIFR,2
AVBL,RMDR,RIS,2
AVBL,RMDR,RMGL,7
AVBL,RMDR,RMFL,2
AVBL,RMDR,RIAR,2
AVBL,RMDR,URADL,2
AVBL,RMDR,RMDDL,2
AVBL,RMDR,RIGL,6
AVBL,RMDR,AIBL,4
AVBL,RMDR,SMDVR,4
AVBL,RMDR,RIBL,6
AVBL,RMDR,AVM,4
AVBL,RMDR,URYVR,4
AVBL,RMDR,IL1VL,4
AVBL,RMDR,IL1L,4
AVBL,RMDDL,ADEL,2
AVBL,RMDDL,AWBL,2
AVBL,RMDDL,AWAL,2
AVBL,RMDDL,ASGL,2
AVBL,RMDDL,AINL,2
AVBL,RMDDL,RICL,2
AVBL,RMDDL,RICR,2
AVBL,RMDDL,RIFR,2
AVBL,RMDDL,RIS,2
AVBL,RMDDL,RMGL,2
AVBL,RMDDL,RMFL,2
AVBL,RMDDL,RIAR,2
AVBL,RMDDL,URADL,2
AVBL,RMDDL,OLLL,4
AVBL,RMDDL,FLPL,4
AVBL,RMDDL,AIZL,4
AVBL,RMDDL,AWCL,4
AVBL,RMDDL,AINR,4
AVBL,RMDDL,RIFL,4
AVBL,RMDDL,RIMR,4
AVBL,RMDDL,ADAR,4
AVBL,RMDDL,ALML,4
AVBL,URADL,ADEL,2
AVBL,URADL,AWBL,2
AVBL,URADL,AWAL,2
AVBL,URADL,ASGL,2
AVBL,URADL,AINL,2
AVBL,URADL,RICL,2
AVBL,URADL,RICR,2
AVBL,URADL,RIFR,2
AVBL,URADL,RIS,2
AVBL,URADL,RMGL,2
AVBL,URADL,RMFL,2
AVBL,URADL,RIAR,2
AVBL,URADL,RMDL,4
AVBL,URADL,RIH,4
AVBL,RIAR,ADEL,2
AVBL,RIAR,AWBL,2
AVBL,RIAR,AWAL,2
AVBL,RIAR,ASGL,2
AVBL,RIAR,AINL,2
AVBL,RIAR,RICL,2
AVBL,RIAR,RICR,2
AVBL,RIAR,RIFR,2
AVBL,RIAR,RIS,2
AVBL,RIAR,RMGL,2
AVBL,RIAR,RMFL,2
AVBL,RIAR,AVEL,6
AVBL,RIAR,AUAL,6
AVBL,RIAR,ADLL,4
AVBL,RIAR,AIBL,4
AVBL,RIAR,AIAL,6
AVBL,RIAR,ASJL,4
AVBL,RIAR,RIH,4
AVBL,RIAR,PVPL,4
AVBL,RIAR,RMDVL,6
AVBL,RIAR,IL1DL,6
AVBL,RIAR,OLQVL,4
AVBL,RMFL,ADEL,2
AVBL,RMFL,AWBL,2
AVBL,RMFL,AWAL,2
AVBL,RMFL,ASGL,2
AVBL,RMFL,AINL,2
AVBL,RMFL,RICL,2
AVBL,RMFL,RICR,7
AVBL,RMFL,RIFR,2
AVBL,RMFL,RIS,2
AVBL,RMFL,RMGL,2
AVBL,RMFL,RIAL,9
AVBL,RMFL,AIBL,4
AVBL,RMGL,ADEL,2
AVBL,RMGL,AWBL,2
AVBL,RMGL,AWAL,2
AVBL,RMGL,ASGL,2
AVBL,RMGL,AINL,2
AVBL,RMGL,RICL,2
AVBL,RMGL,RICR,2
AVBL,RMGL,RIFR,2
AVBL,RMGL,RIS,2
AVBL,RMGL,AVAR,6
AVBL,RMGL,AIAL,6
AVBL,RIS,ADEL,2
AVBL,RIS,AWBL,2
AVBL,RIS,AWAL,2
AVBL,RIS,ASGL,2
AVBL,RIS,AINL,2
AVBL,RIS,RICL,2
AVBL,RIS,RICR,2
AVBL,RIS,RIFR,2
AVBL,RIS,RMDL,6
AVBL,RIS,AVEL,6
AVBL,RIS,AIML,6
AVBL,RIS,RIBR,6
AVBL,RIS,ASJL,4
AVBL,RIS,BAGL,6
AVBL,RIS,PVCL,6
AVBL,RIFR,ADEL,2
AVBL,RIFR,AWBL,2
AVBL,RIFR,AWAL,2
AVBL,RIFR,ASGL,2
AVBL,RIFR,AINL,2
AVBL,RIFR,RICL,2
AVBL,RIFR,RICR,2
AVBL,RIFR,AIAR,6
AVBL,RICR,ADEL,2
AVBL,RICR,AWBL,2
AVBL,RICR,AWAL,2
AVBL,RICR,ASGL,2
AVBL,RICR,AINL,2
AVBL,RICR,RICL,2
AVBL,RICR,AVEL,6
AVBL,RICR,SMBVL,6
AVBL,RICR,ADLL,4
AVBL,RICR,CEPDL,4
AVBL,RICL,ADEL,2
AVBL,RICL,AWBL,2
AVBL,RICL,AWAL,2
AVBL,RICL,ASGL,2
AVBL,RICL,AINL,2
AVBL,RICL,AVEL,6
AVBL,RICL,RIAL,9
AVBL,RICL,AVER,6
AVBL,RICL,CEPDL,4
AVBL,RICL,URXL,4
AVBL,RICL,BAGR,4
AVBL,RICL,AQR,4
AVBL,RICL,RMFR,4
AVBL,RICL,RMDVL,6
AVBL,RICL,RMDDR,6
AVBL,AINL,ADEL,2
AVBL,AINL,AWBL,2
AVBL,AINL,AWAL,2
AVBL,AINL,ASGL,2
AVBL,AINL,RIAL,6
AVBL,AINL,SMBDL,6
AVBL,ASGL,ADEL,2
AVBL,ASGL,AWBL,2
AVBL,ASGL,AWAL,2
AVBL,ASGL,ADFL,4
AVBL,ASGL,RIMR,4
AVBL,ASGL,DVA,6
AVBL,AWAL,ADEL,2
AVBL,AWAL,AWBL,2
AVBL,AWAL,AIZL,6
AVBL,AWAL,AIYL,6
AVBL,AWAL,PVPR,6
AVBL,AWBL,ADEL,2
AVBL,AWBL,AIBL,6
AVBL,AWBL,SMDDR,4
AVBL,ADEL,AVDL,6
AVBL,ADEL,OLLL,6
AVBL,ADEL,RIGL,6
AVBL,ADEL,SMBVL,6
AVBL,ADEL,AIYL,6
AVBL,ADEL,ALML,4
AVBL,ADEL,PVCL,6
AVBL,ADEL,CEPDR,4
AVBL,ADEL,SMDDL,6
AVBL,ADEL,SMDVL,6
AIBR,RIVL,AFDL,4
AIBR,RIVL,ASKL,4
AIBR,RIVL,URXL,2
AIBR,RIVL,PVCR,2
AIBR,RIVL,IL2DL,2
AIBR,RIVL,AVHR,2
AIBR,RIVL,AIBL,6
AIBR,RIVL,AWCR,6
AIBR,RIVL,BDUL,4
AIBR,RIVL,SAADR,6
AIBR,RIVL,SAAVR,6
AIBR,AVHR,AFDL,4
AIBR,AVHR,ASKL,4
AIBR,AVHR,URXL,2
AIBR,AVHR,PVCR,2
AIBR,AVHR,IL2DL,2
AIBR,AVHR,ADFL,4
AIBR,AVHR,RIR,6
AIBR,IL2DL,AFDL,4
AIBR,IL2DL,ASKL,4
AIBR,IL2DL,URXL,2
AIBR,IL2DL,PVCR,2
AIBR,IL2DL,RIFL,6
AIBR,PVCR,AFDL,4
AIBR,PVCR,ASKL,4
AIBR,PVCR,URXL,2
AIBR,PVCR,ADER,4
AIBR,PVCR,AVDR,6
AIBR,PVCR,RMDVL,6
AIBR,URXL,AFDL,4
AIBR,URXL,ASKL,4
AIBR,URXL,RMDL,6
AIBR,URXL,AIAL,6
AIBR,URXL,CEPDL,4
AIBR,URXL,RICL,6
AIBR,URXL,IL1L,4
AIBR,URXL,SMDVL,6
AIBR,ASKL,AFDL,6
AIBR,ASKL,ADFL,4
AIBR,ASKL,SMBVL,2
AIBR,ASKL,AVDR,4
AIBR,ASKL,AVJL,2
AIBR,AFDL,ADFL,2
AIBR,AFDL,BDUR,2
ASHL,RMED,RIGL,6
ASHL,RMED,AIBL,6
ASHL,RMED,RIBL,6
ASHL,RMED,BDUL,6
ASHL,RMED,IL2L,4
ASHL,RMED,RMEV,6
ASHL,RMED,AVKR,6
ASHL,AVKR,RIGL,6
ASHL,AVKR,AIBL,6
ASHL,AVKR,RIBL,6
ASHL,AVKR,BDUL,6
ASHL,AVKR,IL2L,4
ASHL,AVKR,RMEV,6
ASHL,AVKR,FLPL,2
ASHL,AVKR,AIZL,4
ASHL,AVKR,AIAL,4
ASHL,RMEV,RIGL,6
ASHL,RMEV,AIBL,6
ASHL,RMEV,RIBL,6
ASHL,RMEV,BDUL,6
ASHL,RMEV,IL2L,4
ASHL,RMEV,AIML,2
ASHL,IL2L,RIGL,4
ASHL,IL2L,AIBL,4
ASHL,IL2L,RIBL,7
ASHL,IL2L,BDUL,4
ASHL,IL2L,RIR,6
ASHL,IL2L,AIAL,6
ASHL,IL2L,RIBR,4
ASHL,BDUL,RIGL,6
ASHL,BDUL,AIBL,6
ASHL,BDUL,RIBL,6
ASHL,BDUL,AIAL,2
ASHL,BDUL,AVJL,4
ASHL,BDUL,RIVL,4
ASHL,RIBL,RIGL,6
ASHL,RIBL,AIBL,6
ASHL,RIBL,AIZL,4
ASHL,RIBL,RIAL,4
ASHL,RIBL,AIAL,5
ASHL,RIBL,AWCR,2
ASHL,RIBL,SMDVR,4
ASHL,RIBL,PVCL,2
ASHL,RIBL,CEPDL,4
ASHL,RIBL,SAAVL,2
ASHL,RIBL,BAGR,2
ASHL,RIBL,AQR,2
ASHL,RIBL,AVM,2
ASHL,RIBL,AVFL,4
ASHL,RIBL,RMDVL,4
ASHL,RIBL,RMDR,2
ASHL,RIBL,URYVL,2
ASHL,RIBL,SMDVL,2
ASHL,AIBL,RIGL,7
ASHL,AIBL,FLPL,2
ASHL,AIBL,RIAL,2
ASHL,AIBL,AWBL,2
ASHL,AIBL,AIAL,4
ASHL,AIBL,SMDDR,4
ASHL,AIBL,CEPVL,2
ASHL,AIBL,AQR,2
ASHL,AIBL,FLPR,2
ASHL,AIBL,PVPL,2
ASHL,AIBL,CEPVR,2
ASHL,AIBL,URYDR,2
ASHL,AIBL,RMFL,4
ASHL,AIBL,RIAR,4
ASHL,AIBL,IL1DL,2
ASHL,AIBL,URYDL,4
ASHL,AIBL,RMDR,4
ASHL,AIBL,RIVL,2
ASHL,RIGL,ADEL,2
ASHL,RIGL,AVEL,4
ASHL,RIGL,OLLL,4
ASHL,RIGL,AIZL,2
ASHL,RIGL,AWCL,2
ASHL,RIGL,ASIL,2
ASHL,RIGL,CEPDL,4
ASHL,RIGL,SAAVL,4
ASHL,RIGL,AVHL,2
ASHL,RIGL,AVKL,2
ASHL,RIGL,RMDR,2
ASHL,RIGL,SIADL,4
ADEL,SMDVL,AVDL,6
ADEL,SMDVL,OLLL,7
ADEL,SMDVL,RIGL,6
ADEL,SMDVL,SMBVL,6
ADEL,SMDVL,AIYL,6
ADEL,SMDVL,ALML,4
ADEL,SMDVL,PVCL,6
ADEL,SMDVL,CEPDR,4
ADEL,SMDVL,SMDDL,6
ADEL,SMDVL,AVEL,4
ADEL,SMDVL,AIZL,2
ADEL,SMDVL,RIR,2
ADEL,SMDVL,AWCL,2
ADEL,SMDVL,RIBL,4
ADEL,SMDVL,AVER,4
ADEL,SMDVL,CEPDL,2
ADEL,SMDVL,URXL,2
ADEL,SMDVL,PVPL,2
ADEL,SMDVL,AVHL,2
ADEL,SMDVL,URBL,2
ADEL,SMDVL,IL2VL,2
ADEL,SMDDL,AVDL,6
ADEL,SMDDL,OLLL,6
ADEL,SMDDL,RIGL,6
ADEL,SMDDL,SMBVL,7
ADEL,SMDDL,AIYL,6
ADEL,SMDDL,ALML,4
ADEL,SMDDL,PVCL,7
ADEL,SMDDL,CEPDR,4
ADEL,SMDDL,AVEL,4
ADEL,SMDDL,RIAL,2
ADEL,SMDDL,ADLL,4
ADEL,SMDDL,ASEL,4
ADEL,SMDDL,AWCR,2
ADEL,SMDDL,RIH,2
ADEL,SMDDL,CEPVL,2
ADEL,SMDDL,CEPDL,2
ADEL,SMDDL,BAGR,2
ADEL,SMDDL,AVJL,2
ADEL,SMDDL,URYVR,2
ADEL,SMDDL,OLQDL,2
ADEL,SMDDL,RMDVR,4
ADEL,CEPDR,AVDL,4
ADEL,CEPDR,OLLL,4
ADEL,CEPDR,RIGL,4
ADEL,CEPDR,SMBVL,4
ADEL,CEPDR,AIYL,4
ADEL,CEPDR,ALML,2
ADEL,CEPDR,PVCL,4
ADEL,CEPDR,RMDL,6
ADEL,CEPDR,RMDDR,6
ADEL,PVCL,AVDL,6
ADEL,PVCL,OLLL,6
ADEL,PVCL,RIGL,6
ADEL,PVCL,SMBVL,6
ADEL,PVCL,AIYL,7
ADEL,PVCL,ALML,4
ADEL,PVCL,RIBR,2
ADEL,PVCL,SMDDR,4
ADEL,PVCL,RIBL,4
ADEL,PVCL,RIS,2
ADEL,PVCL,URYDR,2
ADEL,PVCL,AVKL,4
ADEL,ALML,AVDL,4
ADEL,ALML,OLLL,4
ADEL,ALML,RIGL,4
ADEL,ALML,SMBVL,4
ADEL,ALML,AIYL,4
ADEL,ALML,AWCR,6
ADEL,ALML,SMDVR,6
ADEL,ALML,BAGL,4
ADEL,ALML,RMDDL,6
ADEL,AIYL,AVDL,6
ADEL,AIYL,OLLL,6
ADEL,AIYL,RIGL,6
ADEL,AIYL,SMBVL,6
ADEL,AIYL,AVEL,4
ADEL,AIYL,AWAL,2
ADEL,AIYL,RIFL,2
ADEL,AIYL,PVPL,4
ADEL,AIYL,ADLR,2
ADEL,AIYL,RMDVL,4
ADEL,AIYL,URYDL,2
ADEL,SMBVL,AVDL,6
ADEL,SMBVL,OLLL,6
ADEL,SMBVL,RIGL,6
ADEL,SMBVL,ASKL,4
ADEL,SMBVL,SAAVL,2
ADEL,SMBVL,RICR,2
ADEL,SMBVL,RMDVR,4
ADEL,SMBVL,RIVR,2
ADEL,RIGL,AVDL,6
ADEL,RIGL,OLLL,7
ADEL,RIGL,AVEL,4
ADEL,RIGL,AIZL,2
ADEL,RIGL,AWCL,2
ADEL,RIGL,AIBL,4
ADEL,RIGL,ASIL,2
ADEL,RIGL,CEPDL,4
ADEL,RIGL,SAAVL,4
ADEL,RIGL,AVHL,2
ADEL,RIGL,AVKL,2
ADEL,RIGL,RMDR,2
ADEL,RIGL,SIADL,4
ADEL,OLLL,AVDL,6
ADEL,OLLL,AVEL,4
ADEL,OLLL,RIAL,4
ADEL,OLLL,AUAL,4
ADEL,OLLL,SMDDR,2
ADEL,OLLL,DVC,2
ADEL,OLLL,SAAVL,4
ADEL,OLLL,RMDDL,4
ADEL,OLLL,RMDVR,4
ADEL,AVDL,RIAL,2
ADEL,AVDL,AUAL,2
ADEL,AVDL,DVC,2
ADEL,AVDL,RIH,2
ADEL,AVDL,ASHR,2
ADEL,AVDL,OLQDR,2
AVAR,IL1R,AWCR,2
AVAR,IL1R,ASIL,2
AVAR,IL1R,AQR,2
AVAR,IL1R,RMGL,2
AVAR,IL1R,PLNL,2
AVAR,IL1R,SMDVR,4
AVAR,IL1R,IL1L,6
AVAR,PLNL,AWCR,2
AVAR,PLNL,ASIL,2
AVAR,PLNL,AQR,2
AVAR,PLNL,RMGL,2
AVAR,PLNL,PVT,4
AVAR,RMGL,AWCR,2
AVAR,RMGL,ASIL,2
AVAR,RMGL,AQR,2
AVAR,RMGL,AIAL,6
AVAR,RMGL,RMDR,6
AVAR,AQR,AWCR,2
AVAR,AQR,ASIL,2
AVAR,AQR,RIGR,6
AVAR,AQR,SMBDL,6
AVAR,AQR,AIBL,6
AVAR,AQR,RIBL,6
AVAR,AQR,RICL,6
AVAR,ASIL,AWCR,2
AVAR,ASIL,RIGL,6
AVAR,ASIL,AVER,6
AVAR,ASIL,SMBVR,6
AVAR,ASIL,IL1DL,6
AVAR,AWCR,RIBL,6
AVAR,AWCR,ALML,4
AVAR,AWCR,SMDDL,6
AVAR,AWCR,RIVL,4
AVDL,OLQDR,RIAL,2
AVDL,OLQDR,AUAL,2
AVDL,OLQDR,DVC,2
AVDL,OLQDR,RIH,2
AVDL,OLQDR,ASHR,2
AVDL,OLQDR,SAADL,6
AVDL,ASHR,RIAL,2
AVDL,ASHR,AUAL,2
AVDL,ASHR,DVC,2
AVDL,ASHR,RIH,2
AVDL,RIH,RIAL,7
AVDL,RIH,AUAL,2
AVDL,RIH,DVC,2
AVDL,RIH,RMDL,6
AVDL,RIH,AIAL,6
AVDL,RIH,CEPVL,4
AVDL,RIH,RIAR,6
AVDL,RIH,URADL,6
AVDL,RIH,SMDDL,6
AVDL,DVC,RIAL,2
AVDL,DVC,AUAL,2
AVDL,DVC,OLLL,6
AVDL,DVC,AUAR,6
AVDL,DVC,RMEL,6
AVDL,AUAL,RIAL,2
AVDL,AUAL,OLLL,4
AVDL,AUAL,FLPL,4
AVDL,AUAL,RIMR,4
AVDL,AUAL,SAAVL,6
AVDL,AUAL,RIAR,4
AVDL,AUAL,RMDVL,6
AVDL,RIAL,RMDL,6
AVDL,RIAL,OLLL,4
AVDL,RIAL,FLPL,4
AVDL,RIAL,RIR,4
AVDL,RIAL,AIBL,6
AVDL,RIAL,AIAL,4
AVDL,RIAL,ASEL,4
AVDL,RIAL,RIMR,6
AVDL,RIAL,AINL,4
AVDL,RIAL,BAGL,9
AVDL,RIAL,RIBL,4
AVDL,RIAL,CEPVL,4
AVDL,RIAL,CEPDL,4
AVDL,RIAL,ALNL,4
AVDL,RIAL,RICL,9
AVDL,RIAL,AVM,4
AVDL,RIAL,RMFR,4
AVDL,RIAL,RMFL,9
AVDL,RIAL,IL1VL,9
AVDL,RIAL,URAVL,6
AVDL,RIAL,URYVL,4
AVDL,RIAL,SMDDL,6
AVDL,RIAL,SIAVR,6
AVDL,RIAL,RMHL,6
RMDL,IL2VL,AIZL,2
RMDL,IL2VL,RIAL,2
RMDL,IL2VL,AWCL,5
RMDL,IL2VL,AIML,2
RMDL,IL2VL,PVQL,4
RMDL,IL2VL,SAADL,2
RMDL,IL2VL,AIZR,2
RMDL,IL2VL,RIH,2
RMDL,IL2VL,CEPDL,2
RMDL,IL2VL,URXL,2
RMDL,IL2VL,CEPDR,2
RMDL,IL2VL,RIS,2
RMDL,IL2VL,AVFR,2
RMDL,IL2VL,URADL,4
RMDL,IL2VL,AVEL,6
RMDL,IL2VL,SMDDR,6
RMDL,IL2VL,BAGL,6
RMDL,IL2VL,SMDVL,6
RMDL,URADL,AIZL,4
RMDL,URADL,RIAL,4
RMDL,URADL,AWCL,9
RMDL,URADL,AIML,4
RMDL,URADL,PVQL,6
RMDL,URADL,SAADL,4
RMDL,URADL,AIZR,4
RMDL,URADL,RIH,7
RMDL,URADL,CEPDL,4
RMDL,URADL,URXL,4
RMDL,URADL,CEPDR,4
RMDL,URADL,RIS,4
RMDL,URADL,AVFR,4
RMDL,AVFR,AIZL,2
RMDL,AVFR,RIAL,2
RMDL,AVFR,AWCL,5
RMDL,AVFR,AIML,2
RMDL,AVFR,PVQL,4
RMDL,AVFR,SAADL,2
RMDL,AVFR,AIZR,2
RMDL,AVFR,RIH,2
RMDL,AVFR,CEPDL,2
RMDL,AVFR,URXL,2
RMDL,AVFR,CEPDR,2
RMDL,AVFR,RIS,2
RMDL,AVFR,IL1L,4
RMDL,RIS,AIZL,2
RMDL,RIS,RIAL,2
RMDL,RIS,AWCL,5
RMDL,RIS,AIML,7
RMDL,RIS,PVQL,4
RMDL,RIS,SAADL,2
RMDL,RIS,AIZR,2
RMDL,RIS,RIH,2
RMDL,RIS,CEPDL,2
RMDL,RIS,URXL,2
RMDL,RIS,CEPDR,2
RMDL,RIS,AVEL,6
RMDL,RIS,RIBR,6
RMDL,RIS,ASJL,4
RMDL,RIS,BAGL,6
RMDL,RIS,PVCL,6
RMDL,CEPDR,AIZL,2
RMDL,CEPDR,RIAL,2
RMDL,CEPDR,AWCL,5
RMDL,CEPDR,AIML,2
RMDL,CEPDR,PVQL,4
RMDL,CEPDR,SAADL,2
RMDL,CEPDR,AIZR,2
RMDL,CEPDR,RIH,2
RMDL,CEPDR,CEPDL,2
RMDL,CEPDR,URXL,2
RMDL,CEPDR,RMDDR,6
RMDL,URXL,AIZL,2
RMDL,URXL,RIAL,2
RMDL,URXL,AWCL,5
RMDL,URXL,AIML,2
RMDL,URXL,PVQL,4
RMDL,URXL,SAADL,2
RMDL,URXL,AIZR,2
RMDL,URXL,RIH,2
RMDL,URXL,CEPDL,7
RMDL,URXL,AIAL,6
RMDL,URXL,RICL,6
RMDL,URXL,IL1L,4
RMDL,URXL,SMDVL,6
RMDL,CEPDL,AIZL,2
RMDL,CEPDL,RIAL,7
RMDL,CEPDL,AWCL,5
RMDL,CEPDL,AIML,2
RMDL,CEPDL,PVQL,4
RMDL,CEPDL,SAADL,2
RMDL,CEPDL,AIZR,2
RMDL,CEPDL,RIH,2
RMDL,CEPDL,RIGL,4
RMDL,CEPDL,RIBL,4
RMDL,CEPDL,PVPR,4
RMDL,CEPDL,RICL,6
RMDL,CEPDL,RICR,6
RMDL,CEPDL,AVJL,6
RMDL,CEPDL,URAVL,6
RMDL,CEPDL,SMDDL,6
RMDL,CEPDL,SMDVL,6
RMDL,RIH,AIZL,2
RMDL,RIH,RIAL,7
RMDL,RIH,AWCL,5
RMDL,RIH,AIML,2
RMDL,RIH,PVQL,4
RMDL,RIH,SAADL,2
RMDL,RIH,AIZR,2
RMDL,RIH,AIAL,6
RMDL,RIH,CEPVL,4
RMDL,RIH,RIAR,6
RMDL,RIH,SMDDL,6
RMDL,AIZR,AIZL,2
RMDL,AIZR,RIAL,2
RMDL,AIZR,AWCL,5
RMDL,AIZR,AIML,2
RMDL,AIZR,PVQL,4
RMDL,AIZR,SAADL,2
RMDL,SAADL,AIZL,7
RMDL,SAADL,RIAL,2
RMDL,SAADL,AWCL,5
RMDL,SAADL,AIML,2
RMDL,SAADL,PVQL,4
RMDL,SAADL,SMBDL,6
RMDL,SAADL,RIFL,4
RMDL,SAADL,RIBR,6
RMDL,SAADL,BAGL,4
RMDL,SAADL,ASIR,4
RMDL,SAADL,IL1L,6
RMDL,SAADL,OLQDR,4
RMDL,PVQL,AIZL,11
RMDL,PVQL,RIAL,4
RMDL,PVQL,AWCL,9
RMDL,PVQL,AIML,4
RMDL,PVQL,AVER,4
RMDL,AIML,AIZL,2
RMDL,AIML,RIAL,2
RMDL,AIML,AWCL,5
RMDL,AIML,AIAL,6
RMDL,AIML,OLQDL,6
RMDL,AIML,RMEV,6
RMDL,AWCL,AIZL,14
RMDL,AWCL,RIAL,5
RMDL,AWCL,RIGL,9
RMDL,AWCL,SAAVL,5
RMDL,AWCL,AVHL,5
RMDL,AWCL,RMDDL,9
RMDL,AWCL,SMDVL,9
RMDL,RIAL,AIZL,2
RMDL,RIAL,OLLL,4
RMDL,RIAL,FLPL,4
RMDL,RIAL,RIR,4
RMDL,RIAL,AIBL,6
RMDL,RIAL,AIAL,4
RMDL,RIAL,ASEL,4
RMDL,RIAL,RIMR,6
RMDL,RIAL,AINL,4
RMDL,RIAL,BAGL,9
RMDL,RIAL,RIBL,4
RMDL,RIAL,CEPVL,4
RMDL,RIAL,ALNL,4
RMDL,RIAL,RICL,9
RMDL,RIAL,AVM,4
RMDL,RIAL,RMFR,4
RMDL,RIAL,RMFL,9
RMDL,RIAL,IL1VL,9
RMDL,RIAL,URAVL,6
RMDL,RIAL,URYVL,4
RMDL,RIAL,SMDDL,6
RMDL,RIAL,SIAVR,6
RMDL,RIAL,RMHL,6
RMDL,AIZL,RIGL,6
RMDL,AIZL,RIR,4
RMDL,AIZL,AWAL,4
RMDL,AIZL,RIBL,4
RMDL,AIZL,SMBDR,4
RMDL,AIZL,OLQDL,6
RMDL,AIZL,RMDDL,6
RMDL,AIZL,SMDVL,6
RMDL,AIZL,AVKR,4
ADER,RMEL,BAGL,4
ADER,RMEL,PVCR,6
ADER,RMEL,ASEL,2
ADER,RMEL,DVC,2
ADER,PVCR,BAGL,4
ADER,PVCR,AVDR,4
ADER,PVCR,RMDVL,4
ADER,BAGL,RIAL,9
ADER,BAGL,SAADL,6
ADER,BAGL,ALML,6
ADER,BAGL,RIS,4
ADER,BAGL,PVT,4
ADER,BAGL,IL2VL,4
ADER,BAGL,RMDDR,6
RIGR,RMDVL,SMDDR,6
RIGR,RMDVL,DVA,4
RIGR,RMDVL,AQR,4
RIGR,RMDVL,AUAL,2
RIGR,RMDVL,ADLL,2
RIGR,RMDVL,AIYL,2
RIGR,RMDVL,RIBL,2
RIGR,RMDVL,CEPVL,2
RIGR,RMDVL,RICL,2
RIGR,RMDVL,PVPL,2
RIGR,RMDVL,PVCR,2
RIGR,RMDVL,AVJL,2
RIGR,RMDVL,RIAR,2
RIGR,RMDVL,RMHR,2
RIGR,RMDVL,IL1L,2
RIGR,RMDVL,RMDDR,2
RIGR,RMDVL,SIAVL,4
RIGR,AQR,SMDDR,4
RIGR,AQR,DVA,2
RIGR,AQR,SMBDL,6
RIGR,AQR,AIBL,6
RIGR,AQR,RIBL,6
RIGR,AQR,RICL,6
RIGR,DVA,SMDDR,4
RIGR,DVA,SMBDL,6
RIGR,DVA,ASGL,4
RIGR,SMDDR,OLLL,4
RIGR,SMDDR,AWBL,4
RIGR,SMDDR,ADLL,2
RIGR,SMDDR,AIBL,2
RIGR,SMDDR,PVCL,2
RIGR,SMDDR,SAAVL,2
RIGR,SMDDR,IL2VL,2
RIGR,SMDDR,OLQVR,2
RIGR,SMDDR,ALNR,2
AVEL,RMHL,OLLL,2
AVEL,RMHL,RIGL,2
AVEL,RMHL,ADFL,2
AVEL,RMHL,AIAL,2
AVEL,RMHL,AIYL,2
AVEL,RMHL,RICL,2
AVEL,RMHL,FLPR,2
AVEL,RMHL,RICR,2
AVEL,RMHL,RIS,2
AVEL,RMHL,AVKL,2
AVEL,RMHL,SAADR,2
AVEL,RMHL,RIAR,2
AVEL,RMHL,IL2VL,2
AVEL,RMHL,SMDDL,2
AVEL,RMHL,SMDVL,2
AVEL,RMHL,RIAL,4
AVEL,SMDVL,OLLL,7
AVEL,SMDVL,RIGL,2
AVEL,SMDVL,ADFL,2
AVEL,SMDVL,AIAL,2
AVEL,SMDVL,AIYL,2
AVEL,SMDVL,RICL,2
AVEL,SMDVL,FLPR,2
AVEL,SMDVL,RICR,2
AVEL,SMDVL,RIS,2
AVEL,SMDVL,AVKL,2
AVEL,SMDVL,SAADR,2
AVEL,SMDVL,RIAR,2
AVEL,SMDVL,IL2VL,7
AVEL,SMDVL,SMDDL,2
AVEL,SMDVL,AIZL,4
AVEL,SMDVL,RIR,4
AVEL,SMDVL,AWCL,4
AVEL,SMDVL,RIBL,6
AVEL,SMDVL,AVER,6
AVEL,SMDVL,CEPDL,4
AVEL,SMDVL,URXL,4
AVEL,SMDVL,PVPL,4
AVEL,SMDVL,AVHL,4
AVEL,SMDVL,URBL,4
AVEL,SMDDL,OLLL,2
AVEL,SMDDL,RIGL,2
AVEL,SMDDL,ADFL,2
AVEL,SMDDL,AIAL,2
AVEL,SMDDL,AIYL,2
AVEL,SMDDL,RICL,2
AVEL,SMDDL,FLPR,2
AVEL,SMDDL,RICR,2
AVEL,SMDDL,RIS,2
AVEL,SMDDL,AVKL,2
AVEL,SMDDL,SAADR,2
AVEL,SMDDL,RIAR,2
AVEL,SMDDL,IL2VL,2
AVEL,SMDDL,SMBVL,4
AVEL,SMDDL,RIAL,4
AVEL,SMDDL,ADLL,6
AVEL,SMDDL,ASEL,6
AVEL,SMDDL,AWCR,4
AVEL,SMDDL,RIH,4
AVEL,SMDDL,CEPVL,4
AVEL,SMDDL,PVCL,4
AVEL,SMDDL,CEPDL,4
AVEL,SMDDL,BAGR,4
AVEL,SMDDL,AVJL,4
AVEL,SMDDL,URYVR,4
AVEL,SMDDL,OLQDL,4
AVEL,SMDDL,RMDVR,6
AVEL,IL2VL,OLLL,2
AVEL,IL2VL,RIGL,2
AVEL,IL2VL,ADFL,2
AVEL,IL2VL,AIAL,2
AVEL,IL2VL,AIYL,2
AVEL,IL2VL,RICL,2
AVEL,IL2VL,FLPR,2
AVEL,IL2VL,RICR,2
AVEL,IL2VL,RIS,2
AVEL,IL2VL,AVKL,2
AVEL,IL2VL,SAADR,2
AVEL,IL2VL,RIAR,2
AVEL,IL2VL,SMDDR,6
AVEL,IL2VL,BAGL,6
AVEL,RIAR,OLLL,2
AVEL,RIAR,RIGL,2
AVEL,RIAR,ADFL,2
AVEL,RIAR,AIAL,7
AVEL,RIAR,AIYL,2
AVEL,RIAR,RICL,2
AVEL,RIAR,FLPR,2
AVEL,RIAR,RICR,2
AVEL,RIAR,RIS,2
AVEL,RIAR,AVKL,2
AVEL,RIAR,SAADR,2
AVEL,RIAR,AUAL,6
AVEL,RIAR,ADLL,4
AVEL,RIAR,AIBL,4
AVEL,RIAR,ASJL,4
AVEL,RIAR,RIH,4
AVEL,RIAR,PVPL,4
AVEL,RIAR,RMDVL,6
AVEL,RIAR,IL1DL,6
AVEL,RIAR,OLQVL,4
AVEL,SAADR,OLLL,2
AVEL,SAADR,RIGL,2
AVEL,SAADR,ADFL,2
AVEL,SAADR,AIAL,2
AVEL,SAADR,AIYL,2
AVEL,SAADR,RICL,2
AVEL,SAADR,FLPR,2
AVEL,SAADR,RICR,2
AVEL,SAADR,RIS,2
AVEL,SAADR,AVKL,7
AVEL,SAADR,RIVR,4
AVEL,SAADR,RIVL,4
AVEL,AVKL,OLLL,2
AVEL,AVKL,RIGL,7
AVEL,AVKL,ADFL,7
AVEL,AVKL,AIAL,2
AVEL,AVKL,AIYL,2
AVEL,AVKL,RICL,2
AVEL,AVKL,FLPR,2
AVEL,AVKL,RICR,2
AVEL,AVKL,RIS,2
AVEL,AVKL,PVCL,4
AVEL,AVKL,OLQDL,4
AVEL,AVKL,URBL,4
AVEL,AVKL,RMER,6
AVEL,RIS,OLLL,2
AVEL,RIS,RIGL,2
AVEL,RIS,ADFL,2
AVEL,RIS,AIAL,2
AVEL,RIS,AIYL,2
AVEL,RIS,RICL,2
AVEL,RIS,FLPR,2
AVEL,RIS,RICR,2
AVEL,RIS,AIML,6
AVEL,RIS,RIBR,6
AVEL,RIS,ASJL,4
AVEL,RIS,BAGL,6
AVEL,RIS,PVCL,6
AVEL,RICR,OLLL,2
AVEL,RICR,RIGL,2
AVEL,RICR,ADFL,2
AVEL,RICR,AIAL,2
AVEL,RICR,AIYL,2
AVEL,RICR,RICL,2
AVEL,RICR,FLPR,2
AVEL,RICR,SMBVL,6
AVEL,RICR,ADLL,4
AVEL,RICR,CEPDL,4
AVEL,RICR,RMFL,4
AVEL,FLPR,OLLL,2
AVEL,FLPR,RIGL,2
AVEL,FLPR,ADFL,2
AVEL,FLPR,AIAL,2
AVEL,FLPR,AIYL,2
AVEL,FLPR,RICL,2
AVEL,FLPR,AIBL,6
AVEL,RICL,OLLL,2
AVEL,RICL,RIGL,2
AVEL,RICL,ADFL,2
AVEL,RICL,AIAL,2
AVEL,RICL,AIYL,2
AVEL,RICL,RIAL,9
AVEL,RICL,AVER,6
AVEL,RICL,CEPDL,4
AVEL,RICL,URXL,4
AVEL,RICL,BAGR,4
AVEL,RICL,AQR,4
AVEL,RICL,RMFR,4
AVEL,RICL,RMDVL,6
AVEL,RICL,RMDDR,6
AVEL,AIYL,OLLL,2
AVEL,AIYL,RIGL,2
AVEL,AIYL,ADFL,2
AVEL,AIYL,AIAL,2
AVEL,AIYL,AWAL,4
AVEL,AIYL,RIFL,4
AVEL,AIYL,PVCL,6
AVEL,AIYL,PVPL,6
AVEL,AIYL,ADLR,4
AVEL,AIYL,RMDVL,6
AVEL,AIYL,URYDL,4
AVEL,AIAL,OLLL,2
AVEL,AIAL,RIGL,2
AVEL,AIAL,ADFL,2
AVEL,AIAL,RIAL,6
AVEL,AIAL,ADLL,4
AVEL,AIAL,AIBL,4
AVEL,AIAL,AIML,4
AVEL,AIAL,RIBL,9
AVEL,AIAL,RIH,4
AVEL,AIAL,BDUL,6
AVEL,AIAL,URXL,4
AVEL,AIAL,CEPVR,4
AVEL,AIAL,RMGL,4
AVEL,AIAL,IL2L,4
AVEL,AIAL,AVKR,4
AVEL,ADFL,OLLL,2
AVEL,ADFL,RIGL,2
AVEL,ADFL,ASEL,4
AVEL,ADFL,AFDL,6
AVEL,ADFL,ASKL,4
AVEL,ADFL,ASGL,6
AVEL,ADFL,AVER,6
AVEL,ADFL,AVHR,6
AVEL,RIGL,OLLL,7
AVEL,RIGL,AIZL,4
AVEL,RIGL,AWCL,4
AVEL,RIGL,AIBL,6
AVEL,RIGL,ASIL,4
AVEL,RIGL,CEPDL,6
AVEL,RIGL,SAAVL,6
AVEL,RIGL,AVHL,4
AVEL,RIGL,RMDR,4
AVEL,RIGL,SIADL,6
AVEL,OLLL,RIAL,6
AVEL,OLLL,AUAL,6
AVEL,OLLL,SMDDR,4
AVEL,OLLL,DVC,4
AVEL,OLLL,SAAVL,6
AVEL,OLLL,RMDDL,6
AVEL,OLLL,RMDVR,6
OLLL,SMDVL,RIGL,4
OLLL,SMDVL,RIAL,6
OLLL,SMDVL,AUAL,6
OLLL,SMDVL,SMDDR,4
OLLL,SMDVL,DVC,4
OLLL,SMDVL,SAAVL,6
OLLL,SMDVL,RMDDL,6
OLLL,SMDVL,RMDVR,6
OLLL,SMDVL,AIZL,2
OLLL,SMDVL,RIR,2
OLLL,SMDVL,AWCL,2
OLLL,SMDVL,RIBL,4
OLLL,SMDVL,AVER,4
OLLL,SMDVL,CEPDL,2
OLLL,SMDVL,URXL,2
OLLL,SMDVL,PVPL,2
OLLL,SMDVL,AVHL,2
OLLL,SMDVL,URBL,2
OLLL,SMDVL,IL2VL,2
OLLL,RMDVR,RIGL,4
OLLL,RMDVR,RIAL,6
OLLL,RMDVR,AUAL,6
OLLL,RMDVR,SMDDR,4
OLLL,RMDVR,DVC,4
OLLL,RMDVR,SAAVL,6
OLLL,RMDVR,RMDDL,6
OLLL,RMDVR,SMBVL,2
OLLL,RMDVR,IL1DL,2
OLLL,RMDVR,URAVL,2
OLLL,RMDVR,URYVL,2
OLLL,RMDVR,SMDDL,2
OLLL,RMDDL,RIGL,4
OLLL,RMDDL,RIAL,6
OLLL,RMDDL,AUAL,6
OLLL,RMDDL,SMDDR,4
OLLL,RMDDL,DVC,4
OLLL,RMDDL,SAAVL,6
OLLL,RMDDL,FLPL,2
OLLL,RMDDL,AIZL,2
OLLL,RMDDL,AWCL,2
OLLL,RMDDL,AINR,2
OLLL,RMDDL,RIFL,2
OLLL,RMDDL,RIMR,2
OLLL,RMDDL,ADAR,2
OLLL,RMDDL,ALML,2
OLLL,SAAVL,RIGL,7
OLLL,SAAVL,RIAL,6
OLLL,SAAVL,AUAL,7
OLLL,SAAVL,SMDDR,11
OLLL,SAAVL,DVC,4
OLLL,SAAVL,SMBVL,4
OLLL,SAAVL,AWCL,4
OLLL,SAAVL,RIBL,4
OLLL,SAAVL,CEPVL,2
OLLL,DVC,RIGL,2
OLLL,DVC,RIAL,4
OLLL,DVC,AUAL,4
OLLL,DVC,SMDDR,2
OLLL,DVC,AUAR,6
OLLL,DVC,RMEL,6
OLLL,SMDDR,RIGL,2
OLLL,SMDDR,RIAL,4
OLLL,SMDDR,AUAL,4
OLLL,SMDDR,AWBL,6
OLLL,SMDDR,ADLL,4
OLLL,SMDDR,AIBL,4
OLLL,SMDDR,PVCL,4
OLLL,SMDDR,IL2VL,4
OLLL,SMDDR,OLQVR,4
OLLL,SMDDR,ALNR,4
OLLL,AUAL,RIGL,4
OLLL,AUAL,RIAL,6
OLLL,AUAL,FLPL,2
OLLL,AUAL,RIMR,2
OLLL,AUAL,RIAR,2
OLLL,AUAL,RMDVL,4
OLLL,RIAL,RIGL,4
OLLL,RIAL,FLPL,2
OLLL,RIAL,RIR,2
OLLL,RIAL,AIBL,4
OLLL,RIAL,AIAL,2
OLLL,RIAL,ASEL,2
OLLL,RIAL,RIMR,4
OLLL,RIAL,AINL,2
OLLL,RIAL,BAGL,5
OLLL,RIAL,RIBL,2
OLLL,RIAL,RIH,4
OLLL,RIAL,CEPVL,2
OLLL,RIAL,CEPDL,2
OLLL,RIAL,ALNL,2
OLLL,RIAL,RICL,5
OLLL,RIAL,AVM,2
OLLL,RIAL,RMFR,2
OLLL,RIAL,RMFL,5
OLLL,RIAL,IL1VL,5
OLLL,RIAL,URAVL,4
OLLL,RIAL,URYVL,2
OLLL,RIAL,SMDDL,4
OLLL,RIAL,SIAVR,4
OLLL,RIAL,RMHL,4
OLLL,RIGL,AIZL,4
OLLL,RIGL,AWCL,4
OLLL,RIGL,AIBL,6
OLLL,RIGL,ASIL,4
OLLL,RIGL,CEPDL,6
OLLL,RIGL,AVHL,4
OLLL,RIGL,AVKL,4
OLLL,RIGL,RMDR,4
OLLL,RIGL,SIADL,6
RIGL,SIADL,AIZL,4
RIGL,SIADL,AWCL,4
RIGL,SIADL,AIBL,6
RIGL,SIADL,ASIL,4
RIGL,SIADL,CEPDL,6
RIGL,SIADL,SAAVL,6
RIGL,SIADL,AVHL,4
RIGL,SIADL,AVKL,4
RIGL,SIADL,RMDR,4
RIGL,RMDR,AIZL,2
RIGL,RMDR,AWCL,2
RIGL,RMDR,AIBL,11
RIGL,RMDR,ASIL,2
RIGL,RMDR,CEPDL,4
RIGL,RMDR,SAAVL,4
RIGL,RMDR,AVHL,2
RIGL,RMDR,AVKL,2
RIGL,RMDR,SMDVR,4
RIGL,RMDR,RIBL,6
RIGL,RMDR,AVM,4
RIGL,RMDR,RMGL,4
RIGL,RMDR,URYVR,4
RIGL,RMDR,IL1VL,4
RIGL,RMDR,IL1L,4
RIGL,AVKL,AIZL,2
RIGL,AVKL,AWCL,2
RIGL,AVKL,AIBL,4
RIGL,AVKL,ASIL,2
RIGL,AVKL,CEPDL,4
RIGL,AVKL,SAAVL,4
RIGL,AVKL,AVHL,2
RIGL,AVKL,ADFL,4
RIGL,AVKL,PVCL,4
RIGL,AVKL,SAADR,4
RIGL,AVKL,OLQDL,4
RIGL,AVKL,URBL,4
RIGL,AVKL,RMER,6
RIGL,AVHL,AIZL,2
RIGL,AVHL,AWCL,7
RIGL,AVHL,AIBL,4
RIGL,AVHL,ASIL,2
RIGL,AVHL,CEPDL,4
RIGL,AVHL,SAAVL,4
RIGL,AVHL,URYDL,4
RIGL,AVHL,SMDVL,6
RIGL,SAAVL,AIZL,4
RIGL,SAAVL,AWCL,11
RIGL,SAAVL,AIBL,6
RIGL,SAAVL,ASIL,4
RIGL,SAAVL,CEPDL,6
RIGL,SAAVL,SMBVL,4
RIGL,SAAVL,AUAL,2
RIGL,SAAVL,SMDDR,4
RIGL,SAAVL,RIBL,4
RIGL,SAAVL,CEPVL,2
RIGL,CEPDL,AIZL,4
RIGL,CEPDL,AWCL,4
RIGL,CEPDL,AIBL,6
RIGL,CEPDL,ASIL,4
RIGL,CEPDL,RIAL,4
RIGL,CEPDL,RIBL,2
RIGL,CEPDL,URXL,4
RIGL,CEPDL,PVPR,2
RIGL,CEPDL,RICL,4
RIGL,CEPDL,RICR,4
RIGL,CEPDL,AVJL,4
RIGL,CEPDL,URAVL,4
RIGL,CEPDL,SMDDL,4
RIGL,CEPDL,SMDVL,4
RIGL,ASIL,AIZL,2
RIGL,ASIL,AWCL,2
RIGL,ASIL,AIBL,4
RIGL,ASIL,AVER,6
RIGL,ASIL,SMBVR,6
RIGL,ASIL,IL1DL,6
RIGL,AIBL,AIZL,4
RIGL,AIBL,AWCL,4
RIGL,AIBL,FLPL,2
RIGL,AIBL,RIAL,2
RIGL,AIBL,AWBL,2
RIGL,AIBL,AIAL,4
RIGL,AIBL,SMDDR,4
RIGL,AIBL,CEPVL,2
RIGL,AIBL,AQR,2
RIGL,AIBL,FLPR,2
RIGL,AIBL,PVPL,2
RIGL,AIBL,CEPVR,2
RIGL,AIBL,URYDR,2
RIGL,AIBL,RMFL,4
RIGL,AIBL,RIAR,4
RIGL,AIBL,IL1DL,2
RIGL,AIBL,URYDL,4
RIGL,AIBL,RIVL,2
RIGL,AWCL,AIZL,13
RIGL,AWCL,RMDDL,6
RIGL,AWCL,SMDVL,6
RIGL,AIZL,RIR,4
RIGL,AIZL,AWAL,4
RIGL,AIZL,PVQL,4
RIGL,AIZL,SAADL,6
RIGL,AIZL,RIBL,4
RIGL,AIZL,SMBDR,4
RIGL,AIZL,OLQDL,6
RIGL,AIZL,RMDDL,6
RIGL,AIZL,SMDVL,6
RIGL,AIZL,AVKR,4
FLPL,AVKR,RIAL,6
FLPL,AVKR,AUAL,6
FLPL,AVKR,AIBL,6
FLPL,AVKR,RMDDL,6
FLPL,AVKR,RMER,6
FLPL,AVKR,AIZL,4
FLPL,AVKR,AIAL,4
FLPL,RMER,RIAL,6
FLPL,RMER,AUAL,6
FLPL,RMER,AIBL,6
FLPL,RMER,RMDDL,6
FLPL,RMER,AVKL,2
FLPL,RMDDL,RIAL,6
FLPL,RMDDL,AUAL,6
FLPL,RMDDL,AIBL,6
FLPL,RMDDL,AIZL,2
FLPL,RMDDL,AWCL,2
FLPL,RMDDL,AINR,2
FLPL,RMDDL,RIFL,2
FLPL,RMDDL,RIMR,2
FLPL,RMDDL,ADAR,2
FLPL,RMDDL,ALML,2
FLPL,AIBL,RIAL,7
FLPL,AIBL,AUAL,6
FLPL,AIBL,AWBL,2
FLPL,AIBL,AIAL,4
FLPL,AIBL,SMDDR,4
FLPL,AIBL,CEPVL,2
FLPL,AIBL,AQR,2
FLPL,AIBL,FLPR,2
FLPL,AIBL,PVPL,2
FLPL,AIBL,CEPVR,2
FLPL,AIBL,URYDR,2
FLPL,AIBL,RMFL,4
FLPL,AIBL,RIAR,4
FLPL,AIBL,IL1DL,2
FLPL,AIBL,URYDL,4
FLPL,AIBL,RMDR,4
FLPL,AIBL,RIVL,2
FLPL,AUAL,RIAL,6
FLPL,AUAL,RIMR,2
FLPL,AUAL,SAAVL,4
FLPL,AUAL,RIAR,2
FLPL,AUAL,RMDVL,4
FLPL,RIAL,RIR,2
FLPL,RIAL,AIAL,2
FLPL,RIAL,ASEL,2
FLPL,RIAL,RIMR,4
FLPL,RIAL,AINL,2
FLPL,RIAL,BAGL,5
FLPL,RIAL,RIBL,2
FLPL,RIAL,RIH,4
FLPL,RIAL,CEPVL,2
FLPL,RIAL,CEPDL,2
FLPL,RIAL,ALNL,2
FLPL,RIAL,RICL,5
FLPL,RIAL,AVM,2
FLPL,RIAL,RMFR,2
FLPL,RIAL,RMFL,5
FLPL,RIAL,IL1VL,5
FLPL,RIAL,URAVL,4
FLPL,RIAL,URYVL,2
FLPL,RIAL,SMDDL,4
FLPL,RIAL,SIAVR,4
FLPL,RIAL,RMHL,4
ADFL,AVHR,ASEL,4
ADFL,AVHR,AFDL,6
ADFL,AVHR,ASKL,4
ADFL,AVHR,ASGL,6
ADFL,AVHR,AVER,6
ADFL,AVHR,AVKL,6
ADFL,AVHR,RIR,4
ADFL,AVKL,ASEL,4
ADFL,AVKL,AFDL,6
ADFL,AVKL,ASKL,4
ADFL,AVKL,ASGL,6
ADFL,AVKL,AVER,6
ADFL,AVKL,PVCL,2
ADFL,AVKL,SAADR,2
ADFL,AVKL,OLQDL,2
ADFL,AVKL,URBL,2
ADFL,AVKL,RMER,4
ADFL,AVER,ASEL,4
ADFL,AVER,AFDL,6
ADFL,AVER,ASKL,4
ADFL,AVER,ASGL,6
ADFL,AVER,ADLL,2
ADFL,AVER,ASIL,2
ADFL,AVER,PVQL,2
ADFL,AVER,CEPVL,2
ADFL,AVER,RICL,2
ADFL,AVER,URYDL,2
ADFL,AVER,IL1VL,2
ADFL,AVER,SMDVL,2
ADFL,ASGL,ASEL,4
ADFL,ASGL,AFDL,6
ADFL,ASGL,ASKL,4
ADFL,ASGL,RIMR,2
ADFL,ASGL,DVA,4
ADFL,ASKL,ASEL,2
ADFL,ASKL,AFDL,4
ADFL,ASKL,SMBVL,4
ADFL,ASKL,AVDR,6
ADFL,ASKL,AVJL,4
ADFL,AFDL,ASEL,4
ADFL,AFDL,BDUR,2
ADFL,ASEL,RIAL,6
ADFL,ASEL,CEPVL,4
ADFL,ASEL,PVT,4
ADFL,ASEL,RMEL,6
ADFL,ASEL,SMDDL,4
AIZL,AVKR,RIR,2
AIZL,AVKR,AWCL,5
AIZL,AVKR,AWAL,2
AIZL,AVKR,PVQL,2
AIZL,AVKR,SAADL,4
AIZL,AVKR,RIBL,2
AIZL,AVKR,SMBDR,2
AIZL,AVKR,OLQDL,4
AIZL,AVKR,RMDDL,4
AIZL,AVKR,SMDVL,4
AIZL,AVKR,AIAL,6
AIZL,SMDVL,RIR,7
AIZL,SMDVL,AWCL,13
AIZL,SMDVL,AWAL,4
AIZL,SMDVL,PVQL,4
AIZL,SMDVL,SAADL,6
AIZL,SMDVL,RIBL,11
AIZL,SMDVL,SMBDR,4
AIZL,SMDVL,OLQDL,6
AIZL,SMDVL,RMDDL,6
AIZL,SMDVL,AVER,4
AIZL,SMDVL,CEPDL,2
AIZL,SMDVL,URXL,2
AIZL,SMDVL,PVPL,2
AIZL,SMDVL,AVHL,2
AIZL,SMDVL,URBL,2
AIZL,SMDVL,IL2VL,2
AIZL,RMDDL,RIR,4
AIZL,RMDDL,AWCL,13
AIZL,RMDDL,AWAL,4
AIZL,RMDDL,PVQL,4
AIZL,RMDDL,SAADL,6
AIZL,RMDDL,RIBL,4
AIZL,RMDDL,SMBDR,4
AIZL,RMDDL,OLQDL,6
AIZL,RMDDL,AINR,2
AIZL,RMDDL,RIFL,2
AIZL,RMDDL,RIMR,2
AIZL,RMDDL,ADAR,2
AIZL,RMDDL,ALML,2
AIZL,OLQDL,RIR,4
AIZL,OLQDL,AWCL,9
AIZL,OLQDL,AWAL,4
AIZL,OLQDL,PVQL,4
AIZL,OLQDL,SAADL,6
AIZL,OLQDL,RIBL,4
AIZL,OLQDL,SMBDR,4
AIZL,OLQDL,AIML,2
AIZL,OLQDL,AVKL,4
AIZL,OLQDL,SMDDL,4
AIZL,SMBDR,RIR,2
AIZL,SMBDR,AWCL,5
AIZL,SMBDR,AWAL,2
AIZL,SMBDR,PVQL,2
AIZL,SMBDR,SAADL,4
AIZL,SMBDR,RIBL,2
AIZL,SMBDR,ADAR,4
AIZL,RIBL,RIR,2
AIZL,RIBL,AWCL,5
AIZL,RIBL,AWAL,2
AIZL,RIBL,PVQL,2
AIZL,RIBL,SAADL,4
AIZL,RIBL,RIAL,6
AIZL,RIBL,AIAL,9
AIZL,RIBL,AWCR,4
AIZL,RIBL,SMDVR,6
AIZL,RIBL,PVCL,4
AIZL,RIBL,CEPDL,6
AIZL,RIBL,SAAVL,4
AIZL,RIBL,BAGR,4
AIZL,RIBL,AQR,4
AIZL,RIBL,AVM,4
AIZL,RIBL,AVFL,6
AIZL,RIBL,RMDVL,6
AIZL,RIBL,RMDR,4
AIZL,RIBL,IL2L,4
AIZL,RIBL,URYVL,4
AIZL,SAADL,RIR,4
AIZL,SAADL,AWCL,9
AIZL,SAADL,AWAL,4
AIZL,SAADL,PVQL,4
AIZL,SAADL,SMBDL,4
AIZL,SAADL,RIFL,2
AIZL,SAADL,RIBR,4
AIZL,SAADL,BAGL,2
AIZL,SAADL,ASIR,2
AIZL,SAADL,IL1L,4
AIZL,SAADL,OLQDR,2
AIZL,PVQL,RIR,2
AIZL,PVQL,AWCL,5
AIZL,PVQL,AWAL,2
AIZL,PVQL,AVER,6
AIZL,AWAL,RIR,2
AIZL,AWAL,AWCL,5
AIZL,AWAL,AIYL,6
AIZL,AWAL,PVPR,6
AIZL,AWCL,RIR,5
AIZL,AWCL,SAAVL,5
AIZL,AWCL,AVHL,5
AIZL,RIR,RIAL,6
AIZL,RIR,OLQVL,4
AIZL,RIR,IL2L,4
AIZL,RIR,AVHR,4
AIZL,RIR,URBR,4
SMBVL,SMDDL,ASKL,6
SMBVL,SMDDL,SAAVL,4
SMBVL,SMDDL,RICR,4
SMBVL,SMDDL,RMDVR,7
SMBVL,SMDDL,RIVR,4
SMBVL,SMDDL,RIAL,2
SMBVL,SMDDL,ADLL,4
SMBVL,SMDDL,ASEL,4
SMBVL,SMDDL,AWCR,2
SMBVL,SMDDL,RIH,2
SMBVL,SMDDL,CEPVL,2
SMBVL,SMDDL,PVCL,2
SMBVL,SMDDL,CEPDL,2
SMBVL,SMDDL,BAGR,2
SMBVL,SMDDL,AVJL,2
SMBVL,SMDDL,URYVR,2
SMBVL,SMDDL,OLQDL,2
SMBVL,RIVR,ASKL,4
SMBVL,RIVR,SAAVL,2
SMBVL,RIVR,RICR,2
SMBVL,RIVR,RMDVR,4
SMBVL,RIVR,OLLR,6
SMBVL,RIVR,SAADR,6
SMBVL,RIVR,URYVL,4
SMBVL,RMDVR,ASKL,6
SMBVL,RMDVR,SAAVL,4
SMBVL,RMDVR,RICR,4
SMBVL,RMDVR,IL1DL,2
SMBVL,RMDVR,URAVL,2
SMBVL,RMDVR,URYVL,2
SMBVL,RICR,ASKL,4
SMBVL,RICR,SAAVL,2
SMBVL,RICR,ADLL,4
SMBVL,RICR,CEPDL,4
SMBVL,RICR,RMFL,4
SMBVL,SAAVL,ASKL,4
SMBVL,SAAVL,AUAL,4
SMBVL,SAAVL,AWCL,6
SMBVL,SAAVL,SMDDR,6
SMBVL,SAAVL,RIBL,6
SMBVL,SAAVL,CEPVL,4
SMBVL,ASKL,AVDR,4
SMBVL,ASKL,AVJL,2
RIAL,RMHL,RIR,4
RIAL,RMHL,AIBL,6
RIAL,RMHL,AIAL,4
RIAL,RMHL,ASEL,4
RIAL,RMHL,RIMR,6
RIAL,RMHL,AINL,4
RIAL,RMHL,BAGL,9
RIAL,RMHL,RIBL,4
RIAL,RMHL,RIH,6
RIAL,RMHL,CEPVL,4
RIAL,RMHL,CEPDL,4
RIAL,RMHL,ALNL,4
RIAL,RMHL,RICL,9
RIAL,RMHL,AVM,4
RIAL,RMHL,RMFR,4
RIAL,RMHL,RMFL,9
RIAL,RMHL,IL1VL,9
RIAL,RMHL,URAVL,6
RIAL,RMHL,URYVL,4
RIAL,RMHL,SMDDL,6
RIAL,RMHL,SIAVR,6
RIAL,SIAVR,RIR,4
RIAL,SIAVR,AIBL,6
RIAL,SIAVR,AIAL,4
RIAL,SIAVR,ASEL,4
RIAL,SIAVR,RIMR,6
RIAL,SIAVR,AINL,4
RIAL,SIAVR,BAGL,9
RIAL,SIAVR,RIBL,4
RIAL,SIAVR,RIH,6
RIAL,SIAVR,CEPVL,4
RIAL,SIAVR,CEPDL,4
RIAL,SIAVR,ALNL,4
RIAL,SIAVR,RICL,9
RIAL,SIAVR,AVM,4
RIAL,SIAVR,RMFR,4
RIAL,SIAVR,RMFL,9
RIAL,SIAVR,IL1VL,9
RIAL,SIAVR,URAVL,6
RIAL,SIAVR,URYVL,4
RIAL,SIAVR,SMDDL,6
RIAL,SMDDL,RIR,4
RIAL,SMDDL,AIBL,6
RIAL,SMDDL,AIAL,4
RIAL,SMDDL,ASEL,11
RIAL,SMDDL,RIMR,6
RIAL,SMDDL,AINL,4
RIAL,SMDDL,BAGL,9
RIAL,SMDDL,RIBL,4
RIAL,SMDDL,RIH,7
RIAL,SMDDL,CEPVL,7
RIAL,SMDDL,CEPDL,7
RIAL,SMDDL,ALNL,4
RIAL,SMDDL,RICL,9
RIAL,SMDDL,AVM,4
RIAL,SMDDL,RMFR,4
RIAL,SMDDL,RMFL,9
RIAL,SMDDL,IL1VL,9
RIAL,SMDDL,URAVL,6
RIAL,SMDDL,URYVL,4
RIAL,SMDDL,ADLL,4
RIAL,SMDDL,AWCR,2
RIAL,SMDDL,PVCL,2
RIAL,SMDDL,BAGR,2
RIAL,SMDDL,AVJL,2
RIAL,SMDDL,URYVR,2
RIAL,SMDDL,OLQDL,2
RIAL,SMDDL,RMDVR,4
RIAL,URYVL,RIR,2
RIAL,URYVL,AIBL,4
RIAL,URYVL,AIAL,2
RIAL,URYVL,ASEL,2
RIAL,URYVL,RIMR,4
RIAL,URYVL,AINL,2
RIAL,URYVL,BAGL,5
RIAL,URYVL,RIBL,7
RIAL,URYVL,RIH,4
RIAL,URYVL,CEPVL,2
RIAL,URYVL,CEPDL,2
RIAL,URYVL,ALNL,2
RIAL,URYVL,RICL,5
RIAL,URYVL,AVM,2
RIAL,URYVL,RMFR,2
RIAL,URYVL,RMFL,5
RIAL,URYVL,IL1VL,5
RIAL,URYVL,URAVL,4
RIAL,URYVL,SMDVR,6
RIAL,URYVL,RMDVR,6
RIAL,URYVL,RIVR,6
RIAL,URAVL,RIR,4
RIAL,URAVL,AIBL,6
RIAL,URAVL,AIAL,4
RIAL,URAVL,ASEL,4
RIAL,URAVL,RIMR,6
RIAL,URAVL,AINL,4
RIAL,URAVL,BAGL,9
RIAL,URAVL,RIBL,4
RIAL,URAVL,RIH,6
RIAL,URAVL,CEPVL,7
RIAL,URAVL,CEPDL,7
RIAL,URAVL,ALNL,4
RIAL,URAVL,RICL,9
RIAL,URAVL,AVM,4
RIAL,URAVL,RMFR,4
RIAL,URAVL,RMFL,9
RIAL,URAVL,IL1VL,9
RIAL,URAVL,RMDVR,4
RIAL,IL1VL,RIR,5
RIAL,IL1VL,AIBL,9
RIAL,IL1VL,AIAL,5
RIAL,IL1VL,ASEL,5
RIAL,IL1VL,RIMR,9
RIAL,IL1VL,AINL,5
RIAL,IL1VL,BAGL,10
RIAL,IL1VL,RIBL,5
RIAL,IL1VL,RIH,9
RIAL,IL1VL,CEPVL,5
RIAL,IL1VL,CEPDL,5
RIAL,IL1VL,ALNL,5
RIAL,IL1VL,RICL,10
RIAL,IL1VL,AVM,5
RIAL,IL1VL,RMFR,5
RIAL,IL1VL,RMFL,10
RIAL,IL1VL,AVER,9
RIAL,IL1VL,PVPR,5
RIAL,IL1VL,RMDR,9
RIAL,RMFL,RIR,5
RIAL,RMFL,AIBL,12
RIAL,RMFL,AIAL,5
RIAL,RMFL,ASEL,5
RIAL,RMFL,RIMR,9
RIAL,RMFL,AINL,5
RIAL,RMFL,BAGL,10
RIAL,RMFL,RIBL,5
RIAL,RMFL,RIH,9
RIAL,RMFL,CEPVL,5
RIAL,RMFL,CEPDL,5
RIAL,RMFL,ALNL,5
RIAL,RMFL,RICL,10
RIAL,RMFL,AVM,5
RIAL,RMFL,RMFR,5
RIAL,RMFL,RICR,9
RIAL,RMFR,RIR,2
RIAL,RMFR,AIBL,4
RIAL,RMFR,AIAL,2
RIAL,RMFR,ASEL,2
RIAL,RMFR,RIMR,4
RIAL,RMFR,AINL,2
RIAL,RMFR,BAGL,5
RIAL,RMFR,RIBL,2
RIAL,RMFR,RIH,4
RIAL,RMFR,CEPVL,2
RIAL,RMFR,CEPDL,2
RIAL,RMFR,ALNL,2
RIAL,RMFR,RICL,8
RIAL,RMFR,AVM,2
RIAL,AVM,RIR,2
RIAL,AVM,AIBL,4
RIAL,AVM,AIAL,2
RIAL,AVM,ASEL,2
RIAL,AVM,RIMR,4
RIAL,AVM,AINL,2
RIAL,AVM,BAGL,5
RIAL,AVM,RIBL,7
RIAL,AVM,RIH,4
RIAL,AVM,CEPVL,2
RIAL,AVM,CEPDL,2
RIAL,AVM,ALNL,2
RIAL,AVM,RICL,5
RIAL,AVM,RMDR,6
RIAL,RICL,RIR,5
RIAL,RICL,AIBL,9
RIAL,RICL,AIAL,5
RIAL,RICL,ASEL,5
RIAL,RICL,RIMR,9
RIAL,RICL,AINL,5
RIAL,RICL,BAGL,10
RIAL,RICL,RIBL,5
RIAL,RICL,RIH,9
RIAL,RICL,CEPVL,5
RIAL,RICL,CEPDL,8
RIAL,RICL,ALNL,5
RIAL,RICL,AVER,9
RIAL,RICL,URXL,5
RIAL,RICL,BAGR,5
RIAL,RICL,AQR,5
RIAL,RICL,RMDVL,9
RIAL,RICL,RMDDR,9
RIAL,ALNL,RIR,2
RIAL,ALNL,AIBL,4
RIAL,ALNL,AIAL,2
RIAL,ALNL,ASEL,2
RIAL,ALNL,RIMR,7
RIAL,ALNL,AINL,2
RIAL,ALNL,BAGL,5
RIAL,ALNL,RIBL,2
RIAL,ALNL,RIH,4
RIAL,ALNL,CEPVL,2
RIAL,ALNL,CEPDL,2
RIAL,CEPDL,RIR,2
RIAL,CEPDL,AIBL,4
RIAL,CEPDL,AIAL,2
RIAL,CEPDL,ASEL,2
RIAL,CEPDL,RIMR,4
RIAL,CEPDL,AINL,2
RIAL,CEPDL,BAGL,5
RIAL,CEPDL,RIBL,7
RIAL,CEPDL,RIH,4
RIAL,CEPDL,CEPVL,2
RIAL,CEPDL,URXL,6
RIAL,CEPDL,PVPR,4
RIAL,CEPDL,RICR,6
RIAL,CEPDL,AVJL,6
RIAL,CEPDL,SMDVL,6
RIAL,CEPVL,RIR,2
RIAL,CEPVL,AIBL,7
RIAL,CEPVL,AIAL,2
RIAL,CEPVL,ASEL,7
RIAL,CEPVL,RIMR,4
RIAL,CEPVL,AINL,2
RIAL,CEPVL,BAGL,5
RIAL,CEPVL,RIBL,2
RIAL,CEPVL,RIH,7
RIAL,CEPVL,AVER,6
RIAL,CEPVL,SAAVL,6
RIAL,CEPVL,AVFL,4
RIAL,CEPVL,RMDVL,6
RIAL,CEPVL,SAAVR,4
RIAL,CEPVL,URAVR,4
RIAL,RIH,RIR,4
RIAL,RIH,AIBL,6
RIAL,RIH,AIAL,11
RIAL,RIH,ASEL,4
RIAL,RIH,RIMR,6
RIAL,RIH,AINL,4
RIAL,RIH,BAGL,9
RIAL,RIH,RIBL,4
RIAL,RIH,RIAR,4
RIAL,RIH,URADL,4
RIAL,RIBL,RIR,2
RIAL,RIBL,AIBL,4
RIAL,RIBL,AIAL,13
RIAL,RIBL,ASEL,2
RIAL,RIBL,RIMR,4
RIAL,RIBL,AINL,2
RIAL,RIBL,BAGL,5
RIAL,RIBL,AWCR,4
RIAL,RIBL,SMDVR,6
RIAL,RIBL,PVCL,4
RIAL,RIBL,SAAVL,4
RIAL,RIBL,BAGR,4
RIAL,RIBL,AQR,4
RIAL,RIBL,AVFL,6
RIAL,RIBL,RMDVL,6
RIAL,RIBL,RMDR,4
RIAL,RIBL,IL2L,4
RIAL,RIBL,SMDVL,4
RIAL,BAGL,RIR,5
RIAL,BAGL,AIBL,9
RIAL,BAGL,AIAL,5
RIAL,BAGL,ASEL,5
RIAL,BAGL,RIMR,9
RIAL,BAGL,AINL,5
RIAL,BAGL,SAADL,9
RIAL,BAGL,ALML,9
RIAL,BAGL,RIS,5
RIAL,BAGL,PVT,5
RIAL,BAGL,IL2VL,5
RIAL,BAGL,RMDDR,9
RIAL,AINL,RIR,2
RIAL,AINL,AIBL,4
RIAL,AINL,AIAL,2
RIAL,AINL,ASEL,2
RIAL,AINL,RIMR,4
RIAL,AINL,SMBDL,6
RIAL,RIMR,RIR,4
RIAL,RIMR,AIBL,6
RIAL,RIMR,AIAL,4
RIAL,RIMR,ASEL,4
RIAL,RIMR,AUAL,4
RIAL,RIMR,ASGL,4
RIAL,RIMR,SMDVR,4
RIAL,RIMR,AVFL,2
RIAL,RIMR,URYVR,2
RIAL,RIMR,RMDDL,4
RIAL,ASEL,RIR,2
RIAL,ASEL,AIBL,4
RIAL,ASEL,AIAL,2
RIAL,ASEL,PVT,4
RIAL,ASEL,RMEL,6
RIAL,AIAL,RIR,2
RIAL,AIAL,AIBL,11
RIAL,AIAL,ADLL,4
RIAL,AIAL,AIML,4
RIAL,AIAL,BDUL,6
RIAL,AIAL,URXL,4
RIAL,AIAL,CEPVR,4
RIAL,AIAL,RMGL,4
RIAL,AIAL,RIAR,4
RIAL,AIAL,IL2L,4
RIAL,AIAL,AVKR,4
RIAL,AIBL,RIR,4
RIAL,AIBL,AWBL,2
RIAL,AIBL,SMDDR,4
RIAL,AIBL,AQR,2
RIAL,AIBL,FLPR,2
RIAL,AIBL,PVPL,2
RIAL,AIBL,CEPVR,2
RIAL,AIBL,URYDR,2
RIAL,AIBL,RIAR,4
RIAL,AIBL,IL1DL,2
RIAL,AIBL,URYDL,4
RIAL,AIBL,RMDR,4
RIAL,AIBL,RIVL,2
RIAL,RIR,OLQVL,4
RIAL,RIR,IL2L,4
RIAL,RIR,AVHR,4
RIAL,RIR,SMDVL,6
RIAL,RIR,URBR,4
AUAL,RMDVL,RIMR,4
AUAL,RMDVL,SAAVL,6
AUAL,RMDVL,RIAR,7
AUAL,RMDVL,ADLL,2
AUAL,RMDVL,AIYL,2
AUAL,RMDVL,RIBL,2
AUAL,RMDVL,CEPVL,2
AUAL,RMDVL,RICL,2
AUAL,RMDVL,PVPL,2
AUAL,RMDVL,PVCR,2
AUAL,RMDVL,AVJL,2
AUAL,RMDVL,RMHR,2
AUAL,RMDVL,IL1L,2
AUAL,RMDVL,RMDDR,2
AUAL,RMDVL,SIAVL,4
AUAL,RIAR,RIMR,2
AUAL,RIAR,SAAVL,4
AUAL,RIAR,ADLL,4
AUAL,RIAR,AIBL,4
AUAL,RIAR,AIAL,6
AUAL,RIAR,ASJL,4
AUAL,RIAR,RIH,4
AUAL,RIAR,PVPL,4
AUAL,RIAR,IL1DL,6
AUAL,RIAR,OLQVL,4
AUAL,SAAVL,RIMR,4
AUAL,SAAVL,AWCL,4
AUAL,SAAVL,SMDDR,4
AUAL,SAAVL,RIBL,4
AUAL,SAAVL,CEPVL,2
AUAL,RIMR,ASGL,6
AUAL,RIMR,SMDVR,6
AUAL,RIMR,ALNL,4
AUAL,RIMR,AVFL,4
AUAL,RIMR,URYVR,4
AUAL,RIMR,RMDDL,6
RIR,URBR,OLQVL,2
RIR,URBR,IL2L,2
RIR,URBR,AVHR,2
RIR,URBR,SMDVL,4
RIR,SMDVL,OLQVL,4
RIR,SMDVL,IL2L,4
RIR,SMDVL,AVHR,4
RIR,SMDVL,AWCL,2
RIR,SMDVL,RIBL,4
RIR,SMDVL,AVER,4
RIR,SMDVL,CEPDL,2
RIR,SMDVL,URXL,2
RIR,SMDVL,PVPL,2
RIR,SMDVL,AVHL,2
RIR,SMDVL,URBL,2
RIR,SMDVL,IL2VL,2
RIR,AVHR,OLQVL,2
RIR,AVHR,IL2L,2
RIR,IL2L,OLQVL,2
RIR,IL2L,AIAL,6
RIR,IL2L,RIBR,4
RIR,IL2L,RIBL,6
RIR,OLQVL,BAGR,4
RIR,OLQVL,RIAR,6
SMBDL,AQR,RIBR,4
SMBDL,AQR,SAADL,2
SMBDL,AQR,AINL,2
SMBDL,AQR,DVA,2
SMBDL,AQR,BAGR,4
SMBDL,AQR,AIBL,6
SMBDL,AQR,RIBL,6
SMBDL,AQR,RICL,6
SMBDL,BAGR,RIBR,6
SMBDL,BAGR,SAADL,4
SMBDL,BAGR,AINL,4
SMBDL,BAGR,DVA,4
SMBDL,BAGR,ADAR,2
SMBDL,BAGR,RIBL,4
SMBDL,BAGR,RICL,4
SMBDL,BAGR,AVJL,4
SMBDL,BAGR,OLQVL,4
SMBDL,BAGR,SMDDL,4
SMBDL,DVA,RIBR,4
SMBDL,DVA,SAADL,2
SMBDL,DVA,AINL,2
SMBDL,DVA,ASGL,4
SMBDL,AINL,RIBR,4
SMBDL,AINL,SAADL,2
SMBDL,SAADL,RIBR,7
SMBDL,SAADL,RIFL,4
SMBDL,SAADL,BAGL,4
SMBDL,SAADL,ASIR,4
SMBDL,SAADL,IL1L,6
SMBDL,SAADL,OLQDR,4
SMBDL,RIBR,PVCL,4
SMBDL,RIBR,RIS,2
SMBDL,RIBR,IL2L,4
SMBDL,RIBR,SAAVR,4
AWBL,SMDDR,AIBL,11
AWBL,SMDDR,ADLL,4
AWBL,SMDDR,PVCL,4
AWBL,SMDDR,SAAVL,4
AWBL,SMDDR,IL2VL,4
AWBL,SMDDR,OLQVR,4
AWBL,SMDDR,ALNR,4
AWBL,AIBL,AIAL,4
AWBL,AIBL,CEPVL,2
AWBL,AIBL,AQR,2
AWBL,AIBL,FLPR,2
AWBL,AIBL,PVPL,2
AWBL,AIBL,CEPVR,2
AWBL,AIBL,URYDR,2
AWBL,AIBL,RMFL,4
AWBL,AIBL,RIAR,4
AWBL,AIBL,IL1DL,2
AWBL,AIBL,URYDL,4
AWBL,AIBL,RMDR,4
AWBL,AIBL,RIVL,2
ADLL,SMDDL,AIAL,4
ADLL,SMDDL,SMDDR,4
ADLL,SMDDL,ASJL,4
ADLL,SMDDL,AVER,4
ADLL,SMDDL,RICR,4
ADLL,SMDDL,RIAR,4
ADLL,SMDDL,RMDVL,4
ADLL,SMDDL,ASEL,6
ADLL,SMDDL,AWCR,4
ADLL,SMDDL,RIH,4
ADLL,SMDDL,CEPVL,4
ADLL,SMDDL,PVCL,4
ADLL,SMDDL,CEPDL,4
ADLL,SMDDL,BAGR,4
ADLL,SMDDL,AVJL,4
ADLL,SMDDL,URYVR,4
ADLL,SMDDL,OLQDL,4
ADLL,SMDDL,RMDVR,6
ADLL,RMDVL,AIAL,6
ADLL,RMDVL,SMDDR,6
ADLL,RMDVL,ASJL,6
ADLL,RMDVL,AVER,6
ADLL,RMDVL,RICR,6
ADLL,RMDVL,RIAR,7
ADLL,RMDVL,AIYL,2
ADLL,RMDVL,RIBL,2
ADLL,RMDVL,CEPVL,2
ADLL,RMDVL,RICL,2
ADLL,RMDVL,PVPL,2
ADLL,RMDVL,PVCR,2
ADLL,RMDVL,AVJL,2
ADLL,RMDVL,RMHR,2
ADLL,RMDVL,IL1L,2
ADLL,RMDVL,RMDDR,2
ADLL,RMDVL,SIAVL,4
ADLL,RIAR,AIAL,7
ADLL,RIAR,SMDDR,6
ADLL,RIAR,ASJL,7
ADLL,RIAR,AVER,6
ADLL,RIAR,RICR,6
ADLL,RIAR,AIBL,2
ADLL,RIAR,RIH,2
ADLL,RIAR,PVPL,2
ADLL,RIAR,IL1DL,4
ADLL,RIAR,OLQVL,2
ADLL,RICR,AIAL,6
ADLL,RICR,SMDDR,6
ADLL,RICR,ASJL,6
ADLL,RICR,AVER,6
ADLL,RICR,CEPDL,2
ADLL,RICR,RMFL,2
ADLL,AVER,AIAL,6
ADLL,AVER,SMDDR,6
ADLL,AVER,ASJL,6
ADLL,AVER,ASIL,2
ADLL,AVER,PVQL,2
ADLL,AVER,CEPVL,2
ADLL,AVER,RICL,2
ADLL,AVER,URYDL,2
ADLL,AVER,IL1VL,2
ADLL,AVER,SMDVL,2
ADLL,ASJL,AIAL,6
ADLL,ASJL,SMDDR,6
ADLL,ASJL,RIS,4
ADLL,SMDDR,AIAL,6
ADLL,SMDDR,AIBL,2
ADLL,SMDDR,PVCL,2
ADLL,SMDDR,SAAVL,2
ADLL,SMDDR,IL2VL,2
ADLL,SMDDR,OLQVR,2
ADLL,SMDDR,ALNR,2
ADLL,AIAL,AIBL,2
ADLL,AIAL,AIML,2
ADLL,AIAL,RIBL,5
ADLL,AIAL,RIH,2
ADLL,AIAL,BDUL,4
ADLL,AIAL,URXL,2
ADLL,AIAL,CEPVR,2
ADLL,AIAL,RMGL,2
ADLL,AIAL,IL2L,2
ADLL,AIAL,AVKR,2
AVDR,PVCR,AINR,2
AVDR,PVCR,ASKL,2
AVDR,PVCR,RMDVL,6
AVDR,ASKL,AINR,2
AVDR,ASKL,AVJL,4
AVDR,AINR,SMDVR,6
AVDR,AINR,RMDDL,6
AWCL,SMDVL,SAAVL,4
AWCL,SMDVL,AVHL,7
AWCL,SMDVL,RMDDL,6
AWCL,SMDVL,RIBL,4
AWCL,SMDVL,AVER,4
AWCL,SMDVL,CEPDL,2
AWCL,SMDVL,URXL,2
AWCL,SMDVL,PVPL,2
AWCL,SMDVL,URBL,2
AWCL,SMDVL,IL2VL,2
AWCL,RMDDL,SAAVL,4
AWCL,RMDDL,AVHL,4
AWCL,RMDDL,AINR,2
AWCL,RMDDL,RIFL,2
AWCL,RMDDL,RIMR,2
AWCL,RMDDL,ADAR,2
AWCL,RMDDL,ALML,2
AWCL,AVHL,SAAVL,2
AWCL,AVHL,URYDL,4
AWCL,SAAVL,SMDDR,6
AWCL,SAAVL,RIBL,6
AWCL,SAAVL,CEPVL,4
AIBL,RIVL,AIAL,4
AIBL,RIVL,SMDDR,4
AIBL,RIVL,CEPVL,2
AIBL,RIVL,AQR,2
AIBL,RIVL,FLPR,2
AIBL,RIVL,PVPL,2
AIBL,RIVL,CEPVR,2
AIBL,RIVL,URYDR,2
AIBL,RIVL,RMFL,4
AIBL,RIVL,RIAR,4
AIBL,RIVL,IL1DL,2
AIBL,RIVL,URYDL,4
AIBL,RIVL,RMDR,4
AIBL,RIVL,AWCR,6
AIBL,RIVL,BDUL,4
AIBL,RIVL,SAADR,6
AIBL,RIVL,SAAVR,6
AIBL,RMDR,AIAL,6
AIBL,RMDR,SMDDR,6
AIBL,RMDR,CEPVL,4
AIBL,RMDR,AQR,4
AIBL,RMDR,FLPR,4
AIBL,RMDR,PVPL,4
AIBL,RMDR,CEPVR,4
AIBL,RMDR,URYDR,4
AIBL,RMDR,RMFL,6
AIBL,RMDR,RIAR,6
AIBL,RMDR,IL1DL,4
AIBL,RMDR,URYDL,6
AIBL,RMDR,SMDVR,2
AIBL,RMDR,RIBL,4
AIBL,RMDR,AVM,2
AIBL,RMDR,RMGL,2
AIBL,RMDR,URYVR,2
AIBL,RMDR,IL1VL,2
AIBL,RMDR,IL1L,2
AIBL,URYDL,AIAL,6
AIBL,URYDL,SMDDR,6
AIBL,URYDL,CEPVL,4
AIBL,URYDL,AQR,4
AIBL,URYDL,FLPR,4
AIBL,URYDL,PVPL,11
AIBL,URYDL,CEPVR,4
AIBL,URYDL,URYDR,4
AIBL,URYDL,RMFL,6
AIBL,URYDL,RIAR,6
AIBL,URYDL,IL1DL,4
AIBL,URYDL,AIYL,4
AIBL,URYDL,AVER,4
AIBL,URYDL,AVHL,4
AIBL,IL1DL,AIAL,4
AIBL,IL1DL,SMDDR,4
AIBL,IL1DL,CEPVL,2
AIBL,IL1DL,AQR,2
AIBL,IL1DL,FLPR,2
AIBL,IL1DL,PVPL,2
AIBL,IL1DL,CEPVR,2
AIBL,IL1DL,URYDR,2
AIBL,IL1DL,RMFL,4
AIBL,IL1DL,RIAR,11
AIBL,IL1DL,ASIL,4
AIBL,IL1DL,RMDVR,6
AIBL,RIAR,AIAL,7
AIBL,RIAR,SMDDR,6
AIBL,RIAR,CEPVL,4
AIBL,RIAR,AQR,4
AIBL,RIAR,FLPR,4
AIBL,RIAR,PVPL,7
AIBL,RIAR,CEPVR,4
AIBL,RIAR,URYDR,4
AIBL,RIAR,RMFL,6
AIBL,RIAR,ASJL,2
AIBL,RIAR,RIH,2
AIBL,RIAR,RMDVL,4
AIBL,RIAR,OLQVL,2
AIBL,RMFL,AIAL,6
AIBL,RMFL,SMDDR,6
AIBL,RMFL,CEPVL,4
AIBL,RMFL,AQR,4
AIBL,RMFL,FLPR,4
AIBL,RMFL,PVPL,4
AIBL,RMFL,CEPVR,4
AIBL,RMFL,URYDR,4
AIBL,RMFL,RICR,4
AIBL,URYDR,AIAL,4
AIBL,URYDR,SMDDR,4
AIBL,URYDR,CEPVL,2
AIBL,URYDR,AQR,2
AIBL,URYDR,FLPR,2
AIBL,URYDR,PVPL,2
AIBL,URYDR,CEPVR,2
AIBL,URYDR,SMDVR,6
AIBL,URYDR,PVCL,6
AIBL,CEPVR,AIAL,7
AIBL,CEPVR,SMDDR,4
AIBL,CEPVR,CEPVL,2
AIBL,CEPVR,AQR,2
AIBL,CEPVR,FLPR,2
AIBL,CEPVR,PVPL,2
AIBL,PVPL,AIAL,4
AIBL,PVPL,SMDDR,4
AIBL,PVPL,CEPVL,2
AIBL,PVPL,AQR,2
AIBL,PVPL,FLPR,2
AIBL,PVPL,AIYL,4
AIBL,PVPL,RMDVL,6
AIBL,PVPL,IL1L,6
AIBL,PVPL,SMDVL,6
AIBL,FLPR,AIAL,4
AIBL,FLPR,SMDDR,4
AIBL,FLPR,CEPVL,2
AIBL,FLPR,AQR,2
AIBL,AQR,AIAL,4
AIBL,AQR,SMDDR,4
AIBL,AQR,CEPVL,2
AIBL,AQR,RIBL,6
AIBL,AQR,RICL,6
AIBL,CEPVL,AIAL,4
AIBL,CEPVL,SMDDR,4
AIBL,CEPVL,ASEL,6
AIBL,CEPVL,AVER,6
AIBL,CEPVL,RIH,6
AIBL,CEPVL,SAAVL,6
AIBL,CEPVL,AVFL,4
AIBL,CEPVL,RMDVL,6
AIBL,CEPVL,URAVL,6
AIBL,CEPVL,SMDDL,6
AIBL,CEPVL,SAAVR,4
AIBL,CEPVL,URAVR,4
AIBL,SMDDR,AIAL,6
AIBL,SMDDR,PVCL,2
AIBL,SMDDR,SAAVL,2
AIBL,SMDDR,IL2VL,2
AIBL,SMDDR,OLQVR,2
AIBL,SMDDR,ALNR,2
AIBL,AIAL,AIML,2
AIBL,AIAL,RIBL,5
AIBL,AIAL,RIH,2
AIBL,AIAL,BDUL,4
AIBL,AIAL,URXL,2
AIBL,AIAL,RMGL,2
AIBL,AIAL,IL2L,2
AIBL,AIAL,AVKR,2
AIAL,AVKR,AIML,2
AIAL,AVKR,RIBL,5
AIAL,AVKR,RIH,2
AIAL,AVKR,BDUL,4
AIAL,AVKR,URXL,2
AIAL,AVKR,CEPVR,2
AIAL,AVKR,RMGL,2
AIAL,AVKR,RIAR,2
AIAL,AVKR,IL2L,2
AIAL,IL2L,AIML,2
AIAL,IL2L,RIBL,8
AIAL,IL2L,RIH,2
AIAL,IL2L,BDUL,4
AIAL,IL2L,URXL,2
AIAL,IL2L,CEPVR,2
AIAL,IL2L,RMGL,2
AIAL,IL2L,RIAR,2
AIAL,IL2L,RIBR,4
AIAL,RIAR,AIML,2
AIAL,RIAR,RIBL,5
AIAL,RIAR,RIH,7
AIAL,RIAR,BDUL,4
AIAL,RIAR,URXL,2
AIAL,RIAR,CEPVR,2
AIAL,RIAR,RMGL,2
AIAL,RIAR,ASJL,4
AIAL,RIAR,PVPL,4
AIAL,RIAR,RMDVL,6
AIAL,RIAR,IL1DL,6
AIAL,RIAR,OLQVL,4
AIAL,RMGL,AIML,2
AIAL,RMGL,RIBL,5
AIAL,RMGL,RIH,2
AIAL,RMGL,BDUL,4
AIAL,RMGL,URXL,2
AIAL,RMGL,CEPVR,2
AIAL,RMGL,RMDR,6
AIAL,CEPVR,AIML,2
AIAL,CEPVR,RIBL,5
AIAL,CEPVR,RIH,2
AIAL,CEPVR,BDUL,4
AIAL,CEPVR,URXL,2
AIAL,URXL,AIML,2
AIAL,URXL,RIBL,5
AIAL,URXL,RIH,2
AIAL,URXL,BDUL,4
AIAL,URXL,CEPDL,4
AIAL,URXL,RICL,6
AIAL,URXL,IL1L,4
AIAL,URXL,SMDVL,6
AIAL,BDUL,AIML,4
AIAL,BDUL,RIBL,9
AIAL,BDUL,RIH,4
AIAL,BDUL,AVJL,4
AIAL,BDUL,RIVL,4
AIAL,RIH,AIML,2
AIAL,RIH,RIBL,5
AIAL,RIH,CEPVL,4
AIAL,RIH,URADL,6
AIAL,RIH,SMDDL,6
AIAL,RIBL,AIML,5
AIAL,RIBL,AWCR,5
AIAL,RIBL,SMDVR,9
AIAL,RIBL,PVCL,5
AIAL,RIBL,CEPDL,9
AIAL,RIBL,SAAVL,5
AIAL,RIBL,BAGR,5
AIAL,RIBL,AQR,5
AIAL,RIBL,AVM,5
AIAL,RIBL,AVFL,9
AIAL,RIBL,RMDVL,9
AIAL,RIBL,RMDR,5
AIAL,RIBL,URYVL,5
AIAL,RIBL,SMDVL,5
AIAL,AIML,RIS,4
AIAL,AIML,OLQDL,6
AIAL,AIML,RMEV,6
ASEL,SMDDL,CEPVL,7
ASEL,SMDDL,PVT,2
ASEL,SMDDL,RMEL,4
ASEL,SMDDL,AWCR,4
ASEL,SMDDL,RIH,4
ASEL,SMDDL,PVCL,4
ASEL,SMDDL,CEPDL,4
ASEL,SMDDL,BAGR,4
ASEL,SMDDL,AVJL,4
ASEL,SMDDL,URYVR,4
ASEL,SMDDL,OLQDL,4
ASEL,SMDDL,RMDVR,6
ASEL,RMEL,CEPVL,4
ASEL,RMEL,PVT,4
ASEL,RMEL,DVC,2
ASEL,PVT,CEPVL,2
ASEL,PVT,BAGL,6
ASEL,PVT,PLNL,6
ASEL,CEPVL,AVER,6
ASEL,CEPVL,RIH,6
ASEL,CEPVL,SAAVL,6
ASEL,CEPVL,AVFL,4
ASEL,CEPVL,RMDVL,6
ASEL,CEPVL,URAVL,6
ASEL,CEPVL,SAAVR,4
ASEL,CEPVL,URAVR,4
AIYL,URYDL,AWAL,2
AIYL,URYDL,RIFL,2
AIYL,URYDL,PVCL,4
AIYL,URYDL,PVPL,7
AIYL,URYDL,ADLR,2
AIYL,URYDL,RMDVL,4
AIYL,URYDL,AVER,6
AIYL,URYDL,AVHL,6
AIYL,RMDVL,AWAL,4
AIYL,RMDVL,RIFL,4
AIYL,RMDVL,PVCL,6
AIYL,RMDVL,PVPL,7
AIYL,RMDVL,ADLR,4
AIYL,RMDVL,RIBL,2
AIYL,RMDVL,CEPVL,2
AIYL,RMDVL,RICL,2
AIYL,RMDVL,PVCR,2
AIYL,RMDVL,AVJL,2
AIYL,RMDVL,RIAR,2
AIYL,RMDVL,RMHR,2
AIYL,RMDVL,IL1L,2
AIYL,RMDVL,RMDDR,2
AIYL,RMDVL,SIAVL,4
AIYL,ADLR,AWAL,2
AIYL,ADLR,RIFL,2
AIYL,ADLR,PVCL,4
AIYL,ADLR,PVPL,4
AIYL,PVPL,AWAL,4
AIYL,PVPL,RIFL,4
AIYL,PVPL,PVCL,6
AIYL,PVPL,RIAR,4
AIYL,PVPL,IL1L,4
AIYL,PVPL,SMDVL,4
AIYL,PVCL,AWAL,4
AIYL,PVCL,RIFL,4
AIYL,PVCL,RIBR,2
AIYL,PVCL,SMDDR,4
AIYL,PVCL,RIBL,4
AIYL,PVCL,RIS,2
AIYL,PVCL,URYDR,2
AIYL,PVCL,AVKL,4
AIYL,PVCL,SMDDL,4
AIYL,RIFL,AWAL,2
AIYL,RIFL,SAADL,6
AIYL,RIFL,RMDDL,6
AIYL,RIFL,IL2DL,4
AIYL,AWAL,PVPR,6
AWAL,PVPR,CEPDL,4
AWAL,PVPR,IL1VL,4
AINR,RMDDL,SMDVR,6
AINR,RMDDL,RIFL,2
AINR,RMDDL,RIMR,2
AINR,RMDDL,ADAR,2
AINR,RMDDL,ALML,2
AINR,SMDVR,RIMR,2
AINR,SMDVR,RIBL,2
AINR,SMDVR,ALML,2
AINR,SMDVR,SDQR,2
AINR,SMDVR,URYDR,2
AINR,SMDVR,RMDR,4
AINR,SMDVR,URYVL,2
AINR,SMDVR,IL1R,4
RIFL,IL2DL,SAADL,4
RIFL,IL2DL,RMDDL,4
RIFL,RMDDL,SAADL,6
RIFL,RMDDL,RIMR,2
RIFL,RMDDL,ADAR,2
RIFL,RMDDL,ALML,2
RIFL,SAADL,RIBR,4
RIFL,SAADL,BAGL,2
RIFL,SAADL,ASIR,2
RIFL,SAADL,IL1L,4
RIFL,SAADL,OLQDR,2
ASKL,AVJL,BDUL,4
ASKL,AVJL,CEPDL,4
ASKL,AVJL,BAGR,4
ASKL,AVJL,RMDVL,6
ASKL,AVJL,SMDDL,6
AWCR,RIVL,RIBL,4
AWCR,RIVL,ALML,2
AWCR,RIVL,SMDDL,4
AWCR,RIVL,BDUL,4
AWCR,RIVL,SAADR,6
AWCR,RIVL,SAAVR,6
AWCR,SMDDL,RIBL,6
AWCR,SMDDL,ALML,4
AWCR,SMDDL,RIH,2
AWCR,SMDDL,CEPVL,2
AWCR,SMDDL,PVCL,2
AWCR,SMDDL,CEPDL,2
AWCR,SMDDL,BAGR,2
AWCR,SMDDL,AVJL,2
AWCR,SMDDL,URYVR,2
AWCR,SMDDL,OLQDL,2
AWCR,SMDDL,RMDVR,4
AWCR,ALML,RIBL,4
AWCR,ALML,SMDVR,6
AWCR,ALML,BAGL,4
AWCR,ALML,RMDDL,6
AWCR,RIBL,SMDVR,4
AWCR,RIBL,PVCL,2
AWCR,RIBL,CEPDL,4
AWCR,RIBL,SAAVL,2
AWCR,RIBL,BAGR,2
AWCR,RIBL,AQR,2
AWCR,RIBL,AVM,2
AWCR,RIBL,AVFL,4
AWCR,RIBL,RMDVL,4
AWCR,RIBL,RMDR,2
AWCR,RIBL,IL2L,2
AWCR,RIBL,URYVL,2
AWCR,RIBL,SMDVL,2
AIML,RMEV,RIS,4
AIML,RMEV,OLQDL,6
AIML,OLQDL,RIS,4
AIML,OLQDL,AVKL,4
AIML,OLQDL,SMDDL,4
AIML,RIS,RIBR,6
AIML,RIS,ASJL,4
AIML,RIS,BAGL,6
AIML,RIS,PVCL,6
ASIL,IL1DL,AVER,6
ASIL,IL1DL,SMBVR,6
ASIL,IL1DL,RIAR,2
ASIL,IL1DL,RMDVR,4
ASIL,SMBVR,AVER,6
ASIL,AVER,PVQL,2
ASIL,AVER,CEPVL,2
ASIL,AVER,RICL,2
ASIL,AVER,URYDL,2
ASIL,AVER,IL1VL,2
ASIL,AVER,SMDVL,2
PVQL,AVER,CEPVL,2
PVQL,AVER,RICL,2
PVQL,AVER,URYDL,2
PVQL,AVER,IL1VL,2
PVQL,AVER,SMDVL,2
ASGL,DVA,RIMR,4
ASGL,RIMR,SMDVR,6
ASGL,RIMR,ALNL,4
ASGL,RIMR,AVFL,4
ASGL,RIMR,URYVR,4
ASGL,RIMR,RMDDL,6
RIBR,SAAVR,SAADL,4
RIBR,SAAVR,PVCL,6
RIBR,SAAVR,RIS,4
RIBR,SAAVR,IL2L,6
RIBR,SAAVR,CEPVL,4
RIBR,SAAVR,RIVL,2
RIBR,IL2L,SAADL,4
RIBR,IL2L,PVCL,6
RIBR,IL2L,RIS,4
RIBR,IL2L,RIBL,4
RIBR,RIS,SAADL,2
RIBR,RIS,PVCL,7
RIBR,RIS,ASJL,4
RIBR,RIS,BAGL,6
RIBR,PVCL,SAADL,4
RIBR,PVCL,SMDDR,4
RIBR,PVCL,RIBL,4
RIBR,PVCL,URYDR,2
RIBR,PVCL,AVKL,4
RIBR,PVCL,SMDDL,4
RIBR,SAADL,BAGL,4
RIBR,SAADL,ASIR,4
RIBR,SAADL,IL1L,6
RIBR,SAADL,OLQDR,4
SMDDR,ALNR,PVCL,2
SMDDR,ALNR,SAAVL,2
SMDDR,ALNR,IL2VL,2
SMDDR,ALNR,OLQVR,2
SMDDR,OLQVR,PVCL,2
SMDDR,OLQVR,SAAVL,2
SMDDR,OLQVR,IL2VL,2
SMDDR,IL2VL,PVCL,2
SMDDR,IL2VL,SAAVL,2
SMDDR,IL2VL,BAGL,6
SMDDR,IL2VL,SMDVL,6
SMDDR,SAAVL,PVCL,2
SMDDR,SAAVL,RIBL,6
SMDDR,SAAVL,CEPVL,4
SMDDR,PVCL,RIBL,6
SMDDR,PVCL,RIS,4
SMDDR,PVCL,URYDR,4
SMDDR,PVCL,AVKL,6
SMDDR,PVCL,SMDDL,6
SMDVR,IL1R,RIMR,4
SMDVR,IL1R,RIBL,4
SMDVR,IL1R,ALML,4
SMDVR,IL1R,SDQR,4
SMDVR,IL1R,URYDR,4
SMDVR,IL1R,RMDR,6
SMDVR,IL1R,URYVL,4
SMDVR,IL1R,IL1L,4
SMDVR,URYVL,RIMR,2
SMDVR,URYVL,RIBL,7
SMDVR,URYVL,ALML,2
SMDVR,URYVL,SDQR,2
SMDVR,URYVL,URYDR,2
SMDVR,URYVL,RMDR,4
SMDVR,URYVL,RMDVR,6
SMDVR,URYVL,RIVR,6
SMDVR,RMDR,RIMR,4
SMDVR,RMDR,RIBL,11
SMDVR,RMDR,ALML,4
SMDVR,RMDR,SDQR,4
SMDVR,RMDR,URYDR,4
SMDVR,RMDR,AVM,2
SMDVR,RMDR,RMGL,2
SMDVR,RMDR,URYVR,2
SMDVR,RMDR,IL1VL,2
SMDVR,RMDR,IL1L,2
SMDVR,URYDR,RIMR,2
SMDVR,URYDR,RIBL,2
SMDVR,URYDR,ALML,2
SMDVR,URYDR,SDQR,2
SMDVR,URYDR,PVCL,6
SMDVR,SDQR,RIMR,2
SMDVR,SDQR,RIBL,2
SMDVR,SDQR,ALML,2
SMDVR,ALML,RIMR,2
SMDVR,ALML,RIBL,2
SMDVR,ALML,BAGL,4
SMDVR,ALML,RMDDL,6
SMDVR,RIBL,RIMR,2
SMDVR,RIBL,PVCL,4
SMDVR,RIBL,CEPDL,6
SMDVR,RIBL,SAAVL,4
SMDVR,RIBL,BAGR,4
SMDVR,RIBL,AQR,4
SMDVR,RIBL,AVM,4
SMDVR,RIBL,AVFL,6
SMDVR,RIBL,RMDVL,6
SMDVR,RIBL,IL2L,4
SMDVR,RIBL,SMDVL,4
SMDVR,RIMR,ALNL,4
SMDVR,RIMR,AVFL,4
SMDVR,RIMR,URYVR,4
SMDVR,RIMR,RMDDL,6
SAADL,OLQDR,BAGL,2
SAADL,OLQDR,ASIR,2
SAADL,OLQDR,IL1L,4
SAADL,IL1L,BAGL,4
SAADL,IL1L,ASIR,4
SAADL,IL1L,URXL,4
SAADL,IL1L,PVPL,2
SAADL,IL1L,AVFR,4
SAADL,IL1L,RMDVL,4
SAADL,IL1L,RMDR,4
SAADL,IL1L,IL1R,2
SAADL,ASIR,BAGL,2
SAADL,BAGL,ALML,6
SAADL,BAGL,RIS,4
SAADL,BAGL,PVT,4
SAADL,BAGL,IL2VL,4
SAADL,BAGL,RMDDR,6
RIMR,RMDDL,ALNL,4
RIMR,RMDDL,AVFL,4
RIMR,RMDDL,URYVR,4
RIMR,RMDDL,ADAR,2
RIMR,RMDDL,ALML,2
RIMR,URYVR,ALNL,2
RIMR,URYVR,AVFL,2
RIMR,URYVR,RMDR,6
RIMR,URYVR,SMDDL,6
RIMR,AVFL,ALNL,2
RIMR,AVFL,RIBL,4
RIMR,AVFL,CEPVL,6
ADAR,RMDDL,SMBDR,6
ADAR,RMDDL,BAGR,6
ADAR,RMDDL,ALML,2
ADAR,BAGR,SMBDR,6
ADAR,BAGR,RIBL,4
ADAR,BAGR,RICL,4
ADAR,BAGR,AVJL,4
ADAR,BAGR,OLQVL,4
ADAR,BAGR,SMDDL,4
DVC,RMEL,AUAR,6
ASJL,RIAR,RIS,6
ASJL,RIAR,RIH,2
ASJL,RIAR,PVPL,2
ASJL,RIAR,RMDVL,4
ASJL,RIAR,IL1DL,4
ASJL,RIAR,OLQVL,2
ASJL,RIS,BAGL,4
ASJL,RIS,PVCL,4
AFDR,OLLR,RIVR,4
BAGL,RMDDR,ALML,6
BAGL,RMDDR,RIS,4
BAGL,RMDDR,PVT,4
BAGL,RMDDR,IL2VL,4
BAGL,RMDDR,RICL,2
BAGL,RMDDR,CEPDR,2
BAGL,RMDDR,RMDVL,4
BAGL,IL2VL,ALML,4
BAGL,IL2VL,RIS,2
BAGL,IL2VL,PVT,2
BAGL,IL2VL,SMDVL,6
BAGL,PVT,ALML,4
BAGL,PVT,RIS,2
BAGL,PVT,PLNL,6
BAGL,RIS,ALML,4
BAGL,RIS,PVCL,6
BAGL,ALML,RMDDL,4
RIBL,SMDVL,PVCL,2
RIBL,SMDVL,CEPDL,11
RIBL,SMDVL,SAAVL,2
RIBL,SMDVL,BAGR,2
RIBL,SMDVL,AQR,2
RIBL,SMDVL,AVM,2
RIBL,SMDVL,AVFL,4
RIBL,SMDVL,RMDVL,4
RIBL,SMDVL,RMDR,2
RIBL,SMDVL,IL2L,2
RIBL,SMDVL,URYVL,2
RIBL,SMDVL,AVER,6
RIBL,SMDVL,URXL,4
RIBL,SMDVL,PVPL,4
RIBL,SMDVL,AVHL,4
RIBL,SMDVL,URBL,4
RIBL,SMDVL,IL2VL,4
RIBL,URYVL,PVCL,2
RIBL,URYVL,CEPDL,4
RIBL,URYVL,SAAVL,2
RIBL,URYVL,BAGR,2
RIBL,URYVL,AQR,2
RIBL,URYVL,AVM,2
RIBL,URYVL,AVFL,4
RIBL,URYVL,RMDVL,4
RIBL,URYVL,RMDR,2
RIBL,URYVL,IL2L,2
RIBL,URYVL,RMDVR,6
RIBL,URYVL,RIVR,6
RIBL,IL2L,PVCL,2
RIBL,IL2L,CEPDL,4
RIBL,IL2L,SAAVL,2
RIBL,IL2L,BAGR,2
RIBL,IL2L,AQR,2
RIBL,IL2L,AVM,2
RIBL,IL2L,AVFL,4
RIBL,IL2L,RMDVL,4
RIBL,IL2L,RMDR,2
RIBL,RMDR,PVCL,2
RIBL,RMDR,CEPDL,4
RIBL,RMDR,SAAVL,2
RIBL,RMDR,BAGR,2
RIBL,RMDR,AQR,2
RIBL,RMDR,AVM,7
RIBL,RMDR,AVFL,4
RIBL,RMDR,RMDVL,4
RIBL,RMDR,RMGL,4
RIBL,RMDR,URYVR,4
RIBL,RMDR,IL1VL,4
RIBL,RMDR,IL1L,4
RIBL,RMDVL,PVCL,4
RIBL,RMDVL,CEPDL,6
RIBL,RMDVL,SAAVL,4
RIBL,RMDVL,BAGR,4
RIBL,RMDVL,AQR,4
RIBL,RMDVL,AVM,4
RIBL,RMDVL,AVFL,6
RIBL,RMDVL,CEPVL,2
RIBL,RMDVL,RICL,2
RIBL,RMDVL,PVPL,2
RIBL,RMDVL,PVCR,2
RIBL,RMDVL,AVJL,2
RIBL,RMDVL,RIAR,2
RIBL,RMDVL,RMHR,2
RIBL,RMDVL,IL1L,2
RIBL,RMDVL,RMDDR,2
RIBL,RMDVL,SIAVL,4
RIBL,AVFL,PVCL,4
RIBL,AVFL,CEPDL,6
RIBL,AVFL,SAAVL,4
RIBL,AVFL,BAGR,4
RIBL,AVFL,AQR,4
RIBL,AVFL,AVM,4
RIBL,AVFL,CEPVL,4
RIBL,AVM,PVCL,2
RIBL,AVM,CEPDL,4
RIBL,AVM,SAAVL,2
RIBL,AVM,BAGR,2
RIBL,AVM,AQR,2
RIBL,AQR,PVCL,2
RIBL,AQR,CEPDL,4
RIBL,AQR,SAAVL,2
RIBL,AQR,BAGR,2
RIBL,AQR,RICL,6
RIBL,BAGR,PVCL,2
RIBL,BAGR,CEPDL,4
RIBL,BAGR,SAAVL,2
RIBL,BAGR,RICL,6
RIBL,BAGR,AVJL,6
RIBL,BAGR,OLQVL,6
RIBL,BAGR,SMDDL,6
RIBL,SAAVL,PVCL,2
RIBL,SAAVL,CEPDL,4
RIBL,SAAVL,CEPVL,4
RIBL,CEPDL,PVCL,4
RIBL,CEPDL,URXL,4
RIBL,CEPDL,PVPR,2
RIBL,CEPDL,RICL,4
RIBL,CEPDL,RICR,4
RIBL,CEPDL,AVJL,4
RIBL,CEPDL,URAVL,4
RIBL,CEPDL,SMDDL,4
RIBL,PVCL,RIS,4
RIBL,PVCL,URYDR,4
RIBL,PVCL,AVKL,6
RIBL,PVCL,SMDDL,6
AVER,SMDVL,CEPVL,2
AVER,SMDVL,RICL,2
AVER,SMDVL,URYDL,2
AVER,SMDVL,IL1VL,2
AVER,SMDVL,CEPDL,4
AVER,SMDVL,URXL,4
AVER,SMDVL,PVPL,4
AVER,SMDVL,AVHL,4
AVER,SMDVL,URBL,4
AVER,SMDVL,IL2VL,4
AVER,IL1VL,CEPVL,2
AVER,IL1VL,RICL,2
AVER,IL1VL,URYDL,2
AVER,IL1VL,PVPR,4
AVER,IL1VL,RMDR,6
AVER,URYDL,CEPVL,2
AVER,URYDL,RICL,2
AVER,URYDL,PVPL,6
AVER,URYDL,AVHL,6
AVER,RICL,CEPVL,2
AVER,RICL,CEPDL,4
AVER,RICL,URXL,4
AVER,RICL,BAGR,4
AVER,RICL,AQR,4
AVER,RICL,RMFR,4
AVER,RICL,RMDVL,6
AVER,RICL,RMDDR,6
AVER,CEPVL,RIH,6
AVER,CEPVL,SAAVL,6
AVER,CEPVL,AVFL,4
AVER,CEPVL,RMDVL,6
AVER,CEPVL,URAVL,6
AVER,CEPVL,SMDDL,6
AVER,CEPVL,SAAVR,4
AVER,CEPVL,URAVR,4
RIH,SMDDL,CEPVL,7
RIH,SMDDL,RIAR,6
RIH,SMDDL,URADL,6
RIH,SMDDL,PVCL,2
RIH,SMDDL,CEPDL,2
RIH,SMDDL,BAGR,2
RIH,SMDDL,AVJL,2
RIH,SMDDL,URYVR,2
RIH,SMDDL,OLQDL,2
RIH,SMDDL,RMDVR,4
RIH,URADL,CEPVL,4
RIH,URADL,RIAR,6
RIH,RIAR,CEPVL,4
RIH,RIAR,PVPL,2
RIH,RIAR,RMDVL,4
RIH,RIAR,IL1DL,4
RIH,RIAR,OLQVL,2
RIH,CEPVL,SAAVL,6
RIH,CEPVL,AVFL,4
RIH,CEPVL,RMDVL,6
RIH,CEPVL,URAVL,6
RIH,CEPVL,SAAVR,4
RIH,CEPVL,URAVR,4
CEPVL,URAVR,SAAVL,4
CEPVL,URAVR,AVFL,2
CEPVL,URAVR,RMDVL,4
CEPVL,URAVR,URAVL,4
CEPVL,URAVR,SMDDL,4
CEPVL,URAVR,SAAVR,2
CEPVL,SAAVR,SAAVL,4
CEPVL,SAAVR,AVFL,2
CEPVL,SAAVR,RMDVL,4
CEPVL,SAAVR,URAVL,4
CEPVL,SAAVR,SMDDL,4
CEPVL,SAAVR,RIVL,4
CEPVL,SMDDL,SAAVL,6
CEPVL,SMDDL,AVFL,4
CEPVL,SMDDL,RMDVL,6
CEPVL,SMDDL,URAVL,6
CEPVL,SMDDL,PVCL,2
CEPVL,SMDDL,CEPDL,2
CEPVL,SMDDL,BAGR,2
CEPVL,SMDDL,AVJL,2
CEPVL,SMDDL,URYVR,2
CEPVL,SMDDL,OLQDL,2
CEPVL,SMDDL,RMDVR,4
CEPVL,URAVL,SAAVL,6
CEPVL,URAVL,AVFL,4
CEPVL,URAVL,RMDVL,6
CEPVL,URAVL,CEPDL,2
CEPVL,URAVL,RMDVR,4
CEPVL,RMDVL,SAAVL,6
CEPVL,RMDVL,AVFL,4
CEPVL,RMDVL,RICL,2
CEPVL,RMDVL,PVPL,2
CEPVL,RMDVL,PVCR,2
CEPVL,RMDVL,AVJL,2
CEPVL,RMDVL,RIAR,2
CEPVL,RMDVL,RMHR,2
CEPVL,RMDVL,IL1L,2
CEPVL,RMDVL,RMDDR,2
CEPVL,RMDVL,SIAVL,4
CEPVL,AVFL,SAAVL,4
BDUL,RIVL,AVJL,6
BDUL,RIVL,SAADR,4
BDUL,RIVL,SAAVR,4
BDUL,AVJL,CEPDL,2
BDUL,AVJL,BAGR,2
BDUL,AVJL,RMDVL,4
BDUL,AVJL,SMDDL,4
PVCL,SMDDL,RIS,4
PVCL,SMDDL,URYDR,4
PVCL,SMDDL,AVKL,6
PVCL,SMDDL,CEPDL,2
PVCL,SMDDL,BAGR,2
PVCL,SMDDL,AVJL,2
PVCL,SMDDL,URYVR,2
PVCL,SMDDL,OLQDL,2
PVCL,SMDDL,RMDVR,4
PVCL,AVKL,RIS,4
PVCL,AVKL,URYDR,4
PVCL,AVKL,SAADR,2
PVCL,AVKL,OLQDL,2
PVCL,AVKL,URBL,2
PVCL,AVKL,RMER,4
PVCL,URYDR,RIS,2
CEPDL,SMDVL,URXL,7
CEPDL,SMDVL,PVPR,4
CEPDL,SMDVL,RICL,6
CEPDL,SMDVL,RICR,6
CEPDL,SMDVL,AVJL,6
CEPDL,SMDVL,URAVL,6
CEPDL,SMDVL,SMDDL,6
CEPDL,SMDVL,PVPL,2
CEPDL,SMDVL,AVHL,2
CEPDL,SMDVL,URBL,2
CEPDL,SMDVL,IL2VL,2
CEPDL,SMDDL,URXL,6
CEPDL,SMDDL,PVPR,4
CEPDL,SMDDL,RICL,6
CEPDL,SMDDL,RICR,6
CEPDL,SMDDL,AVJL,7
CEPDL,SMDDL,URAVL,6
CEPDL,SMDDL,BAGR,2
CEPDL,SMDDL,URYVR,2
CEPDL,SMDDL,OLQDL,2
CEPDL,SMDDL,RMDVR,4
CEPDL,URAVL,URXL,6
CEPDL,URAVL,PVPR,4
CEPDL,URAVL,RICL,6
CEPDL,URAVL,RICR,6
CEPDL,URAVL,AVJL,6
CEPDL,URAVL,RMDVR,4
CEPDL,AVJL,URXL,6
CEPDL,AVJL,PVPR,4
CEPDL,AVJL,RICL,6
CEPDL,AVJL,RICR,6
CEPDL,AVJL,BAGR,2
CEPDL,AVJL,RMDVL,4
CEPDL,RICR,URXL,6
CEPDL,RICR,PVPR,4
CEPDL,RICR,RICL,6
CEPDL,RICR,RMFL,2
CEPDL,RICL,URXL,7
CEPDL,RICL,PVPR,4
CEPDL,RICL,BAGR,2
CEPDL,RICL,AQR,2
CEPDL,RICL,RMFR,2
CEPDL,RICL,RMDVL,4
CEPDL,RICL,RMDDR,4
CEPDL,PVPR,URXL,4
CEPDL,PVPR,IL1VL,6
CEPDL,URXL,IL1L,2
URXL,SMDVL,RICL,6
URXL,SMDVL,IL1L,4
URXL,SMDVL,PVPL,2
URXL,SMDVL,AVHL,2
URXL,SMDVL,URBL,2
URXL,SMDVL,IL2VL,2
URXL,IL1L,RICL,4
URXL,IL1L,PVPL,4
URXL,IL1L,AVFR,6
URXL,IL1L,RMDVL,6
URXL,IL1L,RMDR,6
URXL,IL1L,IL1R,4
URXL,RICL,BAGR,2
URXL,RICL,AQR,2
URXL,RICL,RMFR,2
URXL,RICL,RMDVL,4
URXL,RICL,RMDDR,4
BAGR,SMDDL,RICL,6
BAGR,SMDDL,AVJL,7
BAGR,SMDDL,OLQVL,6
BAGR,SMDDL,URYVR,2
BAGR,SMDDL,OLQDL,2
BAGR,SMDDL,RMDVR,4
BAGR,OLQVL,RICL,6
BAGR,OLQVL,AVJL,6
BAGR,OLQVL,RIAR,4
BAGR,AVJL,RICL,6
BAGR,AVJL,RMDVL,4
BAGR,RICL,AQR,2
BAGR,RICL,RMFR,2
BAGR,RICL,RMDVL,4
BAGR,RICL,RMDDR,4
AQR,RICL,RMFR,2
AQR,RICL,RMDVL,4
AQR,RICL,RMDDR,4
PVPR,IL1VL,RMDR,4
RICL,RMDDR,RMFR,4
RICL,RMDDR,RMDVL,7
RICL,RMDDR,CEPDR,2
RICL,RMDVL,RMFR,4
RICL,RMDVL,PVPL,2
RICL,RMDVL,PVCR,2
RICL,RMDVL,AVJL,2
RICL,RMDVL,RIAR,2
RICL,RMDVL,RMHR,2
RICL,RMDVL,IL1L,2
RICL,RMDVL,SIAVL,4
PVPL,SMDVL,RIAR,6
PVPL,SMDVL,RMDVL,6
PVPL,SMDVL,URYDL,4
PVPL,SMDVL,IL1L,6
PVPL,SMDVL,AVHL,2
PVPL,SMDVL,URBL,2
PVPL,SMDVL,IL2VL,2
PVPL,IL1L,RIAR,6
PVPL,IL1L,RMDVL,7
PVPL,IL1L,URYDL,4
PVPL,IL1L,AVFR,4
PVPL,IL1L,RMDR,4
PVPL,IL1L,IL1R,2
PVPL,URYDL,RIAR,4
PVPL,URYDL,RMDVL,4
PVPL,URYDL,AVHL,6
PVPL,RMDVL,RIAR,7
PVPL,RMDVL,PVCR,2
PVPL,RMDVL,AVJL,2
PVPL,RMDVL,RMHR,2
PVPL,RMDVL,RMDDR,2
PVPL,RMDVL,SIAVL,4
PVPL,RIAR,IL1DL,4
PVPL,RIAR,OLQVL,2
AVM,RMDR,RMGL,2
AVM,RMDR,URYVR,2
AVM,RMDR,IL1VL,2
AVM,RMDR,IL1L,2
PVCR,RMDVL,AVJL,2
PVCR,RMDVL,RIAR,2
PVCR,RMDVL,RMHR,2
PVCR,RMDVL,IL1L,2
PVCR,RMDVL,RMDDR,2
PVCR,RMDVL,SIAVL,4
AVJL,SMDDL,RMDVL,6
AVJL,SMDDL,URYVR,2
AVJL,SMDDL,OLQDL,2
AVJL,SMDDL,RMDVR,4
AVJL,RMDVL,RIAR,2
AVJL,RMDVL,RMHR,2
AVJL,RMDVL,IL1L,2
AVJL,RMDVL,RMDDR,2
AVJL,RMDVL,SIAVL,4
CEPDR,RMDDR,RMDVL,4
OLLR,RIVR,SAADR,6
OLLR,RIVR,URYVL,4
RMGL,RMDR,URYVR,2
RMGL,RMDR,IL1VL,2
RMGL,RMDR,IL1L,2
URYVR,SMDDL,RMDR,6
URYVR,SMDDL,OLQDL,2
URYVR,SMDDL,RMDVR,4
URYVR,RMDR,IL1VL,2
URYVR,RMDR,IL1L,2
AVFR,IL1L,RMDVL,6
AVFR,IL1L,RMDR,6
AVFR,IL1L,IL1R,4
AVHL,SMDVL,URYDL,4
AVHL,SMDVL,URBL,2
AVHL,SMDVL,IL2VL,2
AVKL,RMER,SAADR,4
AVKL,RMER,OLQDL,4
AVKL,RMER,URBL,4
AVKL,URBL,SAADR,2
AVKL,URBL,OLQDL,2
AVKL,URBL,SIBVL,6
AVKL,URBL,SMDVL,6
AVKL,OLQDL,SAADR,2
AVKL,OLQDL,SMDDL,6
AVKL,SAADR,RIVR,4
AVKL,SAADR,RIVL,4
SAADR,RIVL,RIVR,2
SAADR,RIVL,SAAVR,6
SAADR,RIVR,URYVL,4
RIAR,OLQVL,RMDVL,4
RIAR,OLQVL,IL1DL,4
RIAR,IL1DL,RMDVL,6
RIAR,IL1DL,RMDVR,4
RIAR,RMDVL,RMHR,2
RIAR,RMDVL,IL1L,2
RIAR,RMDVL,RMDDR,2
RIAR,RMDVL,SIAVL,4
OLQDL,SMDDL,RMDVR,4
RMDVL,SIAVL,RMHR,4
RMDVL,SIAVL,IL1L,4
RMDVL,SIAVL,RMDDR,4
RMDVL,RMDDR,RMHR,2
RMDVL,RMDDR,IL1L,2
RMDVL,IL1L,RMHR,2
RMDVL,IL1L,RMDR,6
RMDVL,IL1L,IL1R,4
RMDVL,RMHR,IL2R,4
IL1DL,RMDVR,URAVL,2
IL1DL,RMDVR,URYVL,2
IL1DL,RMDVR,SMDDL,2
URBL,SMDVL,SIBVL,6
URBL,SMDVL,IL2VL,2
IL1VL,RMDR,IL1L,2
URAVL,RMDVR,URYVL,2
URAVL,RMDVR,SMDDL,2
IL1L,IL1R,RMDR,4
RMDVR,SMDDL,URYVL,2
RMDVR,URYVL,RIVR,6
