pre,post,class_1,class_2,cluster_1,cluster_2,layer_1,layer_2,synapse_class,total_contacts,L1-0,L1-5,L1-8,L1-16,L2,L3,L4-JSH,Adult-50,Adult-N2U
ADAL,AWBL,ADA,AWB,Avoidance,Taxis,3,1,0,0,0,0,0,0,0,0,0,0,0
AWBL,ADAL,ADA,AWB,Taxis,Avoidance,1,3,0,0,0,0,0,0,0,0,0,0,0
ADAL,ADEL,ADA,ADE,Avoidance,Unclassified,3,1,1,1,0,0,0,0,0,0,1,0,0
ADEL,ADAL,ADA,ADE,Unclassified,Avoidance,1,3,2,12,1,2,1,0,1,2,1,2,2
ADAL,ASHL,ADA,ASH,Avoidance,Avoidance,3,1,1,6,0,1,0,0,2,1,1,0,1
ASHL,ADAL,ADA,ASH,Avoidance,Avoidance,1,3,3,16,1,1,2,2,2,2,2,2,2
ADAL,SAADL,ADA,SAA,Avoidance,Lateral,3,3,1,1,0,0,0,0,0,0,0,1,0
SAADL,ADAL,ADA,SAA,Lateral,Avoidance,3,3,0,0,0,0,0,0,0,0,0,0,0
ADAL,RMGL,ADA,RMG,Avoidance,Sublateral,3,3,0,0,0,0,0,0,0,0,0,0,0
RMGL,ADAL,ADA,RMG,Sublateral,Avoidance,3,3,1,3,0,0,0,0,1,0,0,0,2
ADAL,ADLL,ADA,ADL,Avoidance,Taxis,3,1,1,2,0,0,0,0,0,0,1,0,1
ADLL,ADAL,ADA,ADL,Taxis,Avoidance,1,3,2,12,1,0,2,2,2,1,1,1,2
ADAL,RIML,ADA,RIM,Avoidance,Lateral,3,3,3,18,2,2,2,2,2,2,2,2,2
RIML,ADAL,ADA,RIM,Lateral,Avoidance,3,3,1,5,0,0,1,0,0,1,1,1,1
ADAL,AVHR,ADA,AVH,Avoidance,Avoidance,3,3,1,2,0,0,1,0,0,1,0,0,0
AVHR,ADAL,ADA,AVH,Avoidance,Avoidance,3,3,1,3,0,1,0,1,1,0,0,0,0
ADAL,AVDR,ADA,AVD,Avoidance,Avoidance,3,3,1,9,2,2,0,1,0,1,0,1,2
AVDR,ADAL,ADA,AVD,Avoidance,Avoidance,3,3,0,0,0,0,0,0,0,0,0,0,0
ADAL,AVAR,ADA,AVA,Avoidance,Unclassified,3,3,2,13,2,2,2,0,1,2,1,2,1
AVAR,ADAL,ADA,AVA,Unclassified,Avoidance,3,3,0,0,0,0,0,0,0,0,0,0,0
ADAL,AVAL,ADA,AVA,Avoidance,Unclassified,3,3,2,14,1,1,2,1,1,2,2,2,2
AVAL,ADAL,ADA,AVA,Unclassified,Avoidance,3,3,0,0,0,0,0,0,0,0,0,0,0
ADAL,AVBL,ADA,AVB,Avoidance,Avoidance,3,3,3,18,2,2,2,2,2,2,2,2,2
AVBL,ADAL,ADA,AVB,Avoidance,Avoidance,3,3,0,0,0,0,0,0,0,0,0,0,0
ADAL,SIBDL,ADA,SIB,Avoidance,Sublateral,3,3,0,0,0,0,0,0,0,0,0,0,0
SIBDL,ADAL,ADA,SIB,Sublateral,Avoidance,3,3,0,0,0,0,0,0,0,0,0,0,0
ADAL,DVA,ADA,DVA,Avoidance,Sublateral,3,3,1,1,0,0,0,1,0,0,0,0,0
DVA,ADAL,ADA,DVA,Sublateral,Avoidance,3,3,1,4,0,0,1,0,1,1,0,1,0
ADAL,URXL,ADA,URX,Avoidance,Unclassified,3,1,2,2,0,0,0,0,0,0,0,0,2
URXL,ADAL,ADA,URX,Unclassified,Avoidance,1,3,2,11,2,1,1,0,2,2,1,0,2
ADAL,RICL,ADA,RIC,Avoidance,Sublateral,3,3,1,6,0,0,0,1,1,1,1,1,1
RICL,ADAL,ADA,RIC,Sublateral,Avoidance,3,3,2,12,0,1,1,2,1,2,1,2,2
ADAL,AVBR,ADA,AVB,Avoidance,Avoidance,3,3,3,17,1,2,2,2,2,2,2,2,2
AVBR,ADAL,ADA,AVB,Avoidance,Avoidance,3,3,0,0,0,0,0,0,0,0,0,0,0
SIADR,ALML,SIA,ALM,Sublateral,Avoidance,3,1,1,1,0,0,0,0,0,0,0,0,1
ALML,SIADR,SIA,ALM,Avoidance,Sublateral,1,3,1,1,0,0,0,0,0,0,0,0,1
SIADR,AVAL,SIA,AVA,Sublateral,Unclassified,3,3,1,1,0,0,0,0,0,0,0,0,1
AVAL,SIADR,SIA,AVA,Unclassified,Sublateral,3,3,0,0,0,0,0,0,0,0,0,0,0
SIADR,AVEL,SIA,AVE,Sublateral,Anterior,3,3,0,0,0,0,0,0,0,0,0,0,0
AVEL,SIADR,SIA,AVE,Anterior,Sublateral,3,3,0,0,0,0,0,0,0,0,0,0,0
SIADR,AVKL,SIA,AVK,Sublateral,Lateral,3,3,0,0,0,0,0,0,0,0,0,0,0
AVKL,SIADR,SIA,AVK,Lateral,Sublateral,3,3,1,5,0,0,0,1,0,0,1,2,1
SIADR,AIBL,SIA,AIB,Sublateral,Taxis,3,3,0,0,0,0,0,0,0,0,0,0,0
AIBL,SIADR,SIA,AIB,Taxis,Sublateral,3,3,1,6,1,0,0,0,0,2,1,0,2
SIADR,RMDDL,SIA,RMD,Sublateral,Anterior,3,3,0,0,0,0,0,0,0,0,0,0,0
RMDDL,SIADR,SIA,RMD,Anterior,Sublateral,3,3,0,0,0,0,0,0,0,0,0,0,0
SIADR,RMDL,SIA,RMD,Sublateral,Unclassified,3,3,0,0,0,0,0,0,0,0,0,0,0
RMDL,SIADR,SIA,RMD,Unclassified,Sublateral,3,3,0,0,0,0,0,0,0,0,0,0,0
SIADR,SIADL,SIA,SIA,Sublateral,Sublateral,3,3,0,0,0,0,0,0,0,0,0,0,0
SIADL,SIADR,SIA,SIA,Sublateral,Sublateral,3,3,0,0,0,0,0,0,0,0,0,0,0
SIADR,SMDVL,SIA,SMD,Sublateral,Lateral,3,3,0,0,0,0,0,0,0,0,0,0,0
SMDVL,SIADR,SIA,SMD,Lateral,Sublateral,3,3,1,1,0,0,0,0,0,0,0,0,1
AVJL,AVDL,AVJ,AVD,Avoidance,Avoidance,2,3,1,6,1,0,0,1,0,1,1,1,1
AVDL,AVJL,AVJ,AVD,Avoidance,Avoidance,3,2,1,1,0,0,0,0,0,0,0,0,1
AVJL,AVBL,AVJ,AVB,Avoidance,Avoidance,2,3,2,11,0,0,1,1,2,2,2,1,2
AVBL,AVJL,AVJ,AVB,Avoidance,Avoidance,3,2,1,1,0,0,0,0,0,0,1,0,0
AVJL,AVBR,AVJ,AVB,Avoidance,Avoidance,2,3,2,14,1,0,1,2,2,2,2,2,2
AVBR,AVJL,AVJ,AVB,Avoidance,Avoidance,3,2,1,1,0,0,0,0,0,0,0,0,1
AVJL,AVHL,AVJ,AVH,Avoidance,Avoidance,2,3,1,2,0,1,0,0,0,0,0,0,1
AVHL,AVJL,AVJ,AVH,Avoidance,Avoidance,3,2,2,7,0,0,0,1,2,0,1,1,2
AVJL,AIYR,AVJ,AIY,Avoidance,Taxis,2,2,1,5,0,1,2,0,0,0,1,1,0
AIYR,AVJL,AVJ,AIY,Taxis,Avoidance,2,2,0,0,0,0,0,0,0,0,0,0,0
AVJL,AVJR,AVJ,AVJ,Avoidance,Avoidance,2,2,1,2,0,0,1,0,0,0,0,0,1
AVJR,AVJL,AVJ,AVJ,Avoidance,Avoidance,2,2,1,2,0,0,1,0,0,0,0,0,1
AVJL,PVCR,AVJ,PVC,Avoidance,Avoidance,2,3,2,13,1,1,0,1,2,2,2,2,2
PVCR,AVJL,AVJ,PVC,Avoidance,Avoidance,3,2,1,7,0,0,1,0,0,1,2,2,1
AVJL,RIFR,AVJ,RIF,Avoidance,Avoidance,2,3,1,7,0,2,0,2,2,0,0,0,1
RIFR,AVJL,AVJ,RIF,Avoidance,Avoidance,3,2,3,17,2,2,2,2,2,2,2,1,2
IL2L,RMGL,IL2,RMG,Anterior,Sublateral,1,3,1,1,0,0,0,0,0,0,0,0,1
RMGL,IL2L,IL2,RMG,Sublateral,Anterior,3,1,1,2,0,0,0,0,0,0,0,1,1
IL2L,RIH,IL2,RIH,Anterior,Anterior,1,3,3,18,2,2,2,2,2,2,2,2,2
RIH,IL2L,IL2,RIH,Anterior,Anterior,3,1,2,10,1,0,0,1,1,1,2,2,2
IL2L,URXL,IL2,URX,Anterior,Unclassified,1,1,2,4,0,0,0,0,0,0,0,2,2
URXL,IL2L,IL2,URX,Unclassified,Anterior,1,1,1,5,0,0,0,1,0,1,0,2,1
IL2L,IL1L,IL2,IL1,Anterior,Anterior,1,1,2,8,0,0,0,0,1,2,2,1,2
IL1L,IL2L,IL2,IL1,Anterior,Anterior,1,1,1,1,0,0,0,0,0,0,0,0,1
IL2L,URBL,IL2,URB,Anterior,Sublateral,1,3,1,2,0,0,0,0,0,0,0,1,1
URBL,IL2L,IL2,URB,Sublateral,Anterior,3,1,1,9,2,2,1,0,2,1,0,0,1
IL2L,OLLL,IL2,OLL,Anterior,Anterior,1,1,2,8,0,0,1,2,1,1,1,1,1
OLLL,IL2L,IL2,OLL,Anterior,Anterior,1,1,1,2,0,0,0,0,0,0,1,0,1
IL2L,RMED,IL2,RMED,Anterior,Anterior,1,3,1,2,0,0,0,0,0,0,1,1,0
RMED,IL2L,IL2,RMED,Anterior,Anterior,3,1,0,0,0,0,0,0,0,0,0,0,0
IL2L,RMER,IL2,RME,Anterior,Anterior,1,3,2,3,0,0,0,0,0,0,0,1,2
RMER,IL2L,IL2,RME,Anterior,Anterior,3,1,0,0,0,0,0,0,0,0,0,0,0
IL2L,RMEV,IL2,RME,Anterior,Anterior,1,3,2,5,0,0,0,0,0,1,1,1,2
RMEV,IL2L,IL2,RME,Anterior,Anterior,3,1,1,1,0,0,0,0,0,0,1,0,0
AWAL,AWBL,AWA,AWB,Taxis,Taxis,1,1,3,18,2,2,2,2,2,2,2,2,2
AWBL,AWAL,AWA,AWB,Taxis,Taxis,1,1,1,4,0,0,1,0,0,0,0,2,1
AWAL,ASHL,AWA,ASH,Taxis,Avoidance,1,1,2,5,0,0,0,0,0,2,1,1,1
ASHL,AWAL,AWA,ASH,Avoidance,Taxis,1,1,2,9,0,1,2,1,2,0,0,2,1
AWAL,ADLL,AWA,ADL,Taxis,Taxis,1,1,2,12,2,2,2,1,1,1,1,2,0
ADLL,AWAL,AWA,ADL,Taxis,Taxis,1,1,2,4,0,0,0,0,0,0,1,2,1
AWAL,ADFL,AWA,ADF,Taxis,Taxis,1,1,2,10,1,0,1,0,1,2,2,2,1
ADFL,AWAL,AWA,ADF,Taxis,Taxis,1,1,1,2,0,0,1,0,0,0,0,0,1
AWAL,AIAL,AWA,AIA,Taxis,Taxis,1,2,2,12,2,2,1,2,2,0,0,2,1
AIAL,AWAL,AWA,AIA,Taxis,Taxis,2,1,1,2,0,0,0,1,0,0,0,0,1
AWAL,AIZL,AWA,AIZ,Taxis,Taxis,1,3,2,16,0,2,2,2,2,2,2,2,2
AIZL,AWAL,AWA,AIZ,Taxis,Taxis,3,1,1,4,0,0,0,0,0,1,1,1,1
AWAL,AIYL,AWA,AIY,Taxis,Taxis,1,2,2,15,2,1,1,1,2,2,2,2,2
AIYL,AWAL,AWA,AIY,Taxis,Taxis,2,1,2,9,0,1,0,0,1,2,1,2,2
AWAL,ASEL,AWA,ASE,Taxis,Taxis,1,1,3,16,1,2,2,2,2,2,1,2,2
ASEL,AWAL,AWA,ASE,Taxis,Taxis,1,1,1,3,0,0,1,0,0,0,0,1,1
AWAL,PVQL,AWA,PVQ,Taxis,Taxis,1,2,1,3,1,1,0,0,0,0,0,1,0
PVQL,AWAL,AWA,PVQ,Taxis,Taxis,2,1,1,6,0,0,1,0,1,0,1,1,2
IL2VL,OLQVL,IL2,OLQ,Anterior,Anterior,1,1,2,6,0,0,0,0,0,1,1,2,2
OLQVL,IL2VL,IL2,OLQ,Anterior,Anterior,1,1,1,1,0,0,0,0,0,0,0,1,0
IL2VL,RIH,IL2,RIH,Anterior,Anterior,1,3,2,9,0,0,1,0,2,2,1,1,2
RIH,IL2VL,IL2,RIH,Anterior,Anterior,3,1,2,11,0,2,2,0,2,2,1,0,2
IL2VL,IL1VL,IL2,IL1,Anterior,Anterior,1,1,2,11,0,0,1,1,1,2,2,2,2
IL1VL,IL2VL,IL2,IL1,Anterior,Anterior,1,1,1,1,0,0,0,0,0,0,0,0,1
IL2VL,RMER,IL2,RME,Anterior,Anterior,1,3,3,18,2,2,2,2,2,2,2,2,2
RMER,IL2VL,IL2,RME,Anterior,Anterior,3,1,0,0,0,0,0,0,0,0,0,0,0
IL2VL,RIPL,IL2,RIP,Anterior,Anterior,1,2,3,18,2,2,2,2,2,2,2,2,2
RIPL,IL2VL,IL2,RIP,Anterior,Anterior,2,1,0,0,0,0,0,0,0,0,0,0,0
IL2VL,RMEL,IL2,RME,Anterior,Anterior,1,3,3,18,2,2,2,2,2,2,2,2,2
RMEL,IL2VL,IL2,RME,Anterior,Anterior,3,1,1,1,0,0,0,0,0,0,1,0,0
IL2VL,RMEV,IL2,RME,Anterior,Anterior,1,3,3,17,2,2,2,1,2,2,2,2,2
RMEV,IL2VL,IL2,RME,Anterior,Anterior,3,1,0,0,0,0,0,0,0,0,0,0,0
IL2VL,RMED,IL2,RMED,Anterior,Anterior,1,3,2,11,1,0,2,1,2,1,1,2,1
RMED,IL2VL,IL2,RMED,Anterior,Anterior,3,1,0,0,0,0,0,0,0,0,0,0,0
IL2VL,URAVL,IL2,URA,Anterior,Anterior,1,2,2,15,0,2,1,2,2,2,2,2,2
URAVL,IL2VL,IL2,URA,Anterior,Anterior,2,1,1,2,0,1,0,0,0,0,0,0,1
OLQDL,SIBVL,OLQ,SIB,Anterior,Sublateral,1,3,3,17,1,2,2,2,2,2,2,2,2
SIBVL,OLQDL,OLQ,SIB,Sublateral,Anterior,3,1,0,0,0,0,0,0,0,0,0,0,0
OLQDL,URYDL,OLQ,URY,Anterior,Anterior,1,1,1,2,0,1,0,0,0,0,0,0,1
URYDL,OLQDL,OLQ,URY,Anterior,Anterior,1,1,2,5,0,0,0,0,0,1,0,2,2
OLQDL,RIH,OLQ,RIH,Anterior,Anterior,1,3,2,3,0,0,0,0,0,0,0,1,2
RIH,OLQDL,OLQ,RIH,Anterior,Anterior,3,1,3,17,2,2,2,2,2,2,1,2,2
OLQDL,RICR,OLQ,RIC,Anterior,Sublateral,1,3,3,18,2,2,2,2,2,2,2,2,2
RICR,OLQDL,OLQ,RIC,Sublateral,Anterior,3,1,0,0,0,0,0,0,0,0,0,0,0
OLQDL,RICL,OLQ,RIC,Anterior,Sublateral,1,3,1,9,2,1,1,0,2,0,0,2,1
RICL,OLQDL,OLQ,RIC,Sublateral,Anterior,3,1,0,0,0,0,0,0,0,0,0,0,0
OLQDL,RIGL,OLQ,RIG,Anterior,Lateral,1,3,0,0,0,0,0,0,0,0,0,0,0
RIGL,OLQDL,OLQ,RIG,Lateral,Anterior,3,1,1,1,0,1,0,0,0,0,0,0,0
OLQDL,SMBDR,OLQ,SMB,Anterior,Sublateral,1,3,1,3,0,0,0,0,0,1,0,2,0
SMBDR,OLQDL,OLQ,SMB,Sublateral,Anterior,3,1,0,0,0,0,0,0,0,0,0,0,0
OLQDL,CEPDL,OLQ,CEP,Anterior,Sublateral,1,1,1,2,0,0,0,0,0,0,0,1,1
CEPDL,OLQDL,OLQ,CEP,Sublateral,Anterior,1,1,2,16,0,2,2,2,2,2,2,2,2
OLQDL,RMDVL,OLQ,RMD,Anterior,Anterior,1,3,1,1,0,1,0,0,0,0,0,0,0
RMDVL,OLQDL,OLQ,RMD,Anterior,Anterior,3,1,0,0,0,0,0,0,0,0,0,0,0
OLQDL,IL2DL,OLQ,IL2,Anterior,Anterior,1,1,1,1,0,0,0,0,0,0,0,1,0
IL2DL,OLQDL,OLQ,IL2,Anterior,Anterior,1,1,2,6,0,0,0,0,0,2,0,2,2
OLQDL,IL1DL,OLQ,IL1,Anterior,Anterior,1,1,1,3,0,0,0,0,0,1,0,1,1
IL1DL,OLQDL,OLQ,IL1,Anterior,Anterior,1,1,0,0,0,0,0,0,0,0,0,0,0
RIAL,RIVR,RIA,RIV,Anterior,Lateral,3,3,2,11,0,1,0,2,1,1,2,2,2
RIVR,RIAL,RIA,RIV,Lateral,Anterior,3,3,3,17,1,2,2,2,2,2,2,2,2
RIAL,SIBVL,RIA,SIB,Anterior,Sublateral,3,3,0,0,0,0,0,0,0,0,0,0,0
SIBVL,RIAL,RIA,SIB,Sublateral,Anterior,3,3,0,0,0,0,0,0,0,0,0,0,0
RIAL,RIML,RIA,RIM,Anterior,Lateral,3,3,1,1,0,0,0,0,0,0,0,0,1
RIML,RIAL,RIA,RIM,Lateral,Anterior,3,3,1,1,0,0,0,0,0,0,0,0,1
RIAL,SMBVL,RIA,SMB,Anterior,Sublateral,3,3,1,2,0,0,0,0,0,0,0,1,1
SMBVL,RIAL,RIA,SMB,Sublateral,Anterior,3,3,1,2,0,0,0,0,0,0,1,0,1
RIAL,AVAR,RIA,AVA,Anterior,Unclassified,3,3,0,0,0,0,0,0,0,0,0,0,0
AVAR,RIAL,RIA,AVA,Unclassified,Anterior,3,3,0,0,0,0,0,0,0,0,0,0,0
RIAL,SMDVR,RIA,SMD,Anterior,Lateral,3,3,3,18,2,2,2,2,2,2,2,2,2
SMDVR,RIAL,RIA,SMD,Lateral,Anterior,3,3,3,18,2,2,2,2,2,2,2,2,2
RIAL,AVAL,RIA,AVA,Anterior,Unclassified,3,3,1,3,0,0,0,0,0,0,1,0,2
AVAL,RIAL,RIA,AVA,Unclassified,Anterior,3,3,1,1,0,0,0,0,0,0,0,0,1
RIAL,RIH,RIA,RIH,Anterior,Anterior,3,3,0,0,0,0,0,0,0,0,0,0,0
RIH,RIAL,RIA,RIH,Anterior,Anterior,3,3,3,18,2,2,2,2,2,2,2,2,2
RIAL,URXL,RIA,URX,Anterior,Unclassified,3,1,1,1,0,0,0,0,0,0,0,0,1
URXL,RIAL,RIA,URX,Unclassified,Anterior,1,3,3,18,2,2,2,2,2,2,2,2,2
RIAL,ADFL,RIA,ADF,Anterior,Taxis,3,1,1,1,0,0,0,0,0,0,0,0,1
ADFL,RIAL,RIA,ADF,Taxis,Anterior,1,3,3,18,2,2,2,2,2,2,2,2,2
RIAL,AIYL,RIA,AIY,Anterior,Taxis,3,2,0,0,0,0,0,0,0,0,0,0,0
AIYL,RIAL,RIA,AIY,Taxis,Anterior,2,3,3,18,2,2,2,2,2,2,2,2,2
RIAL,AIZL,RIA,AIZ,Anterior,Taxis,3,3,1,2,0,0,0,0,0,0,1,0,1
AIZL,RIAL,RIA,AIZ,Taxis,Anterior,3,3,3,18,2,2,2,2,2,2,2,2,2
RIAL,AUAL,RIA,AUA,Anterior,Taxis,3,3,1,3,0,0,0,0,0,0,2,0,1
AUAL,RIAL,RIA,AUA,Taxis,Anterior,3,3,3,18,2,2,2,2,2,2,2,2,2
RIAL,CEPDL,RIA,CEP,Anterior,Sublateral,3,1,2,9,0,2,1,0,2,2,0,1,1
CEPDL,RIAL,RIA,CEP,Sublateral,Anterior,1,3,0,0,0,0,0,0,0,0,0,0,0
RIAL,CEPVL,RIA,CEP,Anterior,Anterior,3,1,2,10,1,0,1,1,1,2,1,2,1
CEPVL,RIAL,RIA,CEP,Anterior,Anterior,1,3,2,3,0,0,0,0,0,0,0,1,2
RIAL,IL1L,RIA,IL1,Anterior,Anterior,3,1,1,6,0,0,1,1,0,0,1,2,1
IL1L,RIAL,RIA,IL1,Anterior,Anterior,1,3,0,0,0,0,0,0,0,0,0,0,0
RIAL,RIBL,RIA,RIB,Anterior,Taxis,3,3,1,3,0,0,0,0,0,0,1,0,2
RIBL,RIAL,RIA,RIB,Taxis,Anterior,3,3,3,17,2,1,2,2,2,2,2,2,2
RIAL,SMDVL,RIA,SMD,Anterior,Lateral,3,3,3,18,2,2,2,2,2,2,2,2,2
SMDVL,RIAL,RIA,SMD,Lateral,Anterior,3,3,3,18,2,2,2,2,2,2,2,2,2
RIAL,SMDDR,RIA,SMD,Anterior,Lateral,3,3,3,18,2,2,2,2,2,2,2,2,2
SMDDR,RIAL,RIA,SMD,Lateral,Anterior,3,3,3,18,2,2,2,2,2,2,2,2,2
RIAL,RMDVR,RIA,RMD,Anterior,Anterior,3,3,3,18,2,2,2,2,2,2,2,2,2
RMDVR,RIAL,RIA,RMD,Anterior,Anterior,3,3,0,0,0,0,0,0,0,0,0,0,0
RIAL,RIAR,RIA,RIA,Anterior,Anterior,3,3,3,18,2,2,2,2,2,2,2,2,2
RIAR,RIAL,RIA,RIA,Anterior,Anterior,3,3,3,18,2,2,2,2,2,2,2,2,2
RIAL,RMDDR,RIA,RMD,Anterior,Anterior,3,3,3,18,2,2,2,2,2,2,2,2,2
RMDDR,RIAL,RIA,RMD,Anterior,Anterior,3,3,0,0,0,0,0,0,0,0,0,0,0
RIAL,RIR,RIA,RIR,Anterior,Unclassified,3,3,1,2,0,0,0,0,0,0,1,0,1
RIR,RIAL,RIA,RIR,Unclassified,Anterior,3,3,3,18,2,2,2,2,2,2,2,2,2
RIAL,RIVL,RIA,RIV,Anterior,Lateral,3,3,2,11,0,0,2,0,2,2,1,2,2
RIVL,RIAL,RIA,RIV,Lateral,Anterior,3,3,2,13,0,0,2,2,2,2,1,2,2
RIAL,SMDDL,RIA,SMD,Anterior,Lateral,3,3,3,18,2,2,2,2,2,2,2,2,2
SMDDL,RIAL,RIA,SMD,Lateral,Anterior,3,3,3,18,2,2,2,2,2,2,2,2,2
RIAL,SIADL,RIA,SIA,Anterior,Sublateral,3,3,3,17,1,2,2,2,2,2,2,2,2
SIADL,RIAL,RIA,SIA,Sublateral,Anterior,3,3,0,0,0,0,0,0,0,0,0,0,0
RIAL,RMDR,RIA,RMD,Anterior,Unclassified,3,3,3,18,2,2,2,2,2,2,2,2,2
RMDR,RIAL,RIA,RMD,Unclassified,Anterior,3,3,3,18,2,2,2,2,2,2,2,2,2
RIAL,BAGR,RIA,BAG,Anterior,Taxis,3,1,1,2,0,0,0,0,0,0,1,0,1
BAGR,RIAL,RIA,BAG,Taxis,Anterior,1,3,3,18,2,2,2,2,2,2,2,2,2
RIAL,RMDVL,RIA,RMD,Anterior,Anterior,3,3,3,18,2,2,2,2,2,2,2,2,2
RMDVL,RIAL,RIA,RMD,Anterior,Anterior,3,3,1,1,0,0,0,0,0,0,0,0,1
RIAL,RMDL,RIA,RMD,Anterior,Unclassified,3,3,3,18,2,2,2,2,2,2,2,2,2
RMDL,RIAL,RIA,RMD,Unclassified,Anterior,3,3,3,18,2,2,2,2,2,2,2,2,2
RIAL,RMDDL,RIA,RMD,Anterior,Anterior,3,3,3,18,2,2,2,2,2,2,2,2,2
RMDDL,RIAL,RIA,RMD,Anterior,Anterior,3,3,1,1,0,0,0,0,0,0,0,0,1
SAAVL,RIVR,SAA,RIV,Lateral,Lateral,3,3,0,0,0,0,0,0,0,0,0,0,0
RIVR,SAAVL,SAA,RIV,Lateral,Lateral,3,3,0,0,0,0,0,0,0,0,0,0,0
SAAVL,SAAVR,SAA,SAA,Lateral,Lateral,3,3,0,0,0,0,0,0,0,0,0,0,0
SAAVR,SAAVL,SAA,SAA,Lateral,Lateral,3,3,0,0,0,0,0,0,0,0,0,0,0
SAAVL,RIML,SAA,RIM,Lateral,Lateral,3,3,2,15,1,2,1,2,2,1,2,2,2
RIML,SAAVL,SAA,RIM,Lateral,Lateral,3,3,3,16,1,2,1,2,2,2,2,2,2
SAAVL,AVAR,SAA,AVA,Lateral,Unclassified,3,3,1,1,0,0,0,0,0,0,1,0,0
AVAR,SAAVL,SAA,AVA,Unclassified,Lateral,3,3,0,0,0,0,0,0,0,0,0,0,0
SAAVL,AVAL,SAA,AVA,Lateral,Unclassified,3,3,3,18,2,2,2,2,2,2,2,2,2
AVAL,SAAVL,SAA,AVA,Unclassified,Lateral,3,3,1,1,0,0,0,0,0,0,0,0,1
SAAVL,SAADR,SAA,SAA,Lateral,Lateral,3,3,1,2,0,0,0,0,1,0,1,0,0
SAADR,SAAVL,SAA,SAA,Lateral,Lateral,3,3,0,0,0,0,0,0,0,0,0,0,0
SAAVL,SMDDR,SAA,SMD,Lateral,Lateral,3,3,3,17,1,2,2,2,2,2,2,2,2
SMDDR,SAAVL,SAA,SMD,Lateral,Lateral,3,3,1,3,0,0,0,0,0,0,2,0,1
SAAVL,RIVL,SAA,RIV,Lateral,Lateral,3,3,0,0,0,0,0,0,0,0,0,0,0
RIVL,SAAVL,SAA,RIV,Lateral,Lateral,3,3,0,0,0,0,0,0,0,0,0,0,0
SAAVL,SMBDR,SAA,SMB,Lateral,Sublateral,3,3,2,2,0,0,0,0,0,0,0,0,2
SMBDR,SAAVL,SAA,SMB,Sublateral,Lateral,3,3,3,18,2,2,2,2,2,2,2,2,2
SAAVL,RIMR,SAA,RIM,Lateral,Lateral,3,3,3,18,2,2,2,2,2,2,2,2,2
RIMR,SAAVL,SAA,RIM,Lateral,Lateral,3,3,2,15,0,2,2,1,2,2,2,2,2
SAAVL,SMDVL,SAA,SMD,Lateral,Lateral,3,3,1,1,0,0,0,0,0,0,0,0,1
SMDVL,SAAVL,SAA,SMD,Lateral,Lateral,3,3,0,0,0,0,0,0,0,0,0,0,0
SAAVL,SMBVR,SAA,SMB,Lateral,Sublateral,3,3,0,0,0,0,0,0,0,0,0,0,0
SMBVR,SAAVL,SAA,SMB,Sublateral,Lateral,3,3,1,1,0,0,0,0,1,0,0,0,0
SAAVL,SMDDL,SAA,SMD,Lateral,Lateral,3,3,0,0,0,0,0,0,0,0,0,0,0
SMDDL,SAAVL,SAA,SMD,Lateral,Lateral,3,3,0,0,0,0,0,0,0,0,0,0,0
AVJR,RIFL,AVJ,RIF,Avoidance,Avoidance,2,3,1,7,0,2,0,2,2,0,0,0,1
RIFL,AVJR,AVJ,RIF,Avoidance,Avoidance,3,2,3,17,2,2,2,2,2,2,2,1,2
AVJR,AVBL,AVJ,AVB,Avoidance,Avoidance,2,3,2,14,1,0,1,2,2,2,2,2,2
AVBL,AVJR,AVJ,AVB,Avoidance,Avoidance,3,2,1,1,0,0,0,0,0,0,0,0,1
AVJR,AIYL,AVJ,AIY,Avoidance,Taxis,2,2,1,5,0,1,2,0,0,0,1,1,0
AIYL,AVJR,AVJ,AIY,Taxis,Avoidance,2,2,0,0,0,0,0,0,0,0,0,0,0
AVJR,PVCL,AVJ,PVC,Avoidance,Avoidance,2,3,2,13,1,1,0,1,2,2,2,2,2
PVCL,AVJR,AVJ,PVC,Avoidance,Avoidance,3,2,1,7,0,0,1,0,0,1,2,2,1
AIZR,AVEL,AIZ,AVE,Taxis,Anterior,3,3,3,18,2,2,2,2,2,2,2,2,2
AVEL,AIZR,AIZ,AVE,Anterior,Taxis,3,3,1,1,0,0,0,0,0,0,1,0,0
AIZR,AIZL,AIZ,AIZ,Taxis,Taxis,3,3,1,2,0,0,0,0,1,0,0,1,0
AIZL,AIZR,AIZ,AIZ,Taxis,Taxis,3,3,1,2,0,0,0,0,1,0,0,1,0
AIZR,AIBL,AIZ,AIB,Taxis,Taxis,3,3,3,18,2,2,2,2,2,2,2,2,2
AIBL,AIZR,AIZ,AIB,Taxis,Taxis,3,3,1,5,0,0,0,0,1,0,2,1,1
AIZR,BAGL,AIZ,BAG,Taxis,Taxis,3,1,1,5,0,0,0,1,0,1,1,2,0
BAGL,AIZR,AIZ,BAG,Taxis,Taxis,1,3,1,2,0,0,0,0,0,1,0,0,1
RID,AVDL,RID,AVD,Unclassified,Avoidance,3,3,0,0,0,0,0,0,0,0,0,0,0
AVDL,RID,RID,AVD,Avoidance,Unclassified,3,3,0,0,0,0,0,0,0,0,0,0,0
RID,SIBVL,RID,SIB,Unclassified,Sublateral,3,3,0,0,0,0,0,0,0,0,0,0,0
SIBVL,RID,RID,SIB,Sublateral,Unclassified,3,3,1,1,0,0,0,0,0,0,0,0,1
RID,RIGL,RID,RIG,Unclassified,Lateral,3,3,0,0,0,0,0,0,0,0,0,0,0
RIGL,RID,RID,RIG,Lateral,Unclassified,3,3,0,0,0,0,0,0,0,0,0,0,0
RID,AINL,RID,AIN,Unclassified,Taxis,3,2,0,0,0,0,0,0,0,0,0,0,0
AINL,RID,RID,AIN,Taxis,Unclassified,2,3,2,9,0,1,1,2,1,0,0,2,2
RIVL,RIVR,RIV,RIV,Lateral,Lateral,3,3,1,3,0,0,0,0,0,0,1,0,2
RIVR,RIVL,RIV,RIV,Lateral,Lateral,3,3,1,3,0,0,0,0,0,0,1,0,2
RIVL,SAAVR,RIV,SAA,Lateral,Lateral,3,3,0,0,0,0,0,0,0,0,0,0,0
SAAVR,RIVL,RIV,SAA,Lateral,Lateral,3,3,0,0,0,0,0,0,0,0,0,0,0
RIVL,RIML,RIV,RIM,Lateral,Lateral,3,3,1,1,0,0,0,0,1,0,0,0,0
RIML,RIVL,RIV,RIM,Lateral,Lateral,3,3,1,1,0,0,0,0,1,0,0,0,0
RIVL,AVAL,RIV,AVA,Lateral,Unclassified,3,3,1,1,0,1,0,0,0,0,0,0,0
AVAL,RIVL,RIV,AVA,Unclassified,Lateral,3,3,0,0,0,0,0,0,0,0,0,0,0
RIVL,SIBDL,RIV,SIB,Lateral,Sublateral,3,3,0,0,0,0,0,0,0,0,0,0,0
SIBDL,RIVL,RIV,SIB,Sublateral,Lateral,3,3,0,0,0,0,0,0,0,0,0,0,0
RIVL,SAADR,RIV,SAA,Lateral,Lateral,3,3,3,18,2,2,2,2,2,2,2,2,2
SAADR,RIVL,RIV,SAA,Lateral,Lateral,3,3,0,0,0,0,0,0,0,0,0,0,0
RIVL,RICR,RIV,RIC,Lateral,Sublateral,3,3,0,0,0,0,0,0,0,0,0,0,0
RICR,RIVL,RIV,RIC,Sublateral,Lateral,3,3,2,7,0,0,0,1,0,1,1,2,2
RIVL,DVC,RIV,DVC,Lateral,Lateral,3,3,0,0,0,0,0,0,0,0,0,0,0
DVC,RIVL,RIV,DVC,Lateral,Lateral,3,3,1,3,0,0,0,0,0,0,1,1,1
RIVL,RIGR,RIV,RIG,Lateral,Lateral,3,3,0,0,0,0,0,0,0,0,0,0,0
RIGR,RIVL,RIV,RIG,Lateral,Lateral,3,3,1,2,0,0,0,0,0,1,0,1,0
RIVL,AIBL,RIV,AIB,Lateral,Taxis,3,3,0,0,0,0,0,0,0,0,0,0,0
AIBL,RIVL,RIV,AIB,Taxis,Lateral,3,3,1,2,0,0,0,1,0,0,0,1,0
RIVL,SMDDR,RIV,SMD,Lateral,Lateral,3,3,2,14,1,1,1,2,2,2,1,2,2
SMDDR,RIVL,RIV,SMD,Lateral,Lateral,3,3,2,2,0,0,0,0,0,0,0,0,2
RIVL,BAGL,RIV,BAG,Lateral,Taxis,3,1,0,0,0,0,0,0,0,0,0,0,0
BAGL,RIVL,RIV,BAG,Taxis,Lateral,1,3,0,0,0,0,0,0,0,0,0,0,0
RIVL,SMDVL,RIV,SMD,Lateral,Lateral,3,3,2,13,0,1,1,2,1,2,2,2,2
SMDVL,RIVL,RIV,SMD,Lateral,Lateral,3,3,1,1,0,0,0,0,0,0,0,0,1
RIVL,RIAR,RIV,RIA,Lateral,Anterior,3,3,3,17,1,2,2,2,2,2,2,2,2
RIAR,RIVL,RIV,RIA,Anterior,Lateral,3,3,2,11,0,1,0,2,1,1,2,2,2
RIVL,SIAVR,RIV,SIA,Lateral,Sublateral,3,3,2,12,0,0,0,2,2,2,2,2,2
SIAVR,RIVL,RIV,SIA,Sublateral,Lateral,3,3,0,0,0,0,0,0,0,0,0,0,0
SIBVR,RMGL,SIB,RMG,Sublateral,Sublateral,3,3,0,0,0,0,0,0,0,0,0,0,0
RMGL,SIBVR,SIB,RMG,Sublateral,Sublateral,3,3,1,2,0,0,0,0,0,0,1,0,1
SIBVR,SIBVL,SIB,SIB,Sublateral,Sublateral,3,3,0,0,0,0,0,0,0,0,0,0,0
SIBVL,SIBVR,SIB,SIB,Sublateral,Sublateral,3,3,0,0,0,0,0,0,0,0,0,0,0
SIBVR,SMBDL,SIB,SMB,Sublateral,Sublateral,3,3,1,1,0,0,0,0,0,0,0,0,1
SMBDL,SIBVR,SIB,SMB,Sublateral,Sublateral,3,3,1,2,0,1,0,0,0,1,0,0,0
SIBVR,SIAVL,SIB,SIA,Sublateral,Sublateral,3,3,0,0,0,0,0,0,0,0,0,0,0
SIAVL,SIBVR,SIB,SIA,Sublateral,Sublateral,3,3,0,0,0,0,0,0,0,0,0,0,0
SIBVR,AVBL,SIB,AVB,Sublateral,Avoidance,3,3,0,0,0,0,0,0,0,0,0,0,0
AVBL,SIBVR,SIB,AVB,Avoidance,Sublateral,3,3,0,0,0,0,0,0,0,0,0,0,0
SIBVR,SIBDL,SIB,SIB,Sublateral,Sublateral,3,3,0,0,0,0,0,0,0,0,0,0,0
SIBDL,SIBVR,SIB,SIB,Sublateral,Sublateral,3,3,0,0,0,0,0,0,0,0,0,0,0
SIBVR,RICL,SIB,RIC,Sublateral,Sublateral,3,3,1,1,0,0,0,0,0,0,1,0,0
RICL,SIBVR,SIB,RIC,Sublateral,Sublateral,3,3,1,3,0,1,0,0,1,0,1,0,0
SIBVR,RMDDL,SIB,RMD,Sublateral,Anterior,3,3,0,0,0,0,0,0,0,0,0,0,0
RMDDL,SIBVR,SIB,RMD,Anterior,Sublateral,3,3,0,0,0,0,0,0,0,0,0,0,0
SIBVR,RMDL,SIB,RMD,Sublateral,Unclassified,3,3,0,0,0,0,0,0,0,0,0,0,0
RMDL,SIBVR,SIB,RMD,Unclassified,Sublateral,3,3,1,1,0,0,0,0,0,0,0,0,1
SIBVR,RMDVL,SIB,RMD,Sublateral,Anterior,3,3,0,0,0,0,0,0,0,0,0,0,0
RMDVL,SIBVR,SIB,RMD,Anterior,Sublateral,3,3,0,0,0,0,0,0,0,0,0,0,0
FLPR,FLPL,FLP,FLP,Avoidance,Avoidance,1,1,2,14,0,1,2,2,2,2,2,2,1
FLPL,FLPR,FLP,FLP,Avoidance,Avoidance,1,1,2,14,0,1,2,2,2,2,2,2,1
RMDVR,SIBVL,RMD,SIB,Anterior,Sublateral,3,3,0,0,0,0,0,0,0,0,0,0,0
SIBVL,RMDVR,RMD,SIB,Sublateral,Anterior,3,3,0,0,0,0,0,0,0,0,0,0,0
RMDVR,SMBVL,RMD,SMB,Anterior,Sublateral,3,3,1,5,0,0,0,0,1,0,2,2,0
SMBVL,RMDVR,RMD,SMB,Sublateral,Anterior,3,3,1,8,1,2,0,1,0,1,0,2,1
RMDVR,SIAVL,RMD,SIA,Anterior,Sublateral,3,3,1,3,0,0,0,0,0,0,1,0,2
SIAVL,RMDVR,RMD,SIA,Sublateral,Anterior,3,3,0,0,0,0,0,0,0,0,0,0,0
RMDVR,AVEL,RMD,AVE,Anterior,Anterior,3,3,1,1,0,0,0,0,0,0,0,0,1
AVEL,RMDVR,RMD,AVE,Anterior,Anterior,3,3,0,0,0,0,0,0,0,0,0,0,0
RMDVR,IL1L,RMD,IL1,Anterior,Anterior,3,1,2,2,0,0,0,0,0,0,0,0,2
IL1L,RMDVR,RMD,IL1,Anterior,Anterior,1,3,2,12,1,2,0,0,2,2,2,1,2
RMDVR,RMDVL,RMD,RMD,Anterior,Anterior,3,3,2,7,0,0,0,0,2,2,1,1,1
RMDVL,RMDVR,RMD,RMD,Anterior,Anterior,3,3,2,7,0,0,0,0,2,2,1,1,1
RMDVR,RMDL,RMD,RMD,Anterior,Unclassified,3,3,1,2,0,0,0,0,0,0,1,0,1
RMDL,RMDVR,RMD,RMD,Unclassified,Anterior,3,3,3,16,2,2,1,2,2,2,2,1,2
RMDVR,RMDDL,RMD,RMD,Anterior,Anterior,3,3,3,18,2,2,2,2,2,2,2,2,2
RMDDL,RMDVR,RMD,RMD,Anterior,Anterior,3,3,3,18,2,2,2,2,2,2,2,2,2
URBL,SIBVL,URB,SIB,Sublateral,Sublateral,3,3,1,1,0,0,0,0,0,0,0,0,1
SIBVL,URBL,URB,SIB,Sublateral,Sublateral,3,3,0,0,0,0,0,0,0,0,0,0,0
URBL,RICR,URB,RIC,Sublateral,Sublateral,3,3,2,11,0,0,0,2,1,2,2,2,2
RICR,URBL,URB,RIC,Sublateral,Sublateral,3,3,1,3,0,0,0,0,0,1,0,1,1
URBL,URXL,URB,URX,Sublateral,Unclassified,3,1,3,18,2,2,2,2,2,2,2,2,2
URXL,URBL,URB,URX,Unclassified,Sublateral,1,3,1,1,0,0,0,0,0,0,0,0,1
URBL,RICL,URB,RIC,Sublateral,Sublateral,3,3,2,10,0,1,1,2,1,1,1,1,2
RICL,URBL,URB,RIC,Sublateral,Sublateral,3,3,1,2,0,0,0,0,0,0,0,1,1
URBL,IL1L,URB,IL1,Sublateral,Anterior,3,1,3,18,2,2,2,2,2,2,2,2,2
IL1L,URBL,URB,IL1,Anterior,Sublateral,1,3,1,1,0,0,0,0,0,0,0,0,1
URBL,SMBDR,URB,SMB,Sublateral,Sublateral,3,3,2,4,0,0,0,0,0,0,1,1,2
SMBDR,URBL,URB,SMB,Sublateral,Sublateral,3,3,0,0,0,0,0,0,0,0,0,0,0
URBL,CEPDL,URB,CEP,Sublateral,Sublateral,3,1,3,18,2,2,2,2,2,2,2,2,2
CEPDL,URBL,URB,CEP,Sublateral,Sublateral,1,3,2,14,1,2,1,2,2,1,1,2,2
URBL,OLLL,URB,OLL,Sublateral,Anterior,3,1,1,6,1,0,0,0,0,0,1,2,2
OLLL,URBL,URB,OLL,Anterior,Sublateral,1,3,0,0,0,0,0,0,0,0,0,0,0
OLQVL,RICL,OLQ,RIC,Anterior,Sublateral,1,3,3,18,2,2,2,2,2,2,2,2,2
RICL,OLQVL,OLQ,RIC,Sublateral,Anterior,3,1,1,1,0,0,0,0,0,0,0,0,1
OLQVL,IL1VL,OLQ,IL1,Anterior,Anterior,1,1,1,2,0,0,0,0,0,1,0,0,1
IL1VL,OLQVL,OLQ,IL1,Anterior,Anterior,1,1,2,2,0,0,0,0,0,0,0,0,2
OLQVL,RIS,OLQ,RIS,Anterior,Lateral,1,3,0,0,0,0,0,0,0,0,0,0,0
RIS,OLQVL,OLQ,RIS,Lateral,Anterior,3,1,0,0,0,0,0,0,0,0,0,0,0
OLQVL,RIGL,OLQ,RIG,Anterior,Lateral,1,3,0,0,0,0,0,0,0,0,0,0,0
RIGL,OLQVL,OLQ,RIG,Lateral,Anterior,3,1,3,17,2,2,2,2,2,2,1,2,2
OLQVL,RIH,OLQ,RIH,Anterior,Anterior,1,3,1,6,1,1,0,0,0,0,2,1,1
RIH,OLQVL,OLQ,RIH,Anterior,Anterior,3,1,3,18,2,2,2,2,2,2,2,2,2
OLQVL,SMBVL,OLQ,SMB,Anterior,Sublateral,1,3,1,2,1,0,0,0,0,0,1,0,0
SMBVL,OLQVL,OLQ,SMB,Sublateral,Anterior,3,1,0,0,0,0,0,0,0,0,0,0,0
OLQVL,CEPVL,OLQ,CEP,Anterior,Anterior,1,1,0,0,0,0,0,0,0,0,0,0,0
CEPVL,OLQVL,OLQ,CEP,Anterior,Anterior,1,1,3,17,1,2,2,2,2,2,2,2,2
OLQVL,URYVL,OLQ,URY,Anterior,Anterior,1,1,0,0,0,0,0,0,0,0,0,0,0
URYVL,OLQVL,OLQ,URY,Anterior,Anterior,1,1,1,1,0,0,0,0,0,0,0,0,1
OLQVL,URAVL,OLQ,URA,Anterior,Anterior,1,2,0,0,0,0,0,0,0,0,0,0,0
URAVL,OLQVL,OLQ,URA,Anterior,Anterior,2,1,1,1,0,0,0,0,0,0,1,0,0
ASKL,ALA,ASK,ALA,Taxis,Taxis,1,3,1,1,0,0,0,0,0,0,0,0,1
ALA,ASKL,ASK,ALA,Taxis,Taxis,3,1,0,0,0,0,0,0,0,0,0,0,0
ASKL,ASKR,ASK,ASK,Taxis,Taxis,1,1,1,2,0,0,0,0,1,0,0,1,0
ASKR,ASKL,ASK,ASK,Taxis,Taxis,1,1,1,2,0,0,0,0,1,0,0,1,0
AWBL,ASHL,AWB,ASH,Taxis,Avoidance,1,1,2,7,0,0,0,2,1,1,0,1,2
ASHL,AWBL,AWB,ASH,Avoidance,Taxis,1,1,2,6,0,0,0,0,2,1,1,2,0
AWBL,AVHR,AWB,AVH,Taxis,Avoidance,1,3,2,10,2,1,0,2,1,0,1,2,1
AVHR,AWBL,AWB,AVH,Avoidance,Taxis,3,1,2,13,0,2,1,2,2,1,1,2,2
AWBL,RIBL,AWB,RIB,Taxis,Taxis,1,3,1,2,0,0,0,1,0,0,1,0,0
RIBL,AWBL,AWB,RIB,Taxis,Taxis,3,1,0,0,0,0,0,0,0,0,0,0,0
AWBL,ASIL,AWB,ASI,Taxis,Taxis,1,1,0,0,0,0,0,0,0,0,0,0,0
ASIL,AWBL,AWB,ASI,Taxis,Taxis,1,1,1,1,0,0,0,0,0,0,0,1,0
AWBL,AIZL,AWB,AIZ,Taxis,Taxis,1,3,3,18,2,2,2,2,2,2,2,2,2
AIZL,AWBL,AWB,AIZ,Taxis,Taxis,3,1,1,5,0,1,0,1,0,1,1,1,0
AWBL,AIYL,AWB,AIY,Taxis,Taxis,1,2,2,6,0,0,0,0,0,1,2,1,2
AIYL,AWBL,AWB,AIY,Taxis,Taxis,2,1,2,9,0,1,2,0,1,1,1,2,1
AWBL,ASEL,AWB,ASE,Taxis,Taxis,1,1,1,7,1,0,0,1,2,0,1,0,2
ASEL,AWBL,AWB,ASE,Taxis,Taxis,1,1,1,1,0,0,0,0,0,0,0,0,1
AWBL,ADFL,AWB,ADF,Taxis,Taxis,1,1,3,18,2,2,2,2,2,2,2,2,2
ADFL,AWBL,AWB,ADF,Taxis,Taxis,1,1,1,6,0,0,1,0,0,0,1,2,2
AWBL,AIAL,AWB,AIA,Taxis,Taxis,1,2,1,9,1,2,0,0,1,0,2,2,1
AIAL,AWBL,AWB,AIA,Taxis,Taxis,2,1,1,1,1,0,0,0,0,0,0,0,0
ALML,SMBDR,ALM,SMB,Avoidance,Sublateral,1,3,1,1,0,0,0,0,0,0,0,0,1
SMBDR,ALML,ALM,SMB,Sublateral,Avoidance,3,1,0,0,0,0,0,0,0,0,0,0,0
ALML,AVDL,ALM,AVD,Avoidance,Avoidance,1,3,1,3,0,0,0,0,0,0,2,1,0
AVDL,ALML,ALM,AVD,Avoidance,Avoidance,3,1,0,0,0,0,0,0,0,0,0,0,0
ALML,CEPVL,ALM,CEP,Avoidance,Anterior,1,1,2,14,0,0,2,2,2,2,2,2,2
CEPVL,ALML,ALM,CEP,Anterior,Avoidance,1,1,1,1,0,0,0,0,0,0,1,0,0
ALML,CEPDL,ALM,CEP,Avoidance,Sublateral,1,1,3,16,1,2,1,2,2,2,2,2,2
CEPDL,ALML,ALM,CEP,Sublateral,Avoidance,1,1,1,2,0,0,0,0,0,0,0,1,1
ALML,BDUL,ALM,BDU,Avoidance,Avoidance,1,2,3,18,2,2,2,2,2,2,2,2,2
BDUL,ALML,ALM,BDU,Avoidance,Avoidance,2,1,2,11,1,1,0,1,2,1,2,1,2
ADEL,RIGL,ADE,RIG,Unclassified,Lateral,1,3,2,13,1,0,0,2,2,2,2,2,2
RIGL,ADEL,ADE,RIG,Lateral,Unclassified,3,1,1,1,0,0,0,1,0,0,0,0,0
ADEL,AVAR,ADE,AVA,Unclassified,Unclassified,1,3,3,17,1,2,2,2,2,2,2,2,2
AVAR,ADEL,ADE,AVA,Unclassified,Unclassified,3,1,1,2,0,0,0,0,0,0,2,0,0
ADEL,SMDVR,ADE,SMD,Unclassified,Lateral,1,3,1,1,0,0,0,1,0,0,0,0,0
SMDVR,ADEL,ADE,SMD,Lateral,Unclassified,3,1,0,0,0,0,0,0,0,0,0,0,0
ASHL,RIML,ASH,RIM,Avoidance,Lateral,1,3,1,7,0,0,1,0,1,2,1,1,1
RIML,ASHL,ASH,RIM,Lateral,Avoidance,3,1,0,0,0,0,0,0,0,0,0,0,0
ASHL,URXL,ASH,URX,Avoidance,Unclassified,1,1,1,4,0,0,0,1,1,0,0,1,1
URXL,ASHL,ASH,URX,Unclassified,Avoidance,1,1,1,2,0,0,0,0,0,0,1,0,1
ASHL,ADFL,ASH,ADF,Avoidance,Taxis,1,1,2,11,0,1,1,0,2,2,2,1,2
ADFL,ASHL,ASH,ADF,Taxis,Avoidance,1,1,1,5,0,0,1,1,1,0,0,1,1
ASHL,ADLL,ASH,ADL,Avoidance,Taxis,1,1,2,8,0,0,0,0,2,0,2,2,2
ADLL,ASHL,ASH,ADL,Taxis,Avoidance,1,1,2,13,0,0,1,2,2,2,2,2,2
ASHL,AIAL,ASH,AIA,Avoidance,Taxis,1,2,3,18,2,2,2,2,2,2,2,2,2
AIAL,ASHL,ASH,AIA,Taxis,Avoidance,2,1,1,9,1,1,2,2,1,0,1,0,1
ASHL,AIBL,ASH,AIB,Avoidance,Taxis,1,3,3,18,2,2,2,2,2,2,2,2,2
AIBL,ASHL,ASH,AIB,Taxis,Avoidance,3,1,1,1,0,0,0,0,0,0,0,0,1
ASHL,AIZL,ASH,AIZ,Avoidance,Taxis,1,3,1,3,0,1,0,0,0,0,0,1,1
AIZL,ASHL,ASH,AIZ,Taxis,Avoidance,3,1,0,0,0,0,0,0,0,0,0,0,0
ASHL,ASEL,ASH,ASE,Avoidance,Taxis,1,1,1,2,0,0,1,0,0,0,1,0,0
ASEL,ASHL,ASH,ASE,Taxis,Avoidance,1,1,1,2,0,0,0,0,0,0,1,0,1
ASHL,RMGL,ASH,RMG,Avoidance,Sublateral,1,3,2,5,0,0,0,0,0,1,1,2,1
RMGL,ASHL,ASH,RMG,Sublateral,Avoidance,3,1,2,6,0,0,0,0,1,2,0,1,2
ASHL,RIFL,ASH,RIF,Avoidance,Avoidance,1,3,1,5,0,1,0,0,1,0,2,1,0
RIFL,ASHL,ASH,RIF,Avoidance,Avoidance,3,1,2,14,2,2,2,2,1,2,1,1,1
ASHL,AVHR,ASH,AVH,Avoidance,Avoidance,1,3,1,8,1,0,0,1,2,0,0,2,2
AVHR,ASHL,ASH,AVH,Avoidance,Avoidance,3,1,1,7,0,1,1,1,0,1,1,1,1
ASHL,SMBVL,ASH,SMB,Avoidance,Sublateral,1,3,1,5,1,1,0,1,0,0,0,1,1
SMBVL,ASHL,ASH,SMB,Sublateral,Avoidance,3,1,0,0,0,0,0,0,0,0,0,0,0
ASHL,ASHR,ASH,ASH,Avoidance,Avoidance,1,1,1,2,0,0,0,0,0,0,2,0,0
ASHR,ASHL,ASH,ASH,Avoidance,Avoidance,1,1,1,2,0,0,0,0,0,0,2,0,0
ASHL,AVBL,ASH,AVB,Avoidance,Avoidance,1,3,3,17,2,2,1,2,2,2,2,2,2
AVBL,ASHL,ASH,AVB,Avoidance,Avoidance,3,1,0,0,0,0,0,0,0,0,0,0,0
SAADL,RIML,SAA,RIM,Lateral,Lateral,3,3,3,18,2,2,2,2,2,2,2,2,2
RIML,SAADL,SAA,RIM,Lateral,Lateral,3,3,2,10,2,1,0,1,1,1,1,2,1
SAADL,SMDDL,SAA,SMD,Lateral,Lateral,3,3,0,0,0,0,0,0,0,0,0,0,0
SMDDL,SAADL,SAA,SMD,Lateral,Lateral,3,3,0,0,0,0,0,0,0,0,0,0,0
SAADL,SIBVL,SAA,SIB,Lateral,Sublateral,3,3,0,0,0,0,0,0,0,0,0,0,0
SIBVL,SAADL,SAA,SIB,Sublateral,Lateral,3,3,0,0,0,0,0,0,0,0,0,0,0
SAADL,RIGR,SAA,RIG,Lateral,Lateral,3,3,0,0,0,0,0,0,0,0,0,0,0
RIGR,SAADL,SAA,RIG,Lateral,Lateral,3,3,1,1,0,0,1,0,0,0,0,0,0
SAADL,SAADR,SAA,SAA,Lateral,Lateral,3,3,0,0,0,0,0,0,0,0,0,0,0
SAADR,SAADL,SAA,SAA,Lateral,Lateral,3,3,0,0,0,0,0,0,0,0,0,0,0
SAADL,RIVR,SAA,RIV,Lateral,Lateral,3,3,0,0,0,0,0,0,0,0,0,0,0
RIVR,SAADL,SAA,RIV,Lateral,Lateral,3,3,3,18,2,2,2,2,2,2,2,2,2
SAADL,AVAL,SAA,AVA,Lateral,Unclassified,3,3,3,18,2,2,2,2,2,2,2,2,2
AVAL,SAADL,SAA,AVA,Unclassified,Lateral,3,3,0,0,0,0,0,0,0,0,0,0,0
SAADL,SAAVR,SAA,SAA,Lateral,Lateral,3,3,0,0,0,0,0,0,0,0,0,0,0
SAAVR,SAADL,SAA,SAA,Lateral,Lateral,3,3,1,2,0,0,0,0,1,0,1,0,0
SAADL,RIGL,SAA,RIG,Lateral,Lateral,3,3,1,1,0,0,0,0,0,0,0,0,1
RIGL,SAADL,SAA,RIG,Lateral,Lateral,3,3,1,2,0,0,0,0,0,0,0,2,0
SAADL,AIBL,SAA,AIB,Lateral,Taxis,3,3,2,2,0,0,0,0,0,0,0,0,2
AIBL,SAADL,SAA,AIB,Taxis,Lateral,3,3,2,12,1,0,1,2,1,1,2,2,2
SAADL,OLLR,SAA,OLL,Lateral,Anterior,3,1,1,8,1,0,0,0,0,1,2,2,2
OLLR,SAADL,SAA,OLL,Anterior,Lateral,1,3,0,0,0,0,0,0,0,0,0,0,0
SAADL,SMBVL,SAA,SMB,Lateral,Sublateral,3,3,1,2,0,0,0,0,0,0,1,0,1
SMBVL,SAADL,SAA,SMB,Sublateral,Lateral,3,3,3,18,2,2,2,2,2,2,2,2,2
SAADL,SMBDL,SAA,SMB,Lateral,Sublateral,3,3,1,1,0,0,0,0,0,0,0,0,1
SMBDL,SAADL,SAA,SMB,Sublateral,Lateral,3,3,0,0,0,0,0,0,0,0,0,0,0
SAADL,SMDVR,SAA,SMD,Lateral,Lateral,3,3,2,14,0,2,2,2,1,2,2,2,1
SMDVR,SAADL,SAA,SMD,Lateral,Lateral,3,3,1,2,0,0,0,0,0,1,1,0,0
SAADL,AIBR,SAA,AIB,Lateral,Taxis,3,3,1,1,0,0,0,0,0,0,0,0,1
AIBR,SAADL,SAA,AIB,Taxis,Lateral,3,3,1,4,0,0,0,0,1,0,0,1,2
SAADL,RMGR,SAA,RMG,Lateral,Sublateral,3,3,1,4,0,0,0,0,0,1,1,1,1
RMGR,SAADL,SAA,RMG,Sublateral,Lateral,3,3,1,5,0,0,0,0,2,0,1,1,1
SAADL,RIMR,SAA,RIM,Lateral,Lateral,3,3,3,18,2,2,2,2,2,2,2,2,2
RIMR,SAADL,SAA,RIM,Lateral,Lateral,3,3,2,10,0,0,1,1,1,2,2,2,1
RIVR,SMDDL,RIV,SMD,Lateral,Lateral,3,3,2,14,1,1,1,2,2,2,1,2,2
SMDDL,RIVR,RIV,SMD,Lateral,Lateral,3,3,2,2,0,0,0,0,0,0,0,0,2
RIVR,RICL,RIV,RIC,Lateral,Sublateral,3,3,0,0,0,0,0,0,0,0,0,0,0
RICL,RIVR,RIV,RIC,Sublateral,Lateral,3,3,2,7,0,0,0,1,0,1,1,2,2
RIVR,RIGL,RIV,RIG,Lateral,Lateral,3,3,0,0,0,0,0,0,0,0,0,0,0
RIGL,RIVR,RIV,RIG,Lateral,Lateral,3,3,1,2,0,0,0,0,0,1,0,1,0
RIVR,SIAVL,RIV,SIA,Lateral,Sublateral,3,3,2,12,0,0,0,2,2,2,2,2,2
SIAVL,RIVR,RIV,SIA,Sublateral,Lateral,3,3,0,0,0,0,0,0,0,0,0,0,0
RMGL,URXL,RMG,URX,Sublateral,Unclassified,3,1,2,5,0,0,0,0,0,0,1,2,2
URXL,RMGL,RMG,URX,Unclassified,Sublateral,1,3,2,10,0,1,0,2,1,1,1,2,2
RMGL,AIML,RMG,AIM,Sublateral,Taxis,3,2,2,5,0,0,0,0,0,0,1,2,2
AIML,RMGL,RMG,AIM,Taxis,Sublateral,2,3,1,3,0,0,0,0,0,1,0,0,2
RMGL,RIFL,RMG,RIF,Sublateral,Avoidance,3,3,1,1,0,0,0,0,0,0,0,0,1
RIFL,RMGL,RMG,RIF,Avoidance,Sublateral,3,3,0,0,0,0,0,0,0,0,0,0,0
RMGL,SAADR,RMG,SAA,Sublateral,Lateral,3,3,1,5,0,0,0,0,2,0,1,1,1
SAADR,RMGL,RMG,SAA,Lateral,Sublateral,3,3,1,4,0,0,0,0,0,1,1,1,1
RMGL,RMDR,RMG,RMD,Sublateral,Unclassified,3,3,3,18,2,2,2,2,2,2,2,2,2
RMDR,RMGL,RMG,RMD,Unclassified,Sublateral,3,3,1,7,0,2,1,0,1,1,1,0,1
RMGL,AVEL,RMG,AVE,Sublateral,Anterior,3,3,2,8,0,0,0,0,0,2,2,2,2
AVEL,RMGL,RMG,AVE,Anterior,Sublateral,3,3,2,2,0,0,0,0,0,0,0,0,2
RMGL,SMBVL,RMG,SMB,Sublateral,Sublateral,3,3,2,7,0,0,0,0,1,1,1,2,2
SMBVL,RMGL,RMG,SMB,Sublateral,Sublateral,3,3,1,1,0,0,0,0,0,0,0,0,1
RMGL,PVQL,RMG,PVQ,Sublateral,Taxis,3,2,0,0,0,0,0,0,0,0,0,0,0
PVQL,RMGL,RMG,PVQ,Taxis,Sublateral,2,3,1,3,0,0,0,0,0,1,0,0,2
RMGL,RMDL,RMG,RMD,Sublateral,Unclassified,3,3,2,16,0,2,2,2,2,2,2,2,2
RMDL,RMGL,RMG,RMD,Unclassified,Sublateral,3,3,1,1,0,0,0,0,0,0,1,0,0
AVDL,SIBVL,AVD,SIB,Avoidance,Sublateral,3,3,0,0,0,0,0,0,0,0,0,0,0
SIBVL,AVDL,AVD,SIB,Sublateral,Avoidance,3,3,1,1,0,0,0,0,0,0,0,0,1
AVDL,ADAR,AVD,ADA,Avoidance,Avoidance,3,3,0,0,0,0,0,0,0,0,0,0,0
ADAR,AVDL,AVD,ADA,Avoidance,Avoidance,3,3,1,9,2,2,0,1,0,1,0,1,2
AVDL,AVER,AVD,AVE,Avoidance,Anterior,3,3,0,0,0,0,0,0,0,0,0,0,0
AVER,AVDL,AVD,AVE,Anterior,Avoidance,3,3,0,0,0,0,0,0,0,0,0,0,0
AVDL,DVA,AVD,DVA,Avoidance,Sublateral,3,3,0,0,0,0,0,0,0,0,0,0,0
DVA,AVDL,AVD,DVA,Sublateral,Avoidance,3,3,2,5,0,0,0,0,0,1,2,1,1
AVDL,BAGL,AVD,BAG,Avoidance,Taxis,3,1,0,0,0,0,0,0,0,0,0,0,0
BAGL,AVDL,AVD,BAG,Taxis,Avoidance,1,3,0,0,0,0,0,0,0,0,0,0,0
AVDL,AVBL,AVD,AVB,Avoidance,Avoidance,3,3,0,0,0,0,0,0,0,0,0,0,0
AVBL,AVDL,AVD,AVB,Avoidance,Avoidance,3,3,1,1,0,0,0,0,0,0,1,0,0
AVDL,AVHL,AVD,AVH,Avoidance,Avoidance,3,3,0,0,0,0,0,0,0,0,0,0,0
AVHL,AVDL,AVD,AVH,Avoidance,Avoidance,3,3,1,3,0,0,0,0,0,0,1,0,2
AVDL,AVBR,AVD,AVB,Avoidance,Avoidance,3,3,0,0,0,0,0,0,0,0,0,0,0
AVBR,AVDL,AVD,AVB,Avoidance,Avoidance,3,3,1,1,0,0,0,0,0,0,0,0,1
ADAR,AVAL,ADA,AVA,Avoidance,Unclassified,3,3,2,13,2,2,2,0,1,2,1,2,1
AVAL,ADAR,ADA,AVA,Unclassified,Avoidance,3,3,0,0,0,0,0,0,0,0,0,0,0
ADAR,AVBL,ADA,AVB,Avoidance,Avoidance,3,3,3,17,1,2,2,2,2,2,2,2,2
AVBL,ADAR,ADA,AVB,Avoidance,Avoidance,3,3,0,0,0,0,0,0,0,0,0,0,0
ADAR,AVHL,ADA,AVH,Avoidance,Avoidance,3,3,1,2,0,0,1,0,0,1,0,0,0
AVHL,ADAR,ADA,AVH,Avoidance,Avoidance,3,3,1,3,0,1,0,1,1,0,0,0,0
ADLL,AIAL,ADL,AIA,Taxis,Taxis,1,2,3,18,2,2,2,2,2,2,2,2,2
AIAL,ADLL,ADL,AIA,Taxis,Taxis,2,1,2,7,0,0,0,1,0,1,1,2,2
ADLL,PVQL,ADL,PVQ,Taxis,Taxis,1,2,1,3,1,0,0,0,1,0,1,0,0
PVQL,ADLL,ADL,PVQ,Taxis,Taxis,2,1,1,4,0,0,0,0,0,2,0,2,0
ADLL,AIBL,ADL,AIB,Taxis,Taxis,1,3,3,18,2,2,2,2,2,2,2,2,2
AIBL,ADLL,ADL,AIB,Taxis,Taxis,3,1,1,2,0,0,0,0,0,0,0,1,1
ADLL,SMBVL,ADL,SMB,Taxis,Sublateral,1,3,1,7,0,1,0,0,1,1,0,2,2
SMBVL,ADLL,ADL,SMB,Sublateral,Taxis,3,1,1,1,0,0,0,0,0,0,0,0,1
ADLL,ALA,ADL,ALA,Taxis,Taxis,1,3,1,1,0,0,0,0,0,0,0,0,1
ALA,ADLL,ADL,ALA,Taxis,Taxis,3,1,1,1,0,0,0,0,0,0,0,1,0
ADLL,ASEL,ADL,ASE,Taxis,Taxis,1,1,2,13,1,0,2,0,2,2,2,2,2
ASEL,ADLL,ADL,ASE,Taxis,Taxis,1,1,1,4,0,0,1,0,0,0,1,1,1
ADLL,ADLR,ADL,ADL,Taxis,Taxis,1,1,0,0,0,0,0,0,0,0,0,0,0
ADLR,ADLL,ADL,ADL,Taxis,Taxis,1,1,0,0,0,0,0,0,0,0,0,0,0
SAAVR,RIML,SAA,RIM,Lateral,Lateral,3,3,3,18,2,2,2,2,2,2,2,2,2
RIML,SAAVR,SAA,RIM,Lateral,Lateral,3,3,2,15,0,2,2,1,2,2,2,2,2
SAAVR,SMDDL,SAA,SMD,Lateral,Lateral,3,3,3,17,1,2,2,2,2,2,2,2,2
SMDDL,SAAVR,SAA,SMD,Lateral,Lateral,3,3,1,3,0,0,0,0,0,0,2,0,1
SAAVR,AVAL,SAA,AVA,Lateral,Unclassified,3,3,1,1,0,0,0,0,0,0,1,0,0
AVAL,SAAVR,SAA,AVA,Unclassified,Lateral,3,3,0,0,0,0,0,0,0,0,0,0,0
SAAVR,SMBDL,SAA,SMB,Lateral,Sublateral,3,3,2,2,0,0,0,0,0,0,0,0,2
SMBDL,SAAVR,SAA,SMB,Sublateral,Lateral,3,3,3,18,2,2,2,2,2,2,2,2,2
SAAVR,SMBVL,SAA,SMB,Lateral,Sublateral,3,3,0,0,0,0,0,0,0,0,0,0,0
SMBVL,SAAVR,SAA,SMB,Sublateral,Lateral,3,3,1,1,0,0,0,0,1,0,0,0,0
SIBVL,RMDDL,SIB,RMD,Sublateral,Anterior,3,3,0,0,0,0,0,0,0,0,0,0,0
RMDDL,SIBVL,SIB,RMD,Anterior,Sublateral,3,3,0,0,0,0,0,0,0,0,0,0,0
SIBVL,SIADL,SIB,SIA,Sublateral,Sublateral,3,3,0,0,0,0,0,0,0,0,0,0,0
SIADL,SIBVL,SIB,SIA,Sublateral,Sublateral,3,3,0,0,0,0,0,0,0,0,0,0,0
SIBVL,SIAVL,SIB,SIA,Sublateral,Sublateral,3,3,0,0,0,0,0,0,0,0,0,0,0
SIAVL,SIBVL,SIB,SIA,Sublateral,Sublateral,3,3,0,0,0,0,0,0,0,0,0,0,0
SIBVL,SIBDL,SIB,SIB,Sublateral,Sublateral,3,3,0,0,0,0,0,0,0,0,0,0,0
SIBDL,SIBVL,SIB,SIB,Sublateral,Sublateral,3,3,0,0,0,0,0,0,0,0,0,0,0
SIBVL,SMBDR,SIB,SMB,Sublateral,Sublateral,3,3,1,1,0,0,0,0,0,0,0,0,1
SMBDR,SIBVL,SIB,SMB,Sublateral,Sublateral,3,3,1,2,0,1,0,0,0,1,0,0,0
SIBVL,SMBDL,SIB,SMB,Sublateral,Sublateral,3,3,0,0,0,0,0,0,0,0,0,0,0
SMBDL,SIBVL,SIB,SMB,Sublateral,Sublateral,3,3,0,0,0,0,0,0,0,0,0,0,0
SIBVL,RMDDR,SIB,RMD,Sublateral,Anterior,3,3,0,0,0,0,0,0,0,0,0,0,0
RMDDR,SIBVL,SIB,RMD,Anterior,Sublateral,3,3,0,0,0,0,0,0,0,0,0,0,0
SIBVL,RMGR,SIB,RMG,Sublateral,Sublateral,3,3,0,0,0,0,0,0,0,0,0,0,0
RMGR,SIBVL,SIB,RMG,Sublateral,Sublateral,3,3,1,2,0,0,0,0,0,0,1,0,1
SIBVL,DVA,SIB,DVA,Sublateral,Sublateral,3,3,0,0,0,0,0,0,0,0,0,0,0
DVA,SIBVL,SIB,DVA,Sublateral,Sublateral,3,3,1,4,0,0,0,0,2,1,0,1,0
SIBVL,RICR,SIB,RIC,Sublateral,Sublateral,3,3,1,1,0,0,0,0,0,0,1,0,0
RICR,SIBVL,SIB,RIC,Sublateral,Sublateral,3,3,1,3,0,1,0,0,1,0,1,0,0
SIBVL,SIAVR,SIB,SIA,Sublateral,Sublateral,3,3,0,0,0,0,0,0,0,0,0,0,0
SIAVR,SIBVL,SIB,SIA,Sublateral,Sublateral,3,3,0,0,0,0,0,0,0,0,0,0,0
SIBVL,SIBDR,SIB,SIB,Sublateral,Sublateral,3,3,0,0,0,0,0,0,0,0,0,0,0
SIBDR,SIBVL,SIB,SIB,Sublateral,Sublateral,3,3,0,0,0,0,0,0,0,0,0,0,0
SIBVL,RMDR,SIB,RMD,Sublateral,Unclassified,3,3,0,0,0,0,0,0,0,0,0,0,0
RMDR,SIBVL,SIB,RMD,Unclassified,Sublateral,3,3,1,1,0,0,0,0,0,0,0,0,1
SIBVL,AVBR,SIB,AVB,Sublateral,Avoidance,3,3,0,0,0,0,0,0,0,0,0,0,0
AVBR,SIBVL,SIB,AVB,Avoidance,Sublateral,3,3,0,0,0,0,0,0,0,0,0,0,0
RIFL,AIAL,RIF,AIA,Avoidance,Taxis,3,2,0,0,0,0,0,0,0,0,0,0,0
AIAL,RIFL,RIF,AIA,Taxis,Avoidance,2,3,3,18,2,2,2,2,2,2,2,2,2
RIFL,AVBL,RIF,AVB,Avoidance,Avoidance,3,3,3,18,2,2,2,2,2,2,2,2,2
AVBL,RIFL,RIF,AVB,Avoidance,Avoidance,3,3,0,0,0,0,0,0,0,0,0,0,0
RIFL,BDUL,RIF,BDU,Avoidance,Avoidance,3,2,1,4,0,0,0,2,0,0,0,2,0
BDUL,RIFL,RIF,BDU,Avoidance,Avoidance,2,3,1,5,1,0,1,0,2,0,0,0,1
RIFL,PVQL,RIF,PVQ,Avoidance,Taxis,3,2,0,0,0,0,0,0,0,0,0,0,0
PVQL,RIFL,RIF,PVQ,Taxis,Avoidance,2,3,1,2,0,0,0,0,0,1,0,0,1
RIML,AIBL,RIM,AIB,Lateral,Taxis,3,3,1,2,1,0,0,0,0,0,0,0,1
AIBL,RIML,RIM,AIB,Taxis,Lateral,3,3,2,11,0,0,1,2,2,1,2,1,2
RIML,AIZL,RIM,AIZ,Lateral,Taxis,3,3,1,1,0,0,0,0,0,0,0,1,0
AIZL,RIML,RIM,AIZ,Taxis,Lateral,3,3,3,18,2,2,2,2,2,2,2,2,2
RIML,AUAL,RIM,AUA,Lateral,Taxis,3,3,0,0,0,0,0,0,0,0,0,0,0
AUAL,RIML,RIM,AUA,Taxis,Lateral,3,3,0,0,0,0,0,0,0,0,0,0,0
RIML,AVAL,RIM,AVA,Lateral,Unclassified,3,3,1,2,0,0,0,0,0,0,0,1,1
AVAL,RIML,RIM,AVA,Unclassified,Lateral,3,3,0,0,0,0,0,0,0,0,0,0,0
RIML,AVBL,RIM,AVB,Lateral,Avoidance,3,3,2,15,1,1,2,1,2,2,2,2,2
AVBL,RIML,RIM,AVB,Avoidance,Lateral,3,3,0,0,0,0,0,0,0,0,0,0,0
RIML,AVEL,RIM,AVE,Lateral,Anterior,3,3,1,2,0,0,0,0,0,0,1,1,0
AVEL,RIML,RIM,AVE,Anterior,Lateral,3,3,1,1,0,0,0,0,0,0,0,0,1
RIML,AVKL,RIM,AVK,Lateral,Lateral,3,3,1,1,0,0,0,0,0,0,0,1,0
AVKL,RIML,RIM,AVK,Lateral,Lateral,3,3,3,18,2,2,2,2,2,2,2,2,2
RIML,RIBL,RIM,RIB,Lateral,Taxis,3,3,3,17,1,2,2,2,2,2,2,2,2
RIBL,RIML,RIM,RIB,Taxis,Lateral,3,3,1,4,0,1,0,0,0,1,1,0,1
RIML,AVER,RIM,AVE,Lateral,Anterior,3,3,1,3,0,0,0,0,0,1,1,0,1
AVER,RIML,RIM,AVE,Anterior,Lateral,3,3,0,0,0,0,0,0,0,0,0,0,0
RIML,RIS,RIM,RIS,Lateral,Lateral,3,3,1,9,1,1,1,2,0,1,0,2,1
RIS,RIML,RIM,RIS,Lateral,Lateral,3,3,2,16,0,2,2,2,2,2,2,2,2
RIML,SMDVL,RIM,SMD,Lateral,Lateral,3,3,3,17,1,2,2,2,2,2,2,2,2
SMDVL,RIML,RIM,SMD,Lateral,Lateral,3,3,1,1,0,0,0,0,0,0,0,1,0
RIML,SMDDR,RIM,SMD,Lateral,Lateral,3,3,3,18,2,2,2,2,2,2,2,2,2
SMDDR,RIML,RIM,SMD,Lateral,Lateral,3,3,1,1,0,0,0,0,0,0,0,0,1
RIML,AVAR,RIM,AVA,Lateral,Unclassified,3,3,1,9,1,1,0,0,1,2,1,1,2
AVAR,RIML,RIM,AVA,Unclassified,Lateral,3,3,0,0,0,0,0,0,0,0,0,0,0
RIML,SMDVR,RIM,SMD,Lateral,Lateral,3,3,2,15,2,2,0,2,2,2,2,2,1
SMDVR,RIML,RIM,SMD,Lateral,Lateral,3,3,1,1,0,0,0,0,0,0,0,0,1
RIML,AIBR,RIM,AIB,Lateral,Taxis,3,3,3,17,1,2,2,2,2,2,2,2,2
AIBR,RIML,RIM,AIB,Taxis,Lateral,3,3,3,18,2,2,2,2,2,2,2,2,2
RIML,SIBDL,RIM,SIB,Lateral,Sublateral,3,3,0,0,0,0,0,0,0,0,0,0,0
SIBDL,RIML,RIM,SIB,Sublateral,Lateral,3,3,0,0,0,0,0,0,0,0,0,0,0
RIML,SAADR,RIM,SAA,Lateral,Lateral,3,3,2,10,0,0,1,1,1,2,2,2,1
SAADR,RIML,RIM,SAA,Lateral,Lateral,3,3,3,18,2,2,2,2,2,2,2,2,2
RIML,SMDDL,RIM,SMD,Lateral,Lateral,3,3,3,18,2,2,2,2,2,2,2,2,2
SMDDL,RIML,RIM,SMD,Lateral,Lateral,3,3,2,10,0,0,0,0,2,2,2,2,2
RIML,SIADL,RIM,SIA,Lateral,Sublateral,3,3,1,5,0,1,0,1,1,1,0,1,0
SIADL,RIML,RIM,SIA,Sublateral,Lateral,3,3,0,0,0,0,0,0,0,0,0,0,0
RIML,RIMR,RIM,RIM,Lateral,Lateral,3,3,2,4,0,0,0,0,0,0,1,1,2
RIMR,RIML,RIM,RIM,Lateral,Lateral,3,3,2,4,0,0,0,0,0,0,1,1,2
RIML,RMDR,RIM,RMD,Lateral,Unclassified,3,3,3,18,2,2,2,2,2,2,2,2,2
RMDR,RIML,RIM,RMD,Unclassified,Lateral,3,3,0,0,0,0,0,0,0,0,0,0,0
RIML,AVBR,RIM,AVB,Lateral,Avoidance,3,3,3,18,2,2,2,2,2,2,2,2,2
AVBR,RIML,RIM,AVB,Avoidance,Lateral,3,3,0,0,0,0,0,0,0,0,0,0,0
RIML,AVKR,RIM,AVK,Lateral,Lateral,3,3,2,5,0,0,0,0,0,1,0,2,2
AVKR,RIML,RIM,AVK,Lateral,Lateral,3,3,3,17,2,2,1,2,2,2,2,2,2
AVHR,ADFL,AVH,ADF,Avoidance,Taxis,3,1,3,16,1,2,2,2,2,2,2,2,1
ADFL,AVHR,AVH,ADF,Taxis,Avoidance,1,3,1,7,1,2,0,0,1,0,1,1,1
AVHR,AVBL,AVH,AVB,Avoidance,Avoidance,3,3,1,5,0,1,0,0,1,0,0,1,2
AVBL,AVHR,AVH,AVB,Avoidance,Avoidance,3,3,0,0,0,0,0,0,0,0,0,0,0
AVHR,PVPL,AVH,PVP,Avoidance,Avoidance,3,3,2,12,0,1,1,1,1,2,2,2,2
PVPL,AVHR,AVH,PVP,Avoidance,Avoidance,3,3,2,10,1,1,1,1,0,0,2,2,2
AVHR,SMBVL,AVH,SMB,Avoidance,Sublateral,3,3,2,11,0,1,0,1,2,1,2,2,2
SMBVL,AVHR,AVH,SMB,Sublateral,Avoidance,3,3,2,2,0,0,0,0,0,0,0,0,2
SMBVL,AIML,SMB,AIM,Sublateral,Taxis,3,2,1,1,0,0,0,0,0,0,0,0,1
AIML,SMBVL,SMB,AIM,Taxis,Sublateral,2,3,1,2,0,0,0,0,0,0,0,1,1
SMBVL,RICL,SMB,RIC,Sublateral,Sublateral,3,3,0,0,0,0,0,0,0,0,0,0,0
RICL,SMBVL,SMB,RIC,Sublateral,Sublateral,3,3,0,0,0,0,0,0,0,0,0,0,0
SMBVL,AIZL,SMB,AIZ,Sublateral,Taxis,3,3,1,1,0,0,0,0,0,0,1,0,0
AIZL,SMBVL,SMB,AIZ,Taxis,Sublateral,3,3,3,18,2,2,2,2,2,2,2,2,2
SMBVL,SMBDL,SMB,SMB,Sublateral,Sublateral,3,3,2,2,0,0,0,0,0,0,0,0,2
SMBDL,SMBVL,SMB,SMB,Sublateral,Sublateral,3,3,1,1,0,0,0,0,0,0,0,0,1
SMBVL,ADFL,SMB,ADF,Sublateral,Taxis,3,1,0,0,0,0,0,0,0,0,0,0,0
ADFL,SMBVL,SMB,ADF,Taxis,Sublateral,1,3,2,14,0,1,2,2,1,2,2,2,2
SMBVL,AIYL,SMB,AIY,Sublateral,Taxis,3,2,0,0,0,0,0,0,0,0,0,0,0
AIYL,SMBVL,SMB,AIY,Taxis,Sublateral,2,3,0,0,0,0,0,0,0,0,0,0,0
SMBVL,CEPVL,SMB,CEP,Sublateral,Anterior,3,1,1,4,0,0,0,1,1,0,0,1,1
CEPVL,SMBVL,SMB,CEP,Anterior,Sublateral,1,3,1,6,0,0,0,1,1,0,0,2,2
SMBVL,SIAVL,SMB,SIA,Sublateral,Sublateral,3,3,1,3,0,0,0,0,1,1,1,0,0
SIAVL,SMBVL,SMB,SIA,Sublateral,Sublateral,3,3,0,0,0,0,0,0,0,0,0,0,0
SMBVL,SIBDL,SMB,SIB,Sublateral,Sublateral,3,3,1,1,0,0,0,0,1,0,0,0,0
SIBDL,SMBVL,SMB,SIB,Sublateral,Sublateral,3,3,0,0,0,0,0,0,0,0,0,0,0
SMBDL,DVA,SMB,DVA,Sublateral,Sublateral,3,3,0,0,0,0,0,0,0,0,0,0,0
DVA,SMBDL,SMB,DVA,Sublateral,Sublateral,3,3,2,4,0,0,0,0,0,0,0,2,2
SMBDL,ALMR,SMB,ALM,Sublateral,Avoidance,3,1,0,0,0,0,0,0,0,0,0,0,0
ALMR,SMBDL,SMB,ALM,Avoidance,Sublateral,1,3,1,1,0,0,0,0,0,0,0,0,1
SMBDL,URBR,SMB,URB,Sublateral,Sublateral,3,3,0,0,0,0,0,0,0,0,0,0,0
URBR,SMBDL,SMB,URB,Sublateral,Sublateral,3,3,2,4,0,0,0,0,0,0,1,1,2
SMBDL,RICL,SMB,RIC,Sublateral,Sublateral,3,3,0,0,0,0,0,0,0,0,0,0,0
RICL,SMBDL,SMB,RIC,Sublateral,Sublateral,3,3,2,8,0,0,0,2,0,1,2,1,2
SMBDL,RICR,SMB,RIC,Sublateral,Sublateral,3,3,0,0,0,0,0,0,0,0,0,0,0
RICR,SMBDL,SMB,RIC,Sublateral,Sublateral,3,3,1,3,0,0,0,0,1,0,0,1,1
SMBDL,SMBDR,SMB,SMB,Sublateral,Sublateral,3,3,1,2,0,1,0,0,0,0,0,0,1
SMBDR,SMBDL,SMB,SMB,Sublateral,Sublateral,3,3,1,2,0,1,0,0,0,0,0,0,1
SMBDL,AIZL,SMB,AIZ,Sublateral,Taxis,3,3,1,1,0,0,0,0,0,0,0,0,1
AIZL,SMBDL,SMB,AIZ,Taxis,Sublateral,3,3,3,18,2,2,2,2,2,2,2,2,2
SMBDL,RIGL,SMB,RIG,Sublateral,Lateral,3,3,0,0,0,0,0,0,0,0,0,0,0
RIGL,SMBDL,SMB,RIG,Lateral,Sublateral,3,3,0,0,0,0,0,0,0,0,0,0,0
SMBDL,AVKL,SMB,AVK,Sublateral,Lateral,3,3,0,0,0,0,0,0,0,0,0,0,0
AVKL,SMBDL,SMB,AVK,Lateral,Sublateral,3,3,1,1,0,0,0,0,0,0,1,0,0
SMBDL,SIADL,SMB,SIA,Sublateral,Sublateral,3,3,2,3,0,0,0,0,0,0,0,1,2
SIADL,SMBDL,SMB,SIA,Sublateral,Sublateral,3,3,2,2,0,0,0,0,0,0,0,0,2
SMBDL,SIAVL,SMB,SIA,Sublateral,Sublateral,3,3,2,2,0,0,0,0,0,0,0,0,2
SIAVL,SMBDL,SMB,SIA,Sublateral,Sublateral,3,3,0,0,0,0,0,0,0,0,0,0,0
SMBDL,SIBDL,SMB,SIB,Sublateral,Sublateral,3,3,1,2,0,0,1,0,1,0,0,0,0
SIBDL,SMBDL,SMB,SIB,Sublateral,Sublateral,3,3,1,1,0,0,0,0,0,0,1,0,0
SMBDL,AIBR,SMB,AIB,Sublateral,Taxis,3,3,0,0,0,0,0,0,0,0,0,0,0
AIBR,SMBDL,SMB,AIB,Taxis,Sublateral,3,3,1,1,0,0,0,0,1,0,0,0,0
SMBDL,SIBDR,SMB,SIB,Sublateral,Sublateral,3,3,1,3,0,0,0,1,0,0,1,1,0
SIBDR,SMBDL,SMB,SIB,Sublateral,Sublateral,3,3,0,0,0,0,0,0,0,0,0,0,0
SMBDL,OLQDR,SMB,OLQ,Sublateral,Anterior,3,1,0,0,0,0,0,0,0,0,0,0,0
OLQDR,SMBDL,SMB,OLQ,Anterior,Sublateral,1,3,1,3,0,0,0,0,0,1,0,2,0
SMBDL,AVKR,SMB,AVK,Sublateral,Lateral,3,3,0,0,0,0,0,0,0,0,0,0,0
AVKR,SMBDL,SMB,AVK,Lateral,Sublateral,3,3,1,3,0,0,0,0,0,0,1,1,1
AVDR,AVBL,AVD,AVB,Avoidance,Avoidance,3,3,0,0,0,0,0,0,0,0,0,0,0
AVBL,AVDR,AVD,AVB,Avoidance,Avoidance,3,3,1,1,0,0,0,0,0,0,0,0,1
AVDR,AVEL,AVD,AVE,Avoidance,Anterior,3,3,0,0,0,0,0,0,0,0,0,0,0
AVEL,AVDR,AVD,AVE,Anterior,Avoidance,3,3,0,0,0,0,0,0,0,0,0,0,0
AVAR,SMDDL,AVA,SMD,Unclassified,Lateral,3,3,0,0,0,0,0,0,0,0,0,0,0
SMDDL,AVAR,AVA,SMD,Lateral,Unclassified,3,3,0,0,0,0,0,0,0,0,0,0,0
AVAR,BAGL,AVA,BAG,Unclassified,Taxis,3,1,0,0,0,0,0,0,0,0,0,0,0
BAGL,AVAR,AVA,BAG,Taxis,Unclassified,1,3,2,9,0,0,0,0,1,2,2,2,2
AVAR,RICL,AVA,RIC,Unclassified,Sublateral,3,3,0,0,0,0,0,0,0,0,0,0,0
RICL,AVAR,AVA,RIC,Sublateral,Unclassified,3,3,3,18,2,2,2,2,2,2,2,2,2
AVAR,AVAL,AVA,AVA,Unclassified,Unclassified,3,3,0,0,0,0,0,0,0,0,0,0,0
AVAL,AVAR,AVA,AVA,Unclassified,Unclassified,3,3,0,0,0,0,0,0,0,0,0,0,0
AVAR,SIADL,AVA,SIA,Unclassified,Sublateral,3,3,0,0,0,0,0,0,0,0,0,0,0
SIADL,AVAR,AVA,SIA,Sublateral,Unclassified,3,3,1,1,0,0,0,0,0,0,0,0,1
AVAR,AVBL,AVA,AVB,Unclassified,Avoidance,3,3,1,1,0,0,0,0,0,0,0,0,1
AVBL,AVAR,AVA,AVB,Avoidance,Unclassified,3,3,1,1,0,0,0,0,0,0,0,0,1
SMDVR,SMDDL,SMD,SMD,Lateral,Lateral,3,3,3,18,2,2,2,2,2,2,2,2,2
SMDDL,SMDVR,SMD,SMD,Lateral,Lateral,3,3,3,18,2,2,2,2,2,2,2,2,2
SMDVR,RIBL,SMD,RIB,Lateral,Taxis,3,3,1,1,0,0,0,0,0,0,0,0,1
RIBL,SMDVR,SMD,RIB,Taxis,Lateral,3,3,2,15,0,2,1,2,2,2,2,2,2
SMDVR,OLLL,SMD,OLL,Lateral,Anterior,3,1,1,1,0,0,0,0,0,0,0,1,0
OLLL,SMDVR,SMD,OLL,Anterior,Lateral,1,3,3,18,2,2,2,2,2,2,2,2,2
SMDVR,SMDVL,SMD,SMD,Lateral,Lateral,3,3,2,2,0,0,0,0,0,0,0,0,2
SMDVL,SMDVR,SMD,SMD,Lateral,Lateral,3,3,2,2,0,0,0,0,0,0,0,0,2
SMDVR,CEPVL,SMD,CEP,Lateral,Anterior,3,1,1,8,1,1,0,0,1,1,1,1,2
CEPVL,SMDVR,SMD,CEP,Anterior,Lateral,1,3,2,10,1,1,2,2,0,0,1,2,1
SMDVR,URYVL,SMD,URY,Lateral,Anterior,3,1,0,0,0,0,0,0,0,0,0,0,0
URYVL,SMDVR,SMD,URY,Anterior,Lateral,1,3,3,18,2,2,2,2,2,2,2,2,2
SMDVR,SIADL,SMD,SIA,Lateral,Sublateral,3,3,1,1,0,0,0,0,0,0,0,0,1
SIADL,SMDVR,SMD,SIA,Sublateral,Lateral,3,3,0,0,0,0,0,0,0,0,0,0,0
SMDVR,SIAVL,SMD,SIA,Lateral,Sublateral,3,3,1,1,0,0,0,0,0,0,1,0,0
SIAVL,SMDVR,SMD,SIA,Sublateral,Lateral,3,3,0,0,0,0,0,0,0,0,0,0,0
AVAL,RICL,AVA,RIC,Unclassified,Sublateral,3,3,0,0,0,0,0,0,0,0,0,0,0
RICL,AVAL,AVA,RIC,Sublateral,Unclassified,3,3,3,18,2,2,2,2,2,2,2,2,2
AVAL,AUAL,AVA,AUA,Unclassified,Taxis,3,3,0,0,0,0,0,0,0,0,0,0,0
AUAL,AVAL,AVA,AUA,Taxis,Unclassified,3,3,2,16,0,2,2,2,2,2,2,2,2
AVAL,AIBL,AVA,AIB,Unclassified,Taxis,3,3,0,0,0,0,0,0,0,0,0,0,0
AIBL,AVAL,AVA,AIB,Taxis,Unclassified,3,3,2,7,0,0,0,1,1,0,1,2,2
AVAL,DVC,AVA,DVC,Unclassified,Lateral,3,3,0,0,0,0,0,0,0,0,0,0,0
DVC,AVAL,AVA,DVC,Lateral,Unclassified,3,3,3,18,2,2,2,2,2,2,2,2,2
AVAL,SMDVL,AVA,SMD,Unclassified,Lateral,3,3,1,1,0,0,0,0,0,0,0,0,1
SMDVL,AVAL,AVA,SMD,Lateral,Unclassified,3,3,1,1,0,0,0,0,0,0,0,0,1
AVAL,SMDDR,AVA,SMD,Unclassified,Lateral,3,3,0,0,0,0,0,0,0,0,0,0,0
SMDDR,AVAL,AVA,SMD,Lateral,Unclassified,3,3,0,0,0,0,0,0,0,0,0,0,0
AVAL,RIAR,AVA,RIA,Unclassified,Anterior,3,3,0,0,0,0,0,0,0,0,0,0,0
RIAR,AVAL,AVA,RIA,Anterior,Unclassified,3,3,0,0,0,0,0,0,0,0,0,0,0
AVAL,RICR,AVA,RIC,Unclassified,Sublateral,3,3,0,0,0,0,0,0,0,0,0,0,0
RICR,AVAL,AVA,RIC,Sublateral,Unclassified,3,3,3,18,2,2,2,2,2,2,2,2,2
AVAL,RIMR,AVA,RIM,Unclassified,Lateral,3,3,0,0,0,0,0,0,0,0,0,0,0
RIMR,AVAL,AVA,RIM,Lateral,Unclassified,3,3,1,9,1,1,0,0,1,2,1,1,2
AVAL,BAGR,AVA,BAG,Unclassified,Taxis,3,1,0,0,0,0,0,0,0,0,0,0,0
BAGR,AVAL,AVA,BAG,Taxis,Unclassified,1,3,2,9,0,0,0,0,1,2,2,2,2
AVAL,AVBR,AVA,AVB,Unclassified,Avoidance,3,3,1,1,0,0,0,0,0,0,0,0,1
AVBR,AVAL,AVA,AVB,Avoidance,Unclassified,3,3,1,1,0,0,0,0,0,0,0,0,1
AVAL,ADER,AVA,ADE,Unclassified,Unclassified,3,1,1,2,0,0,0,0,0,0,2,0,0
ADER,AVAL,AVA,ADE,Unclassified,Unclassified,1,3,3,17,1,2,2,2,2,2,2,2,2
URYDL,URXL,URY,URX,Anterior,Unclassified,1,1,1,1,0,0,0,0,0,0,0,0,1
URXL,URYDL,URY,URX,Unclassified,Anterior,1,1,0,0,0,0,0,0,0,0,0,0,0
URYDL,AVER,URY,AVE,Anterior,Anterior,1,3,3,18,2,2,2,2,2,2,2,2,2
AVER,URYDL,URY,AVE,Anterior,Anterior,3,1,0,0,0,0,0,0,0,0,0,0,0
URYDL,CEPDL,URY,CEP,Anterior,Sublateral,1,1,1,3,0,0,0,0,1,0,0,1,1
CEPDL,URYDL,URY,CEP,Sublateral,Anterior,1,1,2,14,1,2,0,2,1,2,2,2,2
URYDL,IL1DL,URY,IL1,Anterior,Anterior,1,1,2,9,0,1,0,0,1,2,1,2,2
IL1DL,URYDL,URY,IL1,Anterior,Anterior,1,1,1,1,0,0,0,0,0,0,0,0,1
URYDL,IL2DL,URY,IL2,Anterior,Anterior,1,1,0,0,0,0,0,0,0,0,0,0,0
IL2DL,URYDL,URY,IL2,Anterior,Anterior,1,1,0,0,0,0,0,0,0,0,0,0,0
URYDL,RIBL,URY,RIB,Anterior,Taxis,1,3,2,16,2,2,2,2,2,2,0,2,2
RIBL,URYDL,URY,RIB,Taxis,Anterior,3,1,1,5,0,0,0,0,1,0,1,2,1
URYDL,RIGL,URY,RIG,Anterior,Lateral,1,3,0,0,0,0,0,0,0,0,0,0,0
RIGL,URYDL,URY,RIG,Lateral,Anterior,3,1,1,6,0,1,1,0,1,0,1,2,0
URYDL,URADL,URY,URA,Anterior,Anterior,1,2,1,1,0,0,0,0,1,0,0,0,0
URADL,URYDL,URY,URA,Anterior,Anterior,2,1,1,1,0,0,0,0,0,0,0,0,1
URYDL,RMED,URY,RMED,Anterior,Anterior,1,3,1,1,0,0,0,0,0,0,0,0,1
RMED,URYDL,URY,RMED,Anterior,Anterior,3,1,0,0,0,0,0,0,0,0,0,0,0
URYDL,SMDDR,URY,SMD,Anterior,Lateral,1,3,3,18,2,2,2,2,2,2,2,2,2
SMDDR,URYDL,URY,SMD,Lateral,Anterior,3,1,0,0,0,0,0,0,0,0,0,0,0
AIBR,SMDDL,AIB,SMD,Taxis,Lateral,3,3,3,18,2,2,2,2,2,2,2,2,2
SMDDL,AIBR,AIB,SMD,Lateral,Taxis,3,3,0,0,0,0,0,0,0,0,0,0,0
AIBR,AWCL,AIB,AWC,Taxis,Taxis,3,1,0,0,0,0,0,0,0,0,0,0,0
AWCL,AIBR,AIB,AWC,Taxis,Taxis,1,3,3,18,2,2,2,2,2,2,2,2,2
AIBR,RIBL,AIB,RIB,Taxis,Taxis,3,3,3,18,2,2,2,2,2,2,2,2,2
RIBL,AIBR,AIB,RIB,Taxis,Taxis,3,3,2,15,1,1,1,2,2,2,2,2,2
AIBR,AIZL,AIB,AIZ,Taxis,Taxis,3,3,1,5,0,0,0,0,1,0,2,1,1
AIZL,AIBR,AIB,AIZ,Taxis,Taxis,3,3,3,18,2,2,2,2,2,2,2,2,2
AIBR,RIGL,AIB,RIG,Taxis,Lateral,3,3,1,6,0,0,1,0,0,0,1,2,2
RIGL,AIBR,AIB,RIG,Lateral,Taxis,3,3,2,13,1,1,1,2,2,1,1,2,2
AIBR,AVKL,AIB,AVK,Taxis,Lateral,3,3,1,1,0,0,0,0,0,0,0,1,0
AVKL,AIBR,AIB,AVK,Lateral,Taxis,3,3,1,2,0,0,0,0,2,0,0,0,0
AIBR,ASEL,AIB,ASE,Taxis,Taxis,3,1,0,0,0,0,0,0,0,0,0,0,0
ASEL,AIBR,AIB,ASE,Taxis,Taxis,1,3,3,16,2,2,2,1,2,2,1,2,2
AIBR,SIADL,AIB,SIA,Taxis,Sublateral,3,3,1,6,1,0,0,0,0,2,1,0,2
SIADL,AIBR,AIB,SIA,Sublateral,Taxis,3,3,0,0,0,0,0,0,0,0,0,0,0
SIAVL,AVER,SIA,AVE,Sublateral,Anterior,3,3,0,0,0,0,0,0,0,0,0,0,0
AVER,SIAVL,SIA,AVE,Anterior,Sublateral,3,3,0,0,0,0,0,0,0,0,0,0,0
SIAVL,DVA,SIA,DVA,Sublateral,Sublateral,3,3,0,0,0,0,0,0,0,0,0,0,0
DVA,SIAVL,SIA,DVA,Sublateral,Sublateral,3,3,1,2,0,0,0,0,0,1,1,0,0
SIAVL,RMDR,SIA,RMD,Sublateral,Unclassified,3,3,1,1,0,0,0,0,0,0,0,0,1
RMDR,SIAVL,SIA,RMD,Unclassified,Sublateral,3,3,1,2,0,0,0,0,1,0,0,0,1
SIAVL,RICL,SIA,RIC,Sublateral,Sublateral,3,3,0,0,0,0,0,0,0,0,0,0,0
RICL,SIAVL,SIA,RIC,Sublateral,Sublateral,3,3,0,0,0,0,0,0,0,0,0,0,0
SIAVL,SIBDL,SIA,SIB,Sublateral,Sublateral,3,3,0,0,0,0,0,0,0,0,0,0,0
SIBDL,SIAVL,SIA,SIB,Sublateral,Sublateral,3,3,0,0,0,0,0,0,0,0,0,0,0
SIAVL,SIADL,SIA,SIA,Sublateral,Sublateral,3,3,0,0,0,0,0,0,0,0,0,0,0
SIADL,SIAVL,SIA,SIA,Sublateral,Sublateral,3,3,0,0,0,0,0,0,0,0,0,0,0
AVBL,DVA,AVB,DVA,Avoidance,Sublateral,3,3,1,1,0,0,0,0,0,0,0,0,1
DVA,AVBL,AVB,DVA,Sublateral,Avoidance,3,3,1,6,1,0,0,0,0,1,1,1,2
AVBL,AVBR,AVB,AVB,Avoidance,Avoidance,3,3,1,1,0,0,0,0,0,0,0,0,1
AVBR,AVBL,AVB,AVB,Avoidance,Avoidance,3,3,1,1,0,0,0,0,0,0,0,0,1
AVBL,AVEL,AVB,AVE,Avoidance,Anterior,3,3,0,0,0,0,0,0,0,0,0,0,0
AVEL,AVBL,AVB,AVE,Anterior,Avoidance,3,3,0,0,0,0,0,0,0,0,0,0,0
AVBL,AVHL,AVB,AVH,Avoidance,Avoidance,3,3,0,0,0,0,0,0,0,0,0,0,0
AVHL,AVBL,AVB,AVH,Avoidance,Avoidance,3,3,1,5,0,0,0,0,1,0,0,2,2
AVBL,AIBL,AVB,AIB,Avoidance,Taxis,3,3,1,1,0,0,0,0,0,0,0,0,1
AIBL,AVBL,AVB,AIB,Taxis,Avoidance,3,3,3,18,2,2,2,2,2,2,2,2,2
AVBL,PVPL,AVB,PVP,Avoidance,Avoidance,3,3,0,0,0,0,0,0,0,0,0,0,0
PVPL,AVBL,AVB,PVP,Avoidance,Avoidance,3,3,2,15,1,2,1,1,2,2,2,2,2
AVBL,PVPR,AVB,PVP,Avoidance,Avoidance,3,3,0,0,0,0,0,0,0,0,0,0,0
PVPR,AVBL,AVB,PVP,Avoidance,Avoidance,3,3,2,14,1,1,1,1,2,2,2,2,2
AVBL,PVCL,AVB,PVC,Avoidance,Avoidance,3,3,0,0,0,0,0,0,0,0,0,0,0
PVCL,AVBL,AVB,PVC,Avoidance,Avoidance,3,3,2,15,1,1,2,2,1,2,2,2,2
AVBL,ADFL,AVB,ADF,Avoidance,Taxis,3,1,0,0,0,0,0,0,0,0,0,0,0
ADFL,AVBL,AVB,ADF,Taxis,Avoidance,1,3,0,0,0,0,0,0,0,0,0,0,0
AVBL,PVCR,AVB,PVC,Avoidance,Avoidance,3,3,1,1,0,0,0,0,0,0,0,0,1
PVCR,AVBL,AVB,PVC,Avoidance,Avoidance,3,3,3,17,2,2,2,1,2,2,2,2,2
AVBL,RIMR,AVB,RIM,Avoidance,Lateral,3,3,0,0,0,0,0,0,0,0,0,0,0
RIMR,AVBL,AVB,RIM,Lateral,Avoidance,3,3,3,18,2,2,2,2,2,2,2,2,2
AVBL,SIBDR,AVB,SIB,Avoidance,Sublateral,3,3,0,0,0,0,0,0,0,0,0,0,0
SIBDR,AVBL,AVB,SIB,Sublateral,Avoidance,3,3,0,0,0,0,0,0,0,0,0,0,0
AVBL,RIBR,AVB,RIB,Avoidance,Taxis,3,3,0,0,0,0,0,0,0,0,0,0,0
RIBR,AVBL,AVB,RIB,Taxis,Avoidance,3,3,1,4,0,1,0,0,0,0,1,0,2
SIBDL,SMDDL,SIB,SMD,Sublateral,Lateral,3,3,0,0,0,0,0,0,0,0,0,0,0
SMDDL,SIBDL,SIB,SMD,Lateral,Sublateral,3,3,2,2,0,0,0,0,0,0,0,0,2
SIBDL,RMDR,SIB,RMD,Sublateral,Unclassified,3,3,0,0,0,0,0,0,0,0,0,0,0
RMDR,SIBDL,SIB,RMD,Unclassified,Sublateral,3,3,1,2,0,0,0,0,1,0,0,1,0
SIBDL,RICL,SIB,RIC,Sublateral,Sublateral,3,3,1,1,0,0,0,0,0,0,1,0,0
RICL,SIBDL,SIB,RIC,Sublateral,Sublateral,3,3,1,1,0,0,0,0,0,1,0,0,0
SIBDL,SMDVL,SIB,SMD,Sublateral,Lateral,3,3,0,0,0,0,0,0,0,0,0,0,0
SMDVL,SIBDL,SIB,SMD,Lateral,Sublateral,3,3,0,0,0,0,0,0,0,0,0,0,0
SIBDL,SMBDR,SIB,SMB,Sublateral,Sublateral,3,3,0,0,0,0,0,0,0,0,0,0,0
SMBDR,SIBDL,SIB,SMB,Sublateral,Sublateral,3,3,1,3,0,0,0,1,0,0,1,1,0
SIBDL,AVBR,SIB,AVB,Sublateral,Avoidance,3,3,0,0,0,0,0,0,0,0,0,0,0
AVBR,SIBDL,SIB,AVB,Avoidance,Sublateral,3,3,0,0,0,0,0,0,0,0,0,0,0
SIBDL,SIADL,SIB,SIA,Sublateral,Sublateral,3,3,0,0,0,0,0,0,0,0,0,0,0
SIADL,SIBDL,SIB,SIA,Sublateral,Sublateral,3,3,0,0,0,0,0,0,0,0,0,0,0
DVA,AIBL,DVA,AIB,Sublateral,Taxis,3,3,1,1,0,0,1,0,0,0,0,0,0
AIBL,DVA,DVA,AIB,Taxis,Sublateral,3,3,1,3,0,0,0,0,0,1,0,1,1
DVA,AIZL,DVA,AIZ,Sublateral,Taxis,3,3,3,16,1,2,2,2,2,2,1,2,2
AIZL,DVA,DVA,AIZ,Taxis,Sublateral,3,3,2,3,0,0,0,0,0,0,0,1,2
DVA,AVEL,DVA,AVE,Sublateral,Anterior,3,3,3,18,2,2,2,2,2,2,2,2,2
AVEL,DVA,DVA,AVE,Anterior,Sublateral,3,3,0,0,0,0,0,0,0,0,0,0,0
DVA,BAGL,DVA,BAG,Sublateral,Taxis,3,1,0,0,0,0,0,0,0,0,0,0,0
BAGL,DVA,DVA,BAG,Taxis,Sublateral,1,3,0,0,0,0,0,0,0,0,0,0,0
DVA,PVPL,DVA,PVP,Sublateral,Avoidance,3,3,1,5,0,0,0,0,2,1,1,0,1
PVPL,DVA,DVA,PVP,Avoidance,Sublateral,3,3,1,3,0,1,0,1,1,0,0,0,0
DVA,SIADL,DVA,SIA,Sublateral,Sublateral,3,3,1,3,0,2,0,0,1,0,0,0,0
SIADL,DVA,DVA,SIA,Sublateral,Sublateral,3,3,0,0,0,0,0,0,0,0,0,0,0
DVA,SMDVL,DVA,SMD,Sublateral,Lateral,3,3,1,1,0,0,0,0,0,0,0,0,1
SMDVL,DVA,DVA,SMD,Lateral,Sublateral,3,3,0,0,0,0,0,0,0,0,0,0,0
AVEL,SMDDL,AVE,SMD,Anterior,Lateral,3,3,0,0,0,0,0,0,0,0,0,0,0
SMDDL,AVEL,AVE,SMD,Lateral,Anterior,3,3,2,2,0,0,0,0,0,0,0,0,2
AVEL,URXL,AVE,URX,Anterior,Unclassified,3,1,1,1,0,0,0,0,0,0,0,0,1
URXL,AVEL,AVE,URX,Unclassified,Anterior,1,3,2,13,0,1,0,2,2,2,2,2,2
AVEL,URYDR,AVE,URY,Anterior,Anterior,3,1,0,0,0,0,0,0,0,0,0,0,0
URYDR,AVEL,AVE,URY,Anterior,Anterior,1,3,3,18,2,2,2,2,2,2,2,2,2
AVEL,RIBL,AVE,RIB,Anterior,Taxis,3,3,1,1,0,0,0,0,0,0,1,0,0
RIBL,AVEL,AVE,RIB,Taxis,Anterior,3,3,3,17,1,2,2,2,2,2,2,2,2
AVEL,AUAL,AVE,AUA,Anterior,Taxis,3,3,0,0,0,0,0,0,0,0,0,0,0
AUAL,AVEL,AVE,AUA,Taxis,Anterior,3,3,3,18,2,2,2,2,2,2,2,2,2
AVEL,SMDVL,AVE,SMD,Anterior,Lateral,3,3,0,0,0,0,0,0,0,0,0,0,0
SMDVL,AVEL,AVE,SMD,Lateral,Anterior,3,3,1,1,0,0,0,0,0,0,0,0,1
AVEL,ALA,AVE,ALA,Anterior,Taxis,3,3,0,0,0,0,0,0,0,0,0,0,0
ALA,AVEL,AVE,ALA,Taxis,Anterior,3,3,3,18,2,2,2,2,2,2,2,2,2
AVEL,RIS,AVE,RIS,Anterior,Lateral,3,3,0,0,0,0,0,0,0,0,0,0,0
RIS,AVEL,AVE,RIS,Lateral,Anterior,3,3,3,18,2,2,2,2,2,2,2,2,2
AVEL,AIZL,AVE,AIZ,Anterior,Taxis,3,3,1,1,0,0,0,0,0,0,0,0,1
AIZL,AVEL,AVE,AIZ,Taxis,Anterior,3,3,2,11,1,0,1,1,1,2,1,2,2
AVEL,IL1L,AVE,IL1,Anterior,Anterior,3,1,0,0,0,0,0,0,0,0,0,0,0
IL1L,AVEL,AVE,IL1,Anterior,Anterior,1,3,1,1,0,0,0,0,0,0,0,0,1
AVEL,AIBL,AVE,AIB,Anterior,Taxis,3,3,1,1,0,0,0,0,0,0,1,0,0
AIBL,AVEL,AVE,AIB,Taxis,Anterior,3,3,1,7,2,0,1,0,0,0,2,1,1
AVEL,AVKL,AVE,AVK,Anterior,Lateral,3,3,0,0,0,0,0,0,0,0,0,0,0
AVKL,AVEL,AVE,AVK,Lateral,Anterior,3,3,3,17,2,2,2,2,2,2,2,2,1
AVEL,OLLR,AVE,OLL,Anterior,Anterior,3,1,1,1,0,0,0,0,0,0,0,0,1
OLLR,AVEL,AVE,OLL,Anterior,Anterior,1,3,3,18,2,2,2,2,2,2,2,2,2
AVEL,URYVR,AVE,URY,Anterior,Anterior,3,1,0,0,0,0,0,0,0,0,0,0,0
URYVR,AVEL,AVE,URY,Anterior,Anterior,1,3,3,18,2,2,2,2,2,2,2,2,2
AVEL,RMDDR,AVE,RMD,Anterior,Anterior,3,3,0,0,0,0,0,0,0,0,0,0,0
RMDDR,AVEL,AVE,RMD,Anterior,Anterior,3,3,1,1,0,0,0,0,0,0,0,0,1
AVEL,CEPDR,AVE,CEP,Anterior,Sublateral,3,1,1,1,0,0,0,0,0,0,0,0,1
CEPDR,AVEL,AVE,CEP,Sublateral,Anterior,1,3,3,17,1,2,2,2,2,2,2,2,2
AVEL,SIAVR,AVE,SIA,Anterior,Sublateral,3,3,0,0,0,0,0,0,0,0,0,0,0
SIAVR,AVEL,AVE,SIA,Sublateral,Anterior,3,3,0,0,0,0,0,0,0,0,0,0,0
AVEL,RIMR,AVE,RIM,Anterior,Lateral,3,3,0,0,0,0,0,0,0,0,0,0,0
RIMR,AVEL,AVE,RIM,Lateral,Anterior,3,3,1,3,0,0,0,0,0,1,1,0,1
AVEL,BAGR,AVE,BAG,Anterior,Taxis,3,1,0,0,0,0,0,0,0,0,0,0,0
BAGR,AVEL,AVE,BAG,Taxis,Anterior,1,3,2,15,1,2,0,2,2,2,2,2,2
AVEL,RIBR,AVE,RIB,Anterior,Taxis,3,3,0,0,0,0,0,0,0,0,0,0,0
RIBR,AVEL,AVE,RIB,Taxis,Anterior,3,3,3,16,1,2,1,2,2,2,2,2,2
AVEL,CEPVR,AVE,CEP,Anterior,Anterior,3,1,0,0,0,0,0,0,0,0,0,0,0
CEPVR,AVEL,AVE,CEP,Anterior,Anterior,1,3,3,17,2,2,1,2,2,2,2,2,2
AVEL,AVKR,AVE,AVK,Anterior,Lateral,3,3,0,0,0,0,0,0,0,0,0,0,0
AVKR,AVEL,AVE,AVK,Lateral,Anterior,3,3,2,12,2,1,1,1,2,1,1,2,1
AVEL,RMDL,AVE,RMD,Anterior,Unclassified,3,3,0,0,0,0,0,0,0,0,0,0,0
RMDL,AVEL,AVE,RMD,Unclassified,Anterior,3,3,1,4,0,0,1,2,0,0,0,1,0
URYVL,AVER,URY,AVE,Anterior,Anterior,1,3,3,18,2,2,2,2,2,2,2,2,2
AVER,URYVL,URY,AVE,Anterior,Anterior,3,1,0,0,0,0,0,0,0,0,0,0,0
URYVL,RIBL,URY,RIB,Anterior,Taxis,1,3,3,17,2,2,1,2,2,2,2,2,2
RIBL,URYVL,URY,RIB,Taxis,Anterior,3,1,1,5,0,0,0,1,1,0,0,2,1
URYVL,AVL,URY,AVL,Anterior,Lateral,1,3,1,1,0,0,0,0,0,0,0,0,1
AVL,URYVL,URY,AVL,Lateral,Anterior,3,1,1,2,0,0,0,0,0,0,1,1,0
URYVL,IL1VL,URY,IL1,Anterior,Anterior,1,1,2,8,0,0,0,0,0,2,2,2,2
IL1VL,URYVL,URY,IL1,Anterior,Anterior,1,1,1,2,0,0,0,0,0,0,1,0,1
URYVL,RIS,URY,RIS,Anterior,Lateral,1,3,1,2,0,0,0,0,0,0,0,1,1
RIS,URYVL,URY,RIS,Lateral,Anterior,3,1,1,3,0,0,0,0,0,0,1,1,1
URYVL,RIGL,URY,RIG,Anterior,Lateral,1,3,0,0,0,0,0,0,0,0,0,0,0
RIGL,URYVL,URY,RIG,Lateral,Anterior,3,1,2,14,2,2,1,2,2,2,0,2,1
URYVL,CEPVL,URY,CEP,Anterior,Anterior,1,1,2,2,0,0,0,0,0,0,0,0,2
CEPVL,URYVL,URY,CEP,Anterior,Anterior,1,1,2,12,1,1,1,1,2,1,1,2,2
URYVL,URAVL,URY,URA,Anterior,Anterior,1,2,0,0,0,0,0,0,0,0,0,0,0
URAVL,URYVL,URY,URA,Anterior,Anterior,2,1,1,1,0,0,0,0,0,0,0,0,1
SAADR,AIBL,SAA,AIB,Lateral,Taxis,3,3,1,1,0,0,0,0,0,0,0,0,1
AIBL,SAADR,SAA,AIB,Taxis,Lateral,3,3,1,4,0,0,0,0,1,0,0,1,2
SAADR,OLLL,SAA,OLL,Lateral,Anterior,3,1,1,8,1,0,0,0,0,1,2,2,2
OLLL,SAADR,SAA,OLL,Anterior,Lateral,1,3,0,0,0,0,0,0,0,0,0,0,0
SAADR,RIGL,SAA,RIG,Lateral,Lateral,3,3,0,0,0,0,0,0,0,0,0,0,0
RIGL,SAADR,SAA,RIG,Lateral,Lateral,3,3,1,1,0,0,1,0,0,0,0,0,0
SAADR,SMDVL,SAA,SMD,Lateral,Lateral,3,3,2,14,0,2,2,2,1,2,2,2,1
SMDVL,SAADR,SAA,SMD,Lateral,Lateral,3,3,1,2,0,0,0,0,0,1,1,0,0
RIH,RIPL,RIH,RIP,Anterior,Anterior,3,2,3,18,2,2,2,2,2,2,2,2,2
RIPL,RIH,RIH,RIP,Anterior,Anterior,2,3,1,5,0,0,1,0,0,0,2,0,2
RIH,RMEL,RIH,RME,Anterior,Anterior,3,3,1,5,1,1,1,0,0,1,0,0,1
RMEL,RIH,RIH,RME,Anterior,Anterior,3,3,0,0,0,0,0,0,0,0,0,0,0
RICR,RICL,RIC,RIC,Sublateral,Sublateral,3,3,1,7,0,1,1,0,0,0,1,2,2
RICL,RICR,RIC,RIC,Sublateral,Sublateral,3,3,1,7,0,1,1,0,0,0,1,2,2
RICR,CEPDL,RIC,CEP,Sublateral,Sublateral,3,1,1,1,0,0,0,0,0,0,0,0,1
CEPDL,RICR,RIC,CEP,Sublateral,Sublateral,1,3,3,18,2,2,2,2,2,2,2,2,2
RICR,CEPVL,RIC,CEP,Sublateral,Anterior,3,1,1,5,0,0,1,0,0,2,1,1,0
CEPVL,RICR,RIC,CEP,Anterior,Sublateral,1,3,3,18,2,2,2,2,2,2,2,2,2
URXL,ADFL,URX,ADF,Unclassified,Taxis,1,1,2,2,0,0,0,0,0,0,0,0,2
ADFL,URXL,URX,ADF,Taxis,Unclassified,1,1,1,8,1,0,1,1,0,1,1,1,2
URXL,AIML,URX,AIM,Unclassified,Taxis,1,2,2,2,0,0,0,0,0,0,0,0,2
AIML,URXL,URX,AIM,Taxis,Unclassified,2,1,1,5,0,0,0,0,1,1,1,0,2
URXL,AUAL,URX,AUA,Unclassified,Taxis,1,3,3,18,2,2,2,2,2,2,2,2,2
AUAL,URXL,URX,AUA,Taxis,Unclassified,3,1,2,11,1,0,2,1,2,0,1,2,2
URXL,CEPDL,URX,CEP,Unclassified,Sublateral,1,1,2,2,0,0,0,0,0,0,0,0,2
CEPDL,URXL,URX,CEP,Sublateral,Unclassified,1,1,2,5,0,0,0,0,0,0,2,2,1
URXL,PVPL,URX,PVP,Unclassified,Avoidance,1,3,1,3,0,1,1,0,1,0,0,0,0
PVPL,URXL,URX,PVP,Avoidance,Unclassified,3,1,1,7,1,2,1,0,2,0,0,0,1
URXL,RIGL,URX,RIG,Unclassified,Lateral,1,3,3,18,2,2,2,2,2,2,2,2,2
RIGL,URXL,URX,RIG,Lateral,Unclassified,3,1,1,5,0,1,0,1,0,1,0,0,2
URXL,RIR,URX,RIR,Unclassified,Unclassified,1,3,2,15,1,0,2,2,2,2,2,2,2
RIR,URXL,URX,RIR,Unclassified,Unclassified,3,1,3,18,2,2,2,2,2,2,2,2,2
RICL,SMDDL,RIC,SMD,Sublateral,Lateral,3,3,2,15,2,2,2,1,1,2,2,1,2
SMDDL,RICL,RIC,SMD,Lateral,Sublateral,3,3,0,0,0,0,0,0,0,0,0,0,0
RICL,URBR,RIC,URB,Sublateral,Sublateral,3,3,1,3,0,0,0,0,0,1,0,1,1
URBR,RICL,RIC,URB,Sublateral,Sublateral,3,3,2,11,0,0,0,2,1,2,2,2,2
RICL,CEPDL,RIC,CEP,Sublateral,Sublateral,3,1,1,4,0,0,1,0,0,0,0,1,2
CEPDL,RICL,RIC,CEP,Sublateral,Sublateral,1,3,3,18,2,2,2,2,2,2,2,2,2
RICL,CEPVL,RIC,CEP,Sublateral,Anterior,3,1,1,5,1,0,0,0,1,0,0,2,1
CEPVL,RICL,RIC,CEP,Anterior,Sublateral,1,3,3,18,2,2,2,2,2,2,2,2,2
RICL,SMBDR,RIC,SMB,Sublateral,Sublateral,3,3,1,3,0,0,0,0,1,0,0,1,1
SMBDR,RICL,RIC,SMB,Sublateral,Sublateral,3,3,0,0,0,0,0,0,0,0,0,0,0
RICL,CEPDR,RIC,CEP,Sublateral,Sublateral,3,1,1,1,0,0,0,0,0,0,0,0,1
CEPDR,RICL,RIC,CEP,Sublateral,Sublateral,1,3,3,18,2,2,2,2,2,2,2,2,2
RICL,SIADL,RIC,SIA,Sublateral,Sublateral,3,3,0,0,0,0,0,0,0,0,0,0,0
SIADL,RICL,RIC,SIA,Sublateral,Sublateral,3,3,0,0,0,0,0,0,0,0,0,0,0
RICL,OLQDR,RIC,OLQ,Sublateral,Anterior,3,1,0,0,0,0,0,0,0,0,0,0,0
OLQDR,RICL,RIC,OLQ,Anterior,Sublateral,1,3,3,18,2,2,2,2,2,2,2,2,2
RICL,CEPVR,RIC,CEP,Sublateral,Anterior,3,1,1,5,0,0,1,0,0,2,1,1,0
CEPVR,RICL,RIC,CEP,Anterior,Sublateral,1,3,3,18,2,2,2,2,2,2,2,2,2
PVPL,AVBR,PVP,AVB,Avoidance,Avoidance,3,3,2,14,1,1,1,1,2,2,2,2,2
AVBR,PVPL,PVP,AVB,Avoidance,Avoidance,3,3,0,0,0,0,0,0,0,0,0,0,0
PVPL,RIR,PVP,RIR,Avoidance,Unclassified,3,3,1,6,1,2,0,0,0,0,0,2,1
RIR,PVPL,PVP,RIR,Unclassified,Avoidance,3,3,1,5,1,0,0,0,0,0,0,2,2
AVBR,RIBL,AVB,RIB,Avoidance,Taxis,3,3,0,0,0,0,0,0,0,0,0,0,0
RIBL,AVBR,AVB,RIB,Taxis,Avoidance,3,3,1,4,0,1,0,0,0,0,1,0,2
AVBR,AVHL,AVB,AVH,Avoidance,Avoidance,3,3,0,0,0,0,0,0,0,0,0,0,0
AVHL,AVBR,AVB,AVH,Avoidance,Avoidance,3,3,1,5,0,1,0,0,1,0,0,1,2
AVBR,PVCL,AVB,PVC,Avoidance,Avoidance,3,3,1,1,0,0,0,0,0,0,0,0,1
PVCL,AVBR,AVB,PVC,Avoidance,Avoidance,3,3,3,17,2,2,2,1,2,2,2,2,2
RMDVL,IL1L,RMD,IL1,Anterior,Anterior,3,1,1,1,0,0,0,0,0,0,1,0,0
IL1L,RMDVL,RMD,IL1,Anterior,Anterior,1,3,3,18,2,2,2,2,2,2,2,2,2
RMDVL,AVER,RMD,AVE,Anterior,Anterior,3,3,1,1,0,0,0,0,0,0,0,0,1
AVER,RMDVL,RMD,AVE,Anterior,Anterior,3,3,0,0,0,0,0,0,0,0,0,0,0
RMDVL,RIAR,RMD,RIA,Anterior,Anterior,3,3,0,0,0,0,0,0,0,0,0,0,0
RIAR,RMDVL,RMD,RIA,Anterior,Anterior,3,3,3,18,2,2,2,2,2,2,2,2,2
RMDVL,SIADL,RMD,SIA,Anterior,Sublateral,3,3,0,0,0,0,0,0,0,0,0,0,0
SIADL,RMDVL,RMD,SIA,Sublateral,Anterior,3,3,0,0,0,0,0,0,0,0,0,0,0
RMDVL,CEPDL,RMD,CEP,Anterior,Sublateral,3,1,1,3,0,0,0,0,0,0,1,0,2
CEPDL,RMDVL,RMD,CEP,Sublateral,Anterior,1,3,2,15,0,1,2,2,2,2,2,2,2
RMDVL,OLLL,RMD,OLL,Anterior,Anterior,3,1,1,2,0,0,0,0,0,0,2,0,0
OLLL,RMDVL,RMD,OLL,Anterior,Anterior,1,3,2,16,0,2,2,2,2,2,2,2,2
RMDVL,RMDDL,RMD,RMD,Anterior,Anterior,3,3,0,0,0,0,0,0,0,0,0,0,0
RMDDL,RMDVL,RMD,RMD,Anterior,Anterior,3,3,2,2,0,0,0,0,0,0,0,0,2
RMDVL,RMDL,RMD,RMD,Anterior,Unclassified,3,3,1,1,0,0,0,0,0,0,1,0,0
RMDL,RMDVL,RMD,RMD,Unclassified,Anterior,3,3,1,6,1,0,0,1,1,1,0,1,1
RMDVL,RMDDR,RMD,RMD,Anterior,Anterior,3,3,3,18,2,2,2,2,2,2,2,2,2
RMDDR,RMDVL,RMD,RMD,Anterior,Anterior,3,3,3,18,2,2,2,2,2,2,2,2,2
RMDVL,SMBVR,RMD,SMB,Anterior,Sublateral,3,3,1,5,0,0,0,0,1,0,2,2,0
SMBVR,RMDVL,RMD,SMB,Sublateral,Anterior,3,3,1,8,1,2,0,1,0,1,0,2,1
RMDVL,RMED,RMD,RMED,Anterior,Anterior,3,3,2,6,0,0,0,0,0,2,2,2,0
RMED,RMDVL,RMD,RMED,Anterior,Anterior,3,3,2,15,2,2,2,2,2,2,2,1,0
RMDVL,SIAVR,RMD,SIA,Anterior,Sublateral,3,3,1,3,0,0,0,0,0,0,1,0,2
SIAVR,RMDVL,RMD,SIA,Sublateral,Anterior,3,3,0,0,0,0,0,0,0,0,0,0,0
RMDVL,RMDR,RMD,RMD,Anterior,Unclassified,3,3,1,2,0,0,0,0,0,0,1,0,1
RMDR,RMDVL,RMD,RMD,Unclassified,Anterior,3,3,3,16,2,2,1,2,2,2,2,1,2
RMDVL,IL1R,RMD,IL1,Anterior,Anterior,3,1,2,2,0,0,0,0,0,0,0,0,2
IL1R,RMDVL,RMD,IL1,Anterior,Anterior,1,3,2,12,1,2,0,0,2,2,2,1,2
SMDDL,RIS,SMD,RIS,Lateral,Lateral,3,3,2,3,0,0,0,0,0,0,0,1,2
RIS,SMDDL,SMD,RIS,Lateral,Lateral,3,3,2,13,1,1,1,1,2,2,1,2,2
SMDDL,RIBL,SMD,RIB,Lateral,Taxis,3,3,0,0,0,0,0,0,0,0,0,0,0
RIBL,SMDDL,SMD,RIB,Taxis,Lateral,3,3,1,3,0,0,0,0,1,0,1,1,0
SMDDL,URYDR,SMD,URY,Lateral,Anterior,3,1,0,0,0,0,0,0,0,0,0,0,0
URYDR,SMDDL,SMD,URY,Anterior,Lateral,1,3,3,18,2,2,2,2,2,2,2,2,2
SMDDL,SMDDR,SMD,SMD,Lateral,Lateral,3,3,2,2,0,0,0,0,0,0,0,0,2
SMDDR,SMDDL,SMD,SMD,Lateral,Lateral,3,3,2,2,0,0,0,0,0,0,0,0,2
SMDDL,RIBR,SMD,RIB,Lateral,Taxis,3,3,1,1,0,0,0,0,0,0,0,0,1
RIBR,SMDDL,SMD,RIB,Taxis,Lateral,3,3,2,8,0,0,0,2,2,0,1,2,1
SMDDL,RIAR,SMD,RIA,Lateral,Anterior,3,3,3,18,2,2,2,2,2,2,2,2,2
RIAR,SMDDL,SMD,RIA,Anterior,Lateral,3,3,3,18,2,2,2,2,2,2,2,2,2
SMDDL,RIMR,SMD,RIM,Lateral,Lateral,3,3,1,1,0,0,0,0,0,0,0,0,1
RIMR,SMDDL,SMD,RIM,Lateral,Lateral,3,3,3,18,2,2,2,2,2,2,2,2,2
SMDDL,CEPDR,SMD,CEP,Lateral,Sublateral,3,1,1,7,1,0,1,0,2,0,2,1,0
CEPDR,SMDDL,SMD,CEP,Sublateral,Lateral,1,3,1,5,2,0,0,2,0,0,0,1,0
SMDDL,SIADL,SMD,SIA,Lateral,Sublateral,3,3,1,1,0,0,0,0,0,1,0,0,0
SIADL,SMDDL,SMD,SIA,Sublateral,Lateral,3,3,0,0,0,0,0,0,0,0,0,0,0
SMDDL,SMDVL,SMD,SMD,Lateral,Lateral,3,3,1,1,0,1,0,0,0,0,0,0,0
SMDVL,SMDDL,SMD,SMD,Lateral,Lateral,3,3,1,1,0,1,0,0,0,0,0,0,0
SMDDL,RMDL,SMD,RMD,Lateral,Unclassified,3,3,1,4,0,0,0,0,0,1,0,1,2
RMDL,SMDDL,SMD,RMD,Unclassified,Lateral,3,3,1,2,0,0,0,0,0,0,0,1,1
SMDDL,OLLR,SMD,OLL,Lateral,Anterior,3,1,0,0,0,0,0,0,0,0,0,0,0
OLLR,SMDDL,SMD,OLL,Anterior,Lateral,1,3,3,18,2,2,2,2,2,2,2,2,2
SMDDL,RMED,SMD,RMED,Lateral,Anterior,3,3,1,3,0,0,1,0,0,0,0,0,2
RMED,SMDDL,SMD,RMED,Anterior,Lateral,3,3,3,18,2,2,2,2,2,2,2,2,2
SMDDL,RMDR,SMD,RMD,Lateral,Unclassified,3,3,1,9,1,0,1,1,1,2,0,2,1
RMDR,SMDDL,SMD,RMD,Unclassified,Lateral,3,3,1,1,0,0,0,0,0,0,0,0,1
AVKL,AVER,AVK,AVE,Lateral,Anterior,3,3,2,12,2,1,1,1,2,1,1,2,1
AVER,AVKL,AVK,AVE,Anterior,Lateral,3,3,0,0,0,0,0,0,0,0,0,0,0
AVKL,RIGR,AVK,RIG,Lateral,Lateral,3,3,1,6,1,0,0,0,1,1,2,0,1
RIGR,AVKL,AVK,RIG,Lateral,Lateral,3,3,2,16,2,2,0,2,2,2,2,2,2
AVKL,PVT,AVK,PVT,Lateral,Lateral,3,2,1,2,0,0,0,0,1,0,1,0,0
PVT,AVKL,AVK,PVT,Lateral,Lateral,2,3,3,18,2,2,2,2,2,2,2,2,2
AVKL,DVC,AVK,DVC,Lateral,Lateral,3,3,1,2,1,0,0,0,0,0,1,0,0
DVC,AVKL,AVK,DVC,Lateral,Lateral,3,3,1,5,0,0,0,0,1,1,1,1,1
AVKL,AVL,AVK,AVL,Lateral,Lateral,3,3,1,3,0,0,0,0,1,0,1,1,0
AVL,AVKL,AVK,AVL,Lateral,Lateral,3,3,1,1,0,0,0,0,0,0,0,0,1
AVKL,RIS,AVK,RIS,Lateral,Lateral,3,3,2,8,0,0,2,2,2,0,0,2,0
RIS,AVKL,AVK,RIS,Lateral,Lateral,3,3,2,13,0,1,0,2,2,2,2,2,2
AVKL,SMBDR,AVK,SMB,Lateral,Sublateral,3,3,1,3,0,0,0,0,0,0,1,1,1
SMBDR,AVKL,AVK,SMB,Sublateral,Lateral,3,3,0,0,0,0,0,0,0,0,0,0,0
AVKL,AIBL,AVK,AIB,Lateral,Taxis,3,3,1,6,1,2,0,2,0,0,1,0,0
AIBL,AVKL,AVK,AIB,Taxis,Lateral,3,3,0,0,0,0,0,0,0,0,0,0,0
AVKL,SIADL,AVK,SIA,Lateral,Sublateral,3,3,1,1,0,0,0,0,1,0,0,0,0
SIADL,AVKL,AVK,SIA,Sublateral,Lateral,3,3,0,0,0,0,0,0,0,0,0,0,0
AVKL,RIMR,AVK,RIM,Lateral,Lateral,3,3,3,17,2,2,1,2,2,2,2,2,2
RIMR,AVKL,AVK,RIM,Lateral,Lateral,3,3,2,5,0,0,0,0,0,1,0,2,2
AVKL,AVKR,AVK,AVK,Lateral,Lateral,3,3,1,8,0,1,0,1,1,0,2,2,1
AVKR,AVKL,AVK,AVK,Lateral,Lateral,3,3,1,8,0,1,0,1,1,0,2,2,1
AVKL,RMDL,AVK,RMD,Lateral,Unclassified,3,3,2,13,1,2,0,1,2,2,1,2,2
RMDL,AVKL,AVK,RMD,Unclassified,Lateral,3,3,1,2,0,0,0,0,0,0,1,0,1
AIBL,RIGR,AIB,RIG,Taxis,Lateral,3,3,1,6,0,0,1,0,0,0,1,2,2
RIGR,AIBL,AIB,RIG,Lateral,Taxis,3,3,2,13,1,1,1,2,2,1,1,2,2
AIBL,AWCL,AIB,AWC,Taxis,Taxis,3,1,1,2,0,0,0,0,0,0,1,0,1
AWCL,AIBL,AIB,AWC,Taxis,Taxis,1,3,3,18,2,2,2,2,2,2,2,2,2
AIBL,ASIL,AIB,ASI,Taxis,Taxis,3,1,0,0,0,0,0,0,0,0,0,0,0
ASIL,AIBL,AIB,ASI,Taxis,Taxis,1,3,2,11,1,0,0,1,1,2,2,2,2
AIBL,PVT,AIB,PVT,Taxis,Lateral,3,2,0,0,0,0,0,0,0,0,0,0,0
PVT,AIBL,AIB,PVT,Lateral,Taxis,2,3,2,14,1,0,2,2,2,2,1,2,2
AIBL,DVC,AIB,DVC,Taxis,Lateral,3,3,1,2,0,0,0,0,0,0,2,0,0
DVC,AIBL,AIB,DVC,Lateral,Taxis,3,3,3,16,1,1,2,2,2,2,2,2,2
AIBL,AWCR,AIB,AWC,Taxis,Taxis,3,1,0,0,0,0,0,0,0,0,0,0,0
AWCR,AIBL,AIB,AWC,Taxis,Taxis,1,3,3,18,2,2,2,2,2,2,2,2,2
AIBL,SMBDR,AIB,SMB,Taxis,Sublateral,3,3,1,1,0,0,0,0,1,0,0,0,0
SMBDR,AIBL,AIB,SMB,Sublateral,Taxis,3,3,0,0,0,0,0,0,0,0,0,0,0
AIBL,ASER,AIB,ASE,Taxis,Taxis,3,1,0,0,0,0,0,0,0,0,0,0,0
ASER,AIBL,AIB,ASE,Taxis,Taxis,1,3,3,16,2,2,2,1,2,2,1,2,2
AIBL,AIYL,AIB,AIY,Taxis,Taxis,3,2,1,2,0,0,0,0,0,0,0,1,1
AIYL,AIBL,AIB,AIY,Taxis,Taxis,2,3,1,3,0,0,0,0,0,0,1,1,1
AIBL,AVKR,AIB,AVK,Taxis,Lateral,3,3,1,1,0,0,0,0,0,0,0,1,0
AVKR,AIBL,AIB,AVK,Lateral,Taxis,3,3,1,2,0,0,0,0,2,0,0,0,0
AIBL,AIAL,AIB,AIA,Taxis,Taxis,3,2,1,3,0,0,0,0,0,0,1,1,1
AIAL,AIBL,AIB,AIA,Taxis,Taxis,2,3,3,18,2,2,2,2,2,2,2,2,2
AIBL,AFDL,AIB,AFD,Taxis,Taxis,3,1,0,0,0,0,0,0,0,0,0,0,0
AFDL,AIBL,AIB,AFD,Taxis,Taxis,1,3,1,2,0,0,1,0,0,0,0,0,1
AIBL,SMDDR,AIB,SMD,Taxis,Lateral,3,3,3,18,2,2,2,2,2,2,2,2,2
SMDDR,AIBL,AIB,SMD,Lateral,Taxis,3,3,0,0,0,0,0,0,0,0,0,0,0
AIBL,ASEL,AIB,ASE,Taxis,Taxis,3,1,0,0,0,0,0,0,0,0,0,0,0
ASEL,AIBL,AIB,ASE,Taxis,Taxis,1,3,3,18,2,2,2,2,2,2,2,2,2
AIBL,RIBR,AIB,RIB,Taxis,Taxis,3,3,3,18,2,2,2,2,2,2,2,2,2
RIBR,AIBL,AIB,RIB,Taxis,Taxis,3,3,2,15,1,1,1,2,2,2,2,2,2
AIBL,ASGL,AIB,ASG,Taxis,Taxis,3,1,0,0,0,0,0,0,0,0,0,0,0
ASGL,AIBL,AIB,ASG,Taxis,Taxis,1,3,2,13,0,1,1,1,2,2,2,2,2
AIBL,RIMR,AIB,RIM,Taxis,Lateral,3,3,3,18,2,2,2,2,2,2,2,2,2
RIMR,AIBL,AIB,RIM,Lateral,Taxis,3,3,3,17,1,2,2,2,2,2,2,2,2
RMDDL,AVER,RMD,AVE,Anterior,Anterior,3,3,1,1,0,0,0,0,0,0,0,0,1
AVER,RMDDL,RMD,AVE,Anterior,Anterior,3,3,0,0,0,0,0,0,0,0,0,0,0
RMDDL,RMDR,RMD,RMD,Anterior,Unclassified,3,3,0,0,0,0,0,0,0,0,0,0,0
RMDR,RMDDL,RMD,RMD,Unclassified,Anterior,3,3,2,14,1,2,2,2,0,2,1,2,2
RMDDL,OLLL,RMD,OLL,Anterior,Anterior,3,1,0,0,0,0,0,0,0,0,0,0,0
OLLL,RMDDL,RMD,OLL,Anterior,Anterior,1,3,2,14,0,0,2,2,2,2,2,2,2
RMDDL,IL1L,RMD,IL1,Anterior,Anterior,3,1,0,0,0,0,0,0,0,0,0,0,0
IL1L,RMDDL,RMD,IL1,Anterior,Anterior,1,3,3,18,2,2,2,2,2,2,2,2,2
RMDDL,RIAR,RMD,RIA,Anterior,Anterior,3,3,0,0,0,0,0,0,0,0,0,0,0
RIAR,RMDDL,RMD,RIA,Anterior,Anterior,3,3,3,18,2,2,2,2,2,2,2,2,2
RMDDL,RMEV,RMD,RME,Anterior,Anterior,3,3,2,4,0,0,0,0,0,0,1,2,1
RMEV,RMDDL,RMD,RME,Anterior,Anterior,3,3,2,14,2,2,2,2,2,1,0,1,2
RMDDL,RMDL,RMD,RMD,Anterior,Unclassified,3,3,0,0,0,0,0,0,0,0,0,0,0
RMDL,RMDDL,RMD,RMD,Unclassified,Anterior,3,3,1,8,1,1,1,0,2,1,1,1,0
RMDDL,SIADL,RMD,SIA,Anterior,Sublateral,3,3,0,0,0,0,0,0,0,0,0,0,0
SIADL,RMDDL,RMD,SIA,Sublateral,Anterior,3,3,0,0,0,0,0,0,0,0,0,0,0
RMDDL,RMDDR,RMD,RMD,Anterior,Anterior,3,3,1,5,0,0,0,0,2,1,0,1,1
RMDDR,RMDDL,RMD,RMD,Anterior,Anterior,3,3,1,5,0,0,0,0,2,1,0,1,1
RMDDL,IL1R,RMD,IL1,Anterior,Anterior,3,1,1,3,0,0,0,0,1,0,1,0,1
IL1R,RMDDL,RMD,IL1,Anterior,Anterior,1,3,2,11,0,0,2,1,2,2,1,2,1
RMDL,RMDR,RMD,RMD,Unclassified,Unclassified,3,3,3,18,2,2,2,2,2,2,2,2,2
RMDR,RMDL,RMD,RMD,Unclassified,Unclassified,3,3,3,18,2,2,2,2,2,2,2,2,2
RMDL,SMDVL,RMD,SMD,Unclassified,Lateral,3,3,1,2,0,0,0,0,1,0,0,1,0
SMDVL,RMDL,RMD,SMD,Lateral,Unclassified,3,3,1,1,0,0,0,0,1,0,0,0,0
RMDL,RIS,RMD,RIS,Unclassified,Lateral,3,3,1,3,0,0,0,0,0,0,1,0,2
RIS,RMDL,RMD,RIS,Lateral,Unclassified,3,3,2,13,0,1,2,1,1,2,2,2,2
RMDL,IL1L,RMD,IL1,Unclassified,Anterior,3,1,1,1,0,0,0,0,0,0,0,0,1
IL1L,RMDL,RMD,IL1,Anterior,Unclassified,1,3,2,14,0,2,2,2,1,2,2,2,1
RMDL,RIAR,RMD,RIA,Unclassified,Anterior,3,3,3,18,2,2,2,2,2,2,2,2,2
RIAR,RMDL,RMD,RIA,Anterior,Unclassified,3,3,3,18,2,2,2,2,2,2,2,2,2
RMDL,CEPVL,RMD,CEP,Unclassified,Anterior,3,1,0,0,0,0,0,0,0,0,0,0,0
CEPVL,RMDL,RMD,CEP,Anterior,Unclassified,1,3,1,2,0,0,0,0,0,1,0,1,0
RMDL,SMDDR,RMD,SMD,Unclassified,Lateral,3,3,1,1,0,0,0,0,0,0,0,0,1
SMDDR,RMDL,RMD,SMD,Lateral,Unclassified,3,3,1,9,1,0,1,1,1,2,0,2,1
RMDL,RIBR,RMD,RIB,Unclassified,Taxis,3,3,1,1,0,0,0,0,0,0,0,0,1
RIBR,RMDL,RMD,RIB,Taxis,Unclassified,3,3,1,5,0,0,0,0,2,0,0,2,1
RMDL,RMGR,RMD,RMG,Unclassified,Sublateral,3,3,1,7,0,2,1,0,1,1,1,0,1
RMGR,RMDL,RMD,RMG,Sublateral,Unclassified,3,3,3,18,2,2,2,2,2,2,2,2,2
RMDL,RIMR,RMD,RIM,Unclassified,Lateral,3,3,0,0,0,0,0,0,0,0,0,0,0
RIMR,RMDL,RMD,RIM,Lateral,Unclassified,3,3,3,18,2,2,2,2,2,2,2,2,2
RMDL,SIADL,RMD,SIA,Unclassified,Sublateral,3,3,0,0,0,0,0,0,0,0,0,0,0
SIADL,RMDL,RMD,SIA,Sublateral,Unclassified,3,3,1,1,0,0,0,0,0,0,0,0,1
RMDL,SIBDR,RMD,SIB,Unclassified,Sublateral,3,3,1,2,0,0,0,0,1,0,0,1,0
SIBDR,RMDL,RMD,SIB,Sublateral,Unclassified,3,3,0,0,0,0,0,0,0,0,0,0,0
RMDL,CEPDL,RMD,CEP,Unclassified,Sublateral,3,1,0,0,0,0,0,0,0,0,0,0,0
CEPDL,RMDL,RMD,CEP,Sublateral,Unclassified,1,3,1,1,0,0,0,0,0,0,0,0,1
RMDL,RMDDR,RMD,RMD,Unclassified,Anterior,3,3,2,14,1,2,2,2,0,2,1,2,2
RMDDR,RMDL,RMD,RMD,Anterior,Unclassified,3,3,0,0,0,0,0,0,0,0,0,0,0
RMDL,SIAVR,RMD,SIA,Unclassified,Sublateral,3,3,1,2,0,0,0,0,1,0,0,0,1
SIAVR,RMDL,RMD,SIA,Sublateral,Unclassified,3,3,1,1,0,0,0,0,0,0,0,0,1
RMDL,IL1R,RMD,IL1,Unclassified,Anterior,3,1,3,18,2,2,2,2,2,2,2,2,2
IL1R,RMDL,RMD,IL1,Anterior,Unclassified,1,3,2,8,0,0,0,0,1,1,2,2,2
SIADL,AVER,SIA,AVE,Sublateral,Anterior,3,3,0,0,0,0,0,0,0,0,0,0,0
AVER,SIADL,SIA,AVE,Anterior,Sublateral,3,3,0,0,0,0,0,0,0,0,0,0,0
SIADL,ALMR,SIA,ALM,Sublateral,Avoidance,3,1,1,1,0,0,0,0,0,0,0,0,1
ALMR,SIADL,SIA,ALM,Avoidance,Sublateral,1,3,1,1,0,0,0,0,0,0,0,0,1
SIADL,RMDR,SIA,RMD,Sublateral,Unclassified,3,3,0,0,0,0,0,0,0,0,0,0,0
RMDR,SIADL,SIA,RMD,Unclassified,Sublateral,3,3,0,0,0,0,0,0,0,0,0,0,0
SIADL,SMDVL,SIA,SMD,Sublateral,Lateral,3,3,0,0,0,0,0,0,0,0,0,0,0
SMDVL,SIADL,SIA,SMD,Lateral,Sublateral,3,3,0,0,0,0,0,0,0,0,0,0,0
SIADL,AVKR,SIA,AVK,Sublateral,Lateral,3,3,0,0,0,0,0,0,0,0,0,0,0
AVKR,SIADL,SIA,AVK,Lateral,Sublateral,3,3,1,5,0,0,0,1,0,0,1,2,1
SIADL,RMDDR,SIA,RMD,Sublateral,Anterior,3,3,0,0,0,0,0,0,0,0,0,0,0
RMDDR,SIADL,SIA,RMD,Anterior,Sublateral,3,3,0,0,0,0,0,0,0,0,0,0,0
SMDVL,RIS,SMD,RIS,Lateral,Lateral,3,3,1,1,0,0,0,0,0,0,0,1,0
RIS,SMDVL,SMD,RIS,Lateral,Lateral,3,3,1,7,0,0,1,0,0,1,2,1,2
SMDVL,ADER,SMD,ADE,Lateral,Unclassified,3,1,0,0,0,0,0,0,0,0,0,0,0
ADER,SMDVL,SMD,ADE,Unclassified,Lateral,1,3,1,1,0,0,0,1,0,0,0,0,0
SMDVL,URYVR,SMD,URY,Lateral,Anterior,3,1,0,0,0,0,0,0,0,0,0,0,0
URYVR,SMDVL,SMD,URY,Anterior,Lateral,1,3,3,18,2,2,2,2,2,2,2,2,2
SMDVL,SMDDR,SMD,SMD,Lateral,Lateral,3,3,3,18,2,2,2,2,2,2,2,2,2
SMDDR,SMDVL,SMD,SMD,Lateral,Lateral,3,3,3,18,2,2,2,2,2,2,2,2,2
SMDVL,RIBR,SMD,RIB,Lateral,Taxis,3,3,1,1,0,0,0,0,0,0,0,0,1
RIBR,SMDVL,SMD,RIB,Taxis,Lateral,3,3,2,15,0,2,1,2,2,2,2,2,2
SMDVL,RIAR,SMD,RIA,Lateral,Anterior,3,3,3,18,2,2,2,2,2,2,2,2,2
RIAR,SMDVL,SMD,RIA,Anterior,Lateral,3,3,3,18,2,2,2,2,2,2,2,2,2
SMDVL,RIMR,SMD,RIM,Lateral,Lateral,3,3,1,1,0,0,0,0,0,0,0,0,1
RIMR,SMDVL,SMD,RIM,Lateral,Lateral,3,3,2,15,2,2,0,2,2,2,2,2,1
SMDVL,OLLR,SMD,OLL,Lateral,Anterior,3,1,1,1,0,0,0,0,0,0,0,1,0
OLLR,SMDVL,SMD,OLL,Anterior,Lateral,1,3,3,18,2,2,2,2,2,2,2,2,2
SMDVL,SIAVR,SMD,SIA,Lateral,Sublateral,3,3,1,1,0,0,0,0,0,0,1,0,0
SIAVR,SMDVL,SMD,SIA,Sublateral,Lateral,3,3,0,0,0,0,0,0,0,0,0,0,0
SMDVL,RMEV,SMD,RME,Lateral,Anterior,3,3,1,1,0,0,0,0,0,0,0,0,1
RMEV,SMDVL,SMD,RME,Anterior,Lateral,3,3,2,15,1,2,2,2,1,2,2,2,1
SMDVL,CEPVR,SMD,CEP,Lateral,Anterior,3,1,1,8,1,1,0,0,1,1,1,1,2
CEPVR,SMDVL,SMD,CEP,Anterior,Lateral,1,3,2,10,1,1,2,2,0,0,1,2,1
AIML,AIAL,AIM,AIA,Taxis,Taxis,2,2,3,18,2,2,2,2,2,2,2,2,2
AIAL,AIML,AIM,AIA,Taxis,Taxis,2,2,1,1,0,0,0,0,0,0,0,0,1
AIML,PVQL,AIM,PVQ,Taxis,Taxis,2,2,1,2,0,0,1,0,0,0,0,0,1
PVQL,AIML,AIM,PVQ,Taxis,Taxis,2,2,2,11,0,1,2,0,2,2,2,1,1
AIML,ASJL,AIM,ASJ,Taxis,Taxis,2,1,2,12,2,2,0,1,0,2,2,1,2
ASJL,AIML,AIM,ASJ,Taxis,Taxis,1,2,1,1,0,0,1,0,0,0,0,0,0
AIML,ASGL,AIM,ASG,Taxis,Taxis,2,1,3,18,2,2,2,2,2,2,2,2,2
ASGL,AIML,AIM,ASG,Taxis,Taxis,1,2,2,13,2,2,2,2,2,0,2,1,0
AIML,AIMR,AIM,AIM,Taxis,Taxis,2,2,1,2,0,0,0,1,0,0,0,1,0
AIMR,AIML,AIM,AIM,Taxis,Taxis,2,2,1,2,0,0,0,1,0,0,0,1,0
AINL,ASEL,AIN,ASE,Taxis,Taxis,2,1,2,11,1,1,2,1,0,1,1,2,2
ASEL,AINL,AIN,ASE,Taxis,Taxis,1,2,1,2,0,0,0,0,1,0,0,1,0
AINL,AFDL,AIN,AFD,Taxis,Taxis,2,1,1,7,0,1,0,1,1,1,0,2,1
AFDL,AINL,AIN,AFD,Taxis,Taxis,1,2,0,0,0,0,0,0,0,0,0,0,0
AINL,AUAL,AIN,AUA,Taxis,Taxis,2,3,1,2,0,0,0,0,1,0,0,0,1
AUAL,AINL,AIN,AUA,Taxis,Taxis,3,2,1,1,0,0,0,0,0,0,0,0,1
AINL,AWCL,AIN,AWC,Taxis,Taxis,2,1,1,2,0,1,0,1,0,0,0,0,0
AWCL,AINL,AIN,AWC,Taxis,Taxis,1,2,1,1,0,0,0,0,1,0,0,0,0
AINL,AINR,AIN,AIN,Taxis,Taxis,2,2,1,4,0,1,0,0,0,1,0,1,1
AINR,AINL,AIN,AIN,Taxis,Taxis,2,2,1,4,0,1,0,0,0,1,0,1,1
AINL,AUAR,AIN,AUA,Taxis,Taxis,2,3,3,18,2,2,2,2,2,2,2,2,2
AUAR,AINL,AIN,AUA,Taxis,Taxis,3,2,2,3,0,0,0,0,0,0,0,2,1
AINL,BAGL,AIN,BAG,Taxis,Taxis,2,1,3,16,2,1,1,2,2,2,2,2,2
BAGL,AINL,AIN,BAG,Taxis,Taxis,1,2,1,3,0,0,1,0,1,0,0,0,1
AINL,AFDR,AIN,AFD,Taxis,Taxis,2,1,3,18,2,2,2,2,2,2,2,2,2
AFDR,AINL,AIN,AFD,Taxis,Taxis,1,2,1,2,0,0,0,0,0,0,0,1,1
AINL,RIBR,AIN,RIB,Taxis,Taxis,2,3,2,15,2,0,1,2,2,2,2,2,2
RIBR,AINL,AIN,RIB,Taxis,Taxis,3,2,1,1,0,0,0,0,0,0,0,0,1
AVER,AIZL,AVE,AIZ,Anterior,Taxis,3,3,1,1,0,0,0,0,0,0,1,0,0
AIZL,AVER,AVE,AIZ,Taxis,Anterior,3,3,3,18,2,2,2,2,2,2,2,2,2
AVER,RIBL,AVE,RIB,Anterior,Taxis,3,3,0,0,0,0,0,0,0,0,0,0,0
RIBL,AVER,AVE,RIB,Taxis,Anterior,3,3,3,16,1,2,1,2,2,2,2,2,2
AVER,BAGL,AVE,BAG,Anterior,Taxis,3,1,0,0,0,0,0,0,0,0,0,0,0
BAGL,AVER,AVE,BAG,Taxis,Anterior,1,3,2,15,1,2,0,2,2,2,2,2,2
AVER,CEPDL,AVE,CEP,Anterior,Sublateral,3,1,1,1,0,0,0,0,0,0,0,0,1
CEPDL,AVER,AVE,CEP,Sublateral,Anterior,1,3,3,17,1,2,2,2,2,2,2,2,2
AVER,CEPVL,AVE,CEP,Anterior,Anterior,3,1,0,0,0,0,0,0,0,0,0,0,0
CEPVL,AVER,AVE,CEP,Anterior,Anterior,1,3,3,17,2,2,1,2,2,2,2,2,2
AVER,OLLL,AVE,OLL,Anterior,Anterior,3,1,1,1,0,0,0,0,0,0,0,0,1
OLLL,AVER,AVE,OLL,Anterior,Anterior,1,3,3,18,2,2,2,2,2,2,2,2,2
RIGR,RIGL,RIG,RIG,Lateral,Lateral,3,3,1,1,0,0,0,0,0,1,0,0,0
RIGL,RIGR,RIG,RIG,Lateral,Lateral,3,3,1,1,0,0,0,0,0,1,0,0,0
RIGR,BAGL,RIG,BAG,Lateral,Taxis,3,1,3,18,2,2,2,2,2,2,2,2,2
BAGL,RIGR,RIG,BAG,Taxis,Lateral,1,3,2,16,0,2,2,2,2,2,2,2,2
SMBVR,AVHL,SMB,AVH,Sublateral,Avoidance,3,3,2,2,0,0,0,0,0,0,0,0,2
AVHL,SMBVR,SMB,AVH,Avoidance,Sublateral,3,3,2,11,0,1,0,1,2,1,2,2,2
RIS,RIBL,RIS,RIB,Lateral,Taxis,3,3,3,18,2,2,2,2,2,2,2,2,2
RIBL,RIS,RIS,RIB,Taxis,Lateral,3,3,2,15,1,2,2,2,1,1,2,2,2
RIS,CEPDL,RIS,CEP,Lateral,Sublateral,3,1,2,14,1,2,2,1,2,2,1,1,2
CEPDL,RIS,RIS,CEP,Sublateral,Lateral,1,3,1,3,0,0,0,0,0,1,0,1,1
RIS,CEPVL,RIS,CEP,Lateral,Anterior,3,1,3,18,2,2,2,2,2,2,2,2,2
CEPVL,RIS,RIS,CEP,Anterior,Lateral,1,3,0,0,0,0,0,0,0,0,0,0,0
RIS,RMEL,RIS,RME,Lateral,Anterior,3,3,0,0,0,0,0,0,0,0,0,0,0
RMEL,RIS,RIS,RME,Anterior,Lateral,3,3,0,0,0,0,0,0,0,0,0,0,0
AVHL,ASHR,AVH,ASH,Avoidance,Avoidance,3,1,1,7,0,1,1,1,0,1,1,1,1
ASHR,AVHL,AVH,ASH,Avoidance,Avoidance,1,3,1,8,1,0,0,1,2,0,0,2,2
AVHL,AWBR,AVH,AWB,Avoidance,Taxis,3,1,2,13,0,2,1,2,2,1,1,2,2
AWBR,AVHL,AVH,AWB,Taxis,Avoidance,1,3,2,10,2,1,0,2,1,0,1,2,1
AVHL,ADFR,AVH,ADF,Avoidance,Taxis,3,1,3,16,1,2,2,2,2,2,2,2,1
ADFR,AVHL,AVH,ADF,Taxis,Avoidance,1,3,1,7,1,2,0,0,1,0,1,1,1
AVHL,RIR,AVH,RIR,Avoidance,Unclassified,3,3,2,13,0,0,2,1,2,2,2,2,2
RIR,AVHL,AVH,RIR,Unclassified,Avoidance,3,3,1,2,0,0,0,0,0,1,0,1,0
AVHL,PVPR,AVH,PVP,Avoidance,Avoidance,3,3,2,12,0,1,1,1,1,2,2,2,2
PVPR,AVHL,AVH,PVP,Avoidance,Avoidance,3,3,2,10,1,1,1,1,0,0,2,2,2
AIYR,AWCL,AIY,AWC,Taxis,Taxis,2,1,1,2,0,0,0,0,0,0,1,0,1
AWCL,AIYR,AIY,AWC,Taxis,Taxis,1,2,3,16,1,2,2,2,2,2,2,2,1
AIYR,BAGL,AIY,BAG,Taxis,Taxis,2,1,2,10,2,0,1,2,2,0,1,2,0
BAGL,AIYR,AIY,BAG,Taxis,Taxis,1,2,2,4,0,0,0,0,0,0,2,1,1
AIYR,ASEL,AIY,ASE,Taxis,Taxis,2,1,2,2,0,0,0,0,0,0,0,0,2
ASEL,AIYR,AIY,ASE,Taxis,Taxis,1,2,3,17,2,2,2,2,2,2,1,2,2
OLLL,IL1DL,OLL,IL1,Anterior,Anterior,1,1,1,4,0,0,0,0,0,1,0,2,1
IL1DL,OLLL,OLL,IL1,Anterior,Anterior,1,1,2,3,0,0,0,0,0,0,0,2,1
OLLL,RIBL,OLL,RIB,Anterior,Taxis,1,3,3,18,2,2,2,2,2,2,2,2,2
RIBL,OLLL,OLL,RIB,Taxis,Anterior,3,1,1,4,0,0,1,1,0,0,0,1,1
OLLL,RIGL,OLL,RIG,Anterior,Lateral,1,3,0,0,0,0,0,0,0,0,0,0,0
RIGL,OLLL,OLL,RIG,Lateral,Anterior,3,1,0,0,0,0,0,0,0,0,0,0,0
OLLL,IL1L,OLL,IL1,Anterior,Anterior,1,1,2,6,0,0,0,0,0,2,2,2,0
IL1L,OLLL,OLL,IL1,Anterior,Anterior,1,1,1,3,0,0,0,0,1,0,0,0,2
OLLL,SMDDR,OLL,SMD,Anterior,Lateral,1,3,3,18,2,2,2,2,2,2,2,2,2
SMDDR,OLLL,OLL,SMD,Lateral,Anterior,3,1,0,0,0,0,0,0,0,0,0,0,0
OLLL,CEPVL,OLL,CEP,Anterior,Anterior,1,1,3,16,1,1,2,2,2,2,2,2,2
CEPVL,OLLL,OLL,CEP,Anterior,Anterior,1,1,3,18,2,2,2,2,2,2,2,2,2
OLLL,CEPDL,OLL,CEP,Anterior,Sublateral,1,1,3,17,2,2,1,2,2,2,2,2,2
CEPDL,OLLL,OLL,CEP,Sublateral,Anterior,1,1,3,18,2,2,2,2,2,2,2,2,2
OLLL,IL1VL,OLL,IL1,Anterior,Anterior,1,1,2,6,0,0,0,0,0,1,1,2,2
IL1VL,OLLL,OLL,IL1,Anterior,Anterior,1,1,1,1,0,0,0,0,0,0,0,0,1
OLLL,OLLR,OLL,OLL,Anterior,Anterior,1,1,0,0,0,0,0,0,0,0,0,0,0
OLLR,OLLL,OLL,OLL,Anterior,Anterior,1,1,0,0,0,0,0,0,0,0,0,0,0
OLLL,RMED,OLL,RMED,Anterior,Anterior,1,3,1,4,0,0,0,0,0,2,1,0,1
RMED,OLLL,OLL,RMED,Anterior,Anterior,3,1,0,0,0,0,0,0,0,0,0,0,0
OLLL,RMEL,OLL,RME,Anterior,Anterior,1,3,2,8,0,0,0,0,1,2,1,2,2
RMEL,OLLL,OLL,RME,Anterior,Anterior,3,1,0,0,0,0,0,0,0,0,0,0,0
OLLL,RMEV,OLL,RME,Anterior,Anterior,1,3,1,3,0,0,0,0,1,1,0,1,0
RMEV,OLLL,OLL,RME,Anterior,Anterior,3,1,0,0,0,0,0,0,0,0,0,0,0
AWCL,AIAL,AWC,AIA,Taxis,Taxis,1,2,3,17,2,2,1,2,2,2,2,2,2
AIAL,AWCL,AWC,AIA,Taxis,Taxis,2,1,2,14,0,1,1,2,2,2,2,2,2
AWCL,AIYL,AWC,AIY,Taxis,Taxis,1,2,3,18,2,2,2,2,2,2,2,2,2
AIYL,AWCL,AWC,AIY,Taxis,Taxis,2,1,1,1,0,0,0,0,0,0,0,0,1
AWCL,ASEL,AWC,ASE,Taxis,Taxis,1,1,2,12,1,2,1,2,1,1,2,1,1
ASEL,AWCL,AWC,ASE,Taxis,Taxis,1,1,3,17,2,2,2,2,2,2,1,2,2
AWCL,AFDL,AWC,AFD,Taxis,Taxis,1,1,1,1,0,0,0,0,0,0,0,0,1
AFDL,AWCL,AWC,AFD,Taxis,Taxis,1,1,0,0,0,0,0,0,0,0,0,0,0
AWCL,ASGL,AWC,ASG,Taxis,Taxis,1,1,1,4,0,0,1,0,1,1,0,0,1
ASGL,AWCL,AWC,ASG,Taxis,Taxis,1,1,1,2,0,0,2,0,0,0,0,0,0
AWCL,ASIL,AWC,ASI,Taxis,Taxis,1,1,2,7,0,0,0,0,2,0,2,1,2
ASIL,AWCL,AWC,ASI,Taxis,Taxis,1,1,3,17,2,2,1,2,2,2,2,2,2
AWCL,AIAR,AWC,AIA,Taxis,Taxis,1,2,3,17,2,1,2,2,2,2,2,2,2
AIAR,AWCL,AWC,AIA,Taxis,Taxis,2,1,2,12,1,0,2,1,2,1,1,2,2
AWCL,ASER,AWC,ASE,Taxis,Taxis,1,1,1,7,0,0,1,1,1,1,1,0,2
ASER,AWCL,AWC,ASE,Taxis,Taxis,1,1,2,10,1,1,1,1,2,0,1,1,2
AWCL,ASIR,AWC,ASI,Taxis,Taxis,1,1,1,3,0,0,0,0,0,1,0,1,1
ASIR,AWCL,AWC,ASI,Taxis,Taxis,1,1,2,15,1,1,1,2,2,2,2,2,2
AWCL,AWCR,AWC,AWC,Taxis,Taxis,1,1,3,17,1,2,2,2,2,2,2,2,2
AWCR,AWCL,AWC,AWC,Taxis,Taxis,1,1,3,17,1,2,2,2,2,2,2,2,2
BAGL,RIBL,BAG,RIB,Taxis,Taxis,1,3,1,2,0,0,0,0,0,0,0,1,1
RIBL,BAGL,BAG,RIB,Taxis,Taxis,3,1,1,2,1,0,0,0,0,1,0,0,0
BAGL,RIR,BAG,RIR,Taxis,Unclassified,1,3,1,1,0,0,0,0,0,0,0,1,0
RIR,BAGL,BAG,RIR,Unclassified,Taxis,3,1,1,5,0,2,1,0,0,0,1,0,1
BAGL,BAGR,BAG,BAG,Taxis,Taxis,1,1,1,4,0,0,0,0,0,1,0,1,2
BAGR,BAGL,BAG,BAG,Taxis,Taxis,1,1,1,4,0,0,0,0,0,1,0,1,2
BAGL,RIAR,BAG,RIA,Taxis,Anterior,1,3,3,18,2,2,2,2,2,2,2,2,2
RIAR,BAGL,BAG,RIA,Anterior,Taxis,3,1,1,2,0,0,0,0,0,0,1,0,1
BAGL,RIBR,BAG,RIB,Taxis,Taxis,1,3,3,18,2,2,2,2,2,2,2,2,2
RIBR,BAGL,BAG,RIB,Taxis,Taxis,3,1,3,17,1,2,2,2,2,2,2,2,2
IL1DL,IL1L,IL1,IL1,Anterior,Anterior,1,1,1,5,1,0,0,0,1,0,0,2,1
IL1L,IL1DL,IL1,IL1,Anterior,Anterior,1,1,1,3,0,0,1,0,1,0,0,1,0
IL1DL,CEPDL,IL1,CEP,Anterior,Sublateral,1,1,0,0,0,0,0,0,0,0,0,0,0
CEPDL,IL1DL,IL1,CEP,Sublateral,Anterior,1,1,2,14,0,1,1,2,2,2,2,2,2
IL1DL,IL2DL,IL1,IL2,Anterior,Anterior,1,1,1,3,0,0,0,0,0,0,1,0,2
IL2DL,IL1DL,IL1,IL2,Anterior,Anterior,1,1,2,13,0,0,1,2,2,2,2,2,2
IL1DL,URADL,IL1,URA,Anterior,Anterior,1,2,1,4,0,0,0,0,1,0,0,1,2
URADL,IL1DL,IL1,URA,Anterior,Anterior,2,1,2,11,1,1,1,2,1,0,1,2,2
IL1DL,RIPL,IL1,RIP,Anterior,Anterior,1,2,3,18,2,2,2,2,2,2,2,2,2
RIPL,IL1DL,IL1,RIP,Anterior,Anterior,2,1,0,0,0,0,0,0,0,0,0,0,0
RMDR,RIBL,RMD,RIB,Unclassified,Taxis,3,3,1,1,0,0,0,0,0,0,0,0,1
RIBL,RMDR,RMD,RIB,Taxis,Unclassified,3,3,1,5,0,0,0,0,2,0,0,2,1
RMDR,IL1L,RMD,IL1,Unclassified,Anterior,3,1,3,18,2,2,2,2,2,2,2,2,2
IL1L,RMDR,RMD,IL1,Anterior,Unclassified,1,3,2,8,0,0,0,0,1,1,2,2,2
RIBL,RIGL,RIB,RIG,Taxis,Lateral,3,3,1,6,0,0,1,0,0,1,0,2,2
RIGL,RIBL,RIB,RIG,Lateral,Taxis,3,3,3,17,1,2,2,2,2,2,2,2,2
RIBL,AIZL,RIB,AIZ,Taxis,Taxis,3,3,1,6,0,0,0,1,2,0,1,1,1
AIZL,RIBL,RIB,AIZ,Taxis,Taxis,3,3,1,6,1,1,1,1,1,0,1,0,0
RIBL,AIYL,RIB,AIY,Taxis,Taxis,3,2,0,0,0,0,0,0,0,0,0,0,0
AIYL,RIBL,RIB,AIY,Taxis,Taxis,2,3,3,18,2,2,2,2,2,2,2,2,2
RIBL,AUAL,RIB,AUA,Taxis,Taxis,3,3,2,11,0,1,1,0,2,1,2,2,2
AUAL,RIBL,RIB,AUA,Taxis,Taxis,3,3,3,18,2,2,2,2,2,2,2,2,2
RIBL,AINR,RIB,AIN,Taxis,Taxis,3,2,1,1,0,0,0,0,0,0,0,0,1
AINR,RIBL,RIB,AIN,Taxis,Taxis,2,3,2,15,2,0,1,2,2,2,2,2,2
RIBL,SMDDR,RIB,SMD,Taxis,Lateral,3,3,2,8,0,0,0,2,2,0,1,2,1
SMDDR,RIBL,RIB,SMD,Lateral,Taxis,3,3,1,1,0,0,0,0,0,0,0,0,1
RIBL,AVL,RIB,AVL,Taxis,Lateral,3,3,0,0,0,0,0,0,0,0,0,0,0
AVL,RIBL,RIB,AVL,Lateral,Taxis,3,3,1,1,0,0,0,0,0,0,0,1,0
RIBL,RMED,RIB,RMED,Taxis,Anterior,3,3,1,1,0,0,0,0,0,0,0,0,1
RMED,RIBL,RIB,RMED,Anterior,Taxis,3,3,2,2,0,0,0,0,0,0,0,0,2
RIBL,BAGR,RIB,BAG,Taxis,Taxis,3,1,3,17,1,2,2,2,2,2,2,2,2
BAGR,RIBL,RIB,BAG,Taxis,Taxis,1,3,3,18,2,2,2,2,2,2,2,2,2
RIBL,RIBR,RIB,RIB,Taxis,Taxis,3,3,0,0,0,0,0,0,0,0,0,0,0
RIBR,RIBL,RIB,RIB,Taxis,Taxis,3,3,0,0,0,0,0,0,0,0,0,0,0
AUAL,ADFL,AUA,ADF,Taxis,Taxis,3,1,1,2,0,0,0,0,0,0,0,1,1
ADFL,AUAL,AUA,ADF,Taxis,Taxis,1,3,3,16,2,2,1,2,2,2,2,1,2
AUAL,AIZL,AUA,AIZ,Taxis,Taxis,3,3,2,2,0,0,0,0,0,0,0,0,2
AIZL,AUAL,AUA,AIZ,Taxis,Taxis,3,3,1,1,0,0,0,0,1,0,0,0,0
AUAL,AIYL,AUA,AIY,Taxis,Taxis,3,2,2,2,0,0,0,0,0,0,0,0,2
AIYL,AUAL,AUA,AIY,Taxis,Taxis,2,3,1,4,1,0,0,1,0,0,0,2,0
AUAL,AFDL,AUA,AFD,Taxis,Taxis,3,1,0,0,0,0,0,0,0,0,0,0,0
AFDL,AUAL,AUA,AFD,Taxis,Taxis,1,3,1,1,0,0,0,0,1,0,0,0,0
AUAL,AINR,AUA,AIN,Taxis,Taxis,3,2,2,3,0,0,0,0,0,0,0,2,1
AINR,AUAL,AUA,AIN,Taxis,Taxis,2,3,3,18,2,2,2,2,2,2,2,2,2
AUAL,RIR,AUA,RIR,Taxis,Unclassified,3,3,1,1,0,0,0,0,0,0,0,1,0
RIR,AUAL,AUA,RIR,Unclassified,Taxis,3,3,1,6,0,1,1,0,1,1,0,1,1
IL1L,IL1VL,IL1,IL1,Anterior,Anterior,1,1,1,3,0,0,1,0,0,1,0,1,0
IL1VL,IL1L,IL1,IL1,Anterior,Anterior,1,1,1,3,0,0,0,0,0,1,0,0,2
IL1L,RMER,IL1,RME,Anterior,Anterior,1,3,2,10,2,1,2,1,0,0,0,2,2
RMER,IL1L,IL1,RME,Anterior,Anterior,3,1,1,6,0,0,1,0,2,0,0,1,2
IL1L,RMDDR,IL1,RMD,Anterior,Anterior,1,3,2,11,0,0,2,1,2,2,1,2,1
RMDDR,IL1L,IL1,RMD,Anterior,Anterior,3,1,1,3,0,0,0,0,1,0,1,0,1
IL1L,URAVL,IL1,URA,Anterior,Anterior,1,2,1,6,0,1,1,0,2,1,0,0,1
URAVL,IL1L,IL1,URA,Anterior,Anterior,2,1,2,7,0,0,0,1,1,2,0,1,2
ASJL,ALA,ASJ,ALA,Taxis,Taxis,1,3,2,3,0,0,0,0,0,0,0,2,1
ALA,ASJL,ASJ,ALA,Taxis,Taxis,3,1,1,4,0,0,0,2,1,0,0,0,1
ASJL,ASJR,ASJ,ASJ,Taxis,Taxis,1,1,0,0,0,0,0,0,0,0,0,0,0
ASJR,ASJL,ASJ,ASJ,Taxis,Taxis,1,1,0,0,0,0,0,0,0,0,0,0,0
ASJL,ASEL,ASJ,ASE,Taxis,Taxis,1,1,0,0,0,0,0,0,0,0,0,0,0
ASEL,ASJL,ASJ,ASE,Taxis,Taxis,1,1,1,1,0,0,0,0,0,0,0,0,1
ASJL,AIAL,ASJ,AIA,Taxis,Taxis,1,2,1,5,1,0,1,0,1,0,1,1,0
AIAL,ASJL,ASJ,AIA,Taxis,Taxis,2,1,1,1,0,0,0,0,0,0,0,0,1
ASJL,PVQL,ASJ,PVQ,Taxis,Taxis,1,2,3,18,2,2,2,2,2,2,2,2,2
PVQL,ASJL,ASJ,PVQ,Taxis,Taxis,2,1,2,13,1,1,2,2,2,1,2,1,1
ASJL,ASGL,ASJ,ASG,Taxis,Taxis,1,1,0,0,0,0,0,0,0,0,0,0,0
ASGL,ASJL,ASJ,ASG,Taxis,Taxis,1,1,1,2,1,0,0,0,0,0,0,1,0
AINR,AFDL,AIN,AFD,Taxis,Taxis,2,1,3,18,2,2,2,2,2,2,2,2,2
AFDL,AINR,AIN,AFD,Taxis,Taxis,1,2,1,2,0,0,0,0,0,0,0,1,1
RMED,RIPL,RMED,RIP,Anterior,Anterior,3,2,0,0,0,0,0,0,0,0,0,0,0
RIPL,RMED,RMED,RIP,Anterior,Anterior,2,3,0,0,0,0,0,0,0,0,0,0,0
RMED,URAVL,RMED,URA,Anterior,Anterior,3,2,0,0,0,0,0,0,0,0,0,0,0
URAVL,RMED,RMED,URA,Anterior,Anterior,2,3,1,3,1,2,0,0,0,0,0,0,0
RMED,RMEL,RMED,RME,Anterior,Anterior,3,3,1,2,0,0,1,1,0,0,0,0,0
RMEL,RMED,RMED,RME,Anterior,Anterior,3,3,0,0,0,0,0,0,0,0,0,0,0
RMER,URAVL,RME,URA,Anterior,Anterior,3,2,1,2,1,1,0,0,0,0,0,0,0
URAVL,RMER,RME,URA,Anterior,Anterior,2,3,1,5,0,0,0,0,1,0,2,0,2
RMER,RMEL,RME,RME,Anterior,Anterior,3,3,1,2,0,0,0,0,0,0,2,0,0
RMEL,RMER,RME,RME,Anterior,Anterior,3,3,1,2,0,0,0,0,0,0,2,0,0
URADL,RIPL,URA,RIP,Anterior,Anterior,2,2,3,18,2,2,2,2,2,2,2,2,2
RIPL,URADL,URA,RIP,Anterior,Anterior,2,2,0,0,0,0,0,0,0,0,0,0,0
URADL,CEPDL,URA,CEP,Anterior,Sublateral,2,1,1,1,0,0,0,0,0,0,1,0,0
CEPDL,URADL,URA,CEP,Sublateral,Anterior,1,2,2,13,0,2,2,0,2,2,2,1,2
URADL,IL2DL,URA,IL2,Anterior,Anterior,2,1,0,0,0,0,0,0,0,0,0,0,0
IL2DL,URADL,URA,IL2,Anterior,Anterior,1,2,2,16,0,2,2,2,2,2,2,2,2
RMEL,AVL,RME,AVL,Anterior,Lateral,3,3,0,0,0,0,0,0,0,0,0,0,0
AVL,RMEL,RME,AVL,Lateral,Anterior,3,3,1,7,0,1,2,2,1,0,0,1,0
RMEL,RIPL,RME,RIP,Anterior,Anterior,3,2,0,0,0,0,0,0,0,0,0,0,0
RIPL,RMEL,RME,RIP,Anterior,Anterior,2,3,1,1,0,0,0,0,0,0,1,0,0
RMEL,RMEV,RME,RME,Anterior,Anterior,3,3,1,1,0,0,0,0,0,0,0,0,1
RMEV,RMEL,RME,RME,Anterior,Anterior,3,3,1,2,0,0,0,0,1,0,1,0,0
RMEL,URAVL,RME,URA,Anterior,Anterior,3,2,0,0,0,0,0,0,0,0,0,0,0
URAVL,RMEL,RME,URA,Anterior,Anterior,2,3,3,17,2,2,2,2,2,2,1,2,2
RMEL,IL2VR,RME,IL2,Anterior,Anterior,3,1,0,0,0,0,0,0,0,0,0,0,0
IL2VR,RMEL,RME,IL2,Anterior,Anterior,1,3,3,18,2,2,2,2,2,2,2,2,2
RMEL,URAVR,RME,URA,Anterior,Anterior,3,2,1,2,1,1,0,0,0,0,0,0,0
URAVR,RMEL,RME,URA,Anterior,Anterior,2,3,1,5,0,0,0,0,1,0,2,0,2
RMEL,IL2R,RME,IL2,Anterior,Anterior,3,1,0,0,0,0,0,0,0,0,0,0,0
IL2R,RMEL,RME,IL2,Anterior,Anterior,1,3,2,3,0,0,0,0,0,0,0,1,2
RMEL,IL1R,RME,IL1,Anterior,Anterior,3,1,1,6,0,0,1,0,2,0,0,1,2
IL1R,RMEL,RME,IL1,Anterior,Anterior,1,3,2,10,2,1,2,1,0,0,0,2,2
RMEV,IL1VL,RME,IL1,Anterior,Anterior,3,1,0,0,0,0,0,0,0,0,0,0,0
IL1VL,RMEV,RME,IL1,Anterior,Anterior,1,3,0,0,0,0,0,0,0,0,0,0,0
RMEV,RIGL,RME,RIG,Anterior,Lateral,3,3,0,0,0,0,0,0,0,0,0,0,0
RIGL,RMEV,RME,RIG,Lateral,Anterior,3,3,0,0,0,0,0,0,0,0,0,0,0
ASIL,AIAL,ASI,AIA,Taxis,Taxis,1,2,2,14,1,0,2,1,2,2,2,2,2
AIAL,ASIL,ASI,AIA,Taxis,Taxis,2,1,1,3,0,0,0,0,1,0,1,0,1
ASIL,ASEL,ASI,ASE,Taxis,Taxis,1,1,1,3,1,0,1,0,0,0,0,0,1
ASEL,ASIL,ASI,ASE,Taxis,Taxis,1,1,1,2,1,0,0,0,0,0,0,1,0
ASIL,ASGL,ASI,ASG,Taxis,Taxis,1,1,2,11,0,0,1,1,1,2,2,2,2
ASGL,ASIL,ASI,ASG,Taxis,Taxis,1,1,0,0,0,0,0,0,0,0,0,0,0
ASIL,AWCR,ASI,AWC,Taxis,Taxis,1,1,2,15,1,1,1,2,2,2,2,2,2
AWCR,ASIL,ASI,AWC,Taxis,Taxis,1,1,1,3,0,0,0,0,0,1,0,1,1
ADFL,AIZL,ADF,AIZ,Taxis,Taxis,1,3,3,18,2,2,2,2,2,2,2,2,2
AIZL,ADFL,ADF,AIZ,Taxis,Taxis,3,1,1,7,1,0,0,2,1,1,0,0,2
ADFL,AIYL,ADF,AIY,Taxis,Taxis,1,2,1,7,1,1,1,0,1,1,1,0,1
AIYL,ADFL,ADF,AIY,Taxis,Taxis,2,1,1,9,2,2,1,2,0,0,0,1,1
ADFL,RIR,ADF,RIR,Taxis,Unclassified,1,3,2,11,0,2,0,1,2,0,2,2,2
RIR,ADFL,ADF,RIR,Unclassified,Taxis,3,1,2,8,0,0,1,0,0,2,1,2,2
ADFL,AIAL,ADF,AIA,Taxis,Taxis,1,2,1,5,1,0,1,1,0,0,0,1,1
AIAL,ADFL,ADF,AIA,Taxis,Taxis,2,1,1,3,0,1,0,0,1,0,0,0,1
AIAL,AWCR,AIA,AWC,Taxis,Taxis,2,1,2,12,1,0,2,1,2,1,1,2,2
AWCR,AIAL,AIA,AWC,Taxis,Taxis,1,2,3,17,2,1,2,2,2,2,2,2,2
AIAL,AIZL,AIA,AIZ,Taxis,Taxis,2,3,1,6,0,0,0,1,1,2,0,0,2
AIZL,AIAL,AIA,AIZ,Taxis,Taxis,3,2,3,16,2,1,1,2,2,2,2,2,2
AIAL,ASEL,AIA,ASE,Taxis,Taxis,2,1,1,6,0,0,0,1,1,0,2,0,2
ASEL,AIAL,AIA,ASE,Taxis,Taxis,1,2,2,11,0,0,0,1,2,2,2,2,2
AIAL,ASGL,AIA,ASG,Taxis,Taxis,2,1,2,9,0,0,1,0,1,2,1,2,2
ASGL,AIAL,AIA,ASG,Taxis,Taxis,1,2,3,18,2,2,2,2,2,2,2,2,2
AIAL,PVQL,AIA,PVQ,Taxis,Taxis,2,2,1,4,0,1,1,0,0,0,0,1,1
PVQL,AIAL,AIA,PVQ,Taxis,Taxis,2,2,3,18,2,2,2,2,2,2,2,2,2
AIZL,RIGL,AIZ,RIG,Taxis,Lateral,3,3,1,1,0,0,0,0,0,0,0,0,1
RIGL,AIZL,AIZ,RIG,Lateral,Taxis,3,3,2,15,1,1,1,2,2,2,2,2,2
AIZL,AFDL,AIZ,AFD,Taxis,Taxis,3,1,1,1,0,0,0,0,0,0,0,0,1
AFDL,AIZL,AIZ,AFD,Taxis,Taxis,1,3,1,3,0,0,0,1,1,0,0,1,0
AIZL,AIYL,AIZ,AIY,Taxis,Taxis,3,2,1,5,0,0,0,0,1,1,2,1,0
AIYL,AIZL,AIZ,AIY,Taxis,Taxis,2,3,3,18,2,2,2,2,2,2,2,2,2
AIZL,ASEL,AIZ,ASE,Taxis,Taxis,3,1,2,11,0,1,0,0,2,2,2,2,2
ASEL,AIZL,AIZ,ASE,Taxis,Taxis,1,3,1,6,1,0,0,1,2,1,0,0,1
AIZL,RIR,AIZ,RIR,Taxis,Unclassified,3,3,0,0,0,0,0,0,0,0,0,0,0
RIR,AIZL,AIZ,RIR,Unclassified,Taxis,3,3,3,17,1,2,2,2,2,2,2,2,2
AIZL,BAGR,AIZ,BAG,Taxis,Taxis,3,1,1,5,0,0,0,1,0,1,1,2,0
BAGR,AIZL,AIZ,BAG,Taxis,Taxis,1,3,1,2,0,0,0,0,0,1,0,0,1
AIYL,AWCR,AIY,AWC,Taxis,Taxis,2,1,1,2,0,0,0,0,0,0,1,0,1
AWCR,AIYL,AIY,AWC,Taxis,Taxis,1,2,3,16,1,2,2,2,2,2,2,2,1
AIYL,ASER,AIY,ASE,Taxis,Taxis,2,1,2,2,0,0,0,0,0,0,0,0,2
ASER,AIYL,AIY,ASE,Taxis,Taxis,1,2,3,17,2,2,2,2,2,2,1,2,2
AIYL,AFDL,AIY,AFD,Taxis,Taxis,2,1,2,9,0,0,0,2,1,1,2,1,2
AFDL,AIYL,AIY,AFD,Taxis,Taxis,1,2,3,18,2,2,2,2,2,2,2,2,2
AIYL,BAGR,AIY,BAG,Taxis,Taxis,2,1,2,10,2,0,1,2,2,0,1,2,0
BAGR,AIYL,AIY,BAG,Taxis,Taxis,1,2,2,4,0,0,0,0,0,0,2,1,1
AIYL,ASEL,AIY,ASE,Taxis,Taxis,2,1,1,6,0,0,1,0,0,0,2,2,1
ASEL,AIYL,AIY,ASE,Taxis,Taxis,1,2,3,18,2,2,2,2,2,2,2,2,2
AIYL,RIR,AIY,RIR,Taxis,Unclassified,2,3,1,5,0,1,0,0,0,2,1,0,1
RIR,AIYL,AIY,RIR,Unclassified,Taxis,3,2,1,4,0,0,1,0,0,2,0,1,0
ASEL,AWCR,ASE,AWC,Taxis,Taxis,1,1,2,10,1,1,1,1,2,0,1,1,2
AWCR,ASEL,ASE,AWC,Taxis,Taxis,1,1,1,7,0,0,1,1,1,1,1,0,2
ASEL,ASGL,ASE,ASG,Taxis,Taxis,1,1,1,1,0,0,0,0,0,0,0,1,0
ASGL,ASEL,ASE,ASG,Taxis,Taxis,1,1,1,3,0,1,0,0,1,0,0,0,1
ASEL,AFDR,ASE,AFD,Taxis,Taxis,1,1,2,12,1,1,1,0,2,2,1,2,2
AFDR,ASEL,ASE,AFD,Taxis,Taxis,1,1,1,5,0,0,0,0,1,1,0,1,2
PVQL,ALA,PVQ,ALA,Taxis,Taxis,2,3,1,3,0,0,0,0,0,0,1,2,0
ALA,PVQL,PVQ,ALA,Taxis,Taxis,3,2,0,0,0,0,0,0,0,0,0,0,0
PVT,RIGL,PVT,RIG,Lateral,Lateral,2,3,3,17,2,2,1,2,2,2,2,2,2
RIGL,PVT,PVT,RIG,Lateral,Lateral,3,2,1,5,1,1,0,0,0,1,0,1,1
BAGR,RIGL,BAG,RIG,Taxis,Lateral,1,3,2,16,0,2,2,2,2,2,2,2,2
RIGL,BAGR,BAG,RIG,Lateral,Taxis,3,1,3,18,2,2,2,2,2,2,2,2,2
CEPVL,IL1VL,CEP,IL1,Anterior,Anterior,1,1,2,13,0,0,1,2,2,2,2,2,2
IL1VL,CEPVL,CEP,IL1,Anterior,Anterior,1,1,1,1,0,0,0,0,0,0,1,0,0
IL1VL,RIPL,IL1,RIP,Anterior,Anterior,1,2,3,18,2,2,2,2,2,2,2,2,2
RIPL,IL1VL,IL1,RIP,Anterior,Anterior,2,1,0,0,0,0,0,0,0,0,0,0,0
IL1VL,URAVL,IL1,URA,Anterior,Anterior,1,2,2,6,0,0,0,0,1,0,2,1,2
URAVL,IL1VL,IL1,URA,Anterior,Anterior,2,1,2,8,0,0,0,0,2,1,1,2,2
RIPL,IL2DL,RIP,IL2,Anterior,Anterior,2,1,0,0,0,0,0,0,0,0,0,0,0
IL2DL,RIPL,RIP,IL2,Anterior,Anterior,1,2,3,18,2,2,2,2,2,2,2,2,2
RIPL,URAVL,RIP,URA,Anterior,Anterior,2,2,1,1,0,0,0,0,0,0,0,0,1
URAVL,RIPL,RIP,URA,Anterior,Anterior,2,2,3,18,2,2,2,2,2,2,2,2,2
DVC,RIGL,DVC,RIG,Lateral,Lateral,3,3,2,16,0,2,2,2,2,2,2,2,2
RIGL,DVC,DVC,RIG,Lateral,Lateral,3,3,2,10,0,2,0,2,1,1,1,2,1
RIGL,RIR,RIG,RIR,Lateral,Unclassified,3,3,2,16,2,2,0,2,2,2,2,2,2
RIR,RIGL,RIG,RIR,Unclassified,Lateral,3,3,2,10,0,0,1,0,1,2,2,2,2
RIGL,AVKR,RIG,AVK,Lateral,Lateral,3,3,2,16,2,2,0,2,2,2,2,2,2
AVKR,RIGL,RIG,AVK,Lateral,Lateral,3,3,1,6,1,0,0,0,1,1,2,0,1
CEPDL,SMDDR,CEP,SMD,Sublateral,Lateral,1,3,1,5,2,0,0,2,0,0,0,1,0
SMDDR,CEPDL,CEP,SMD,Lateral,Sublateral,3,1,1,7,1,0,1,0,2,0,2,1,0
CEPDL,IL2DL,CEP,IL2,Sublateral,Anterior,1,1,1,2,0,0,0,0,0,0,1,0,1
IL2DL,CEPDL,CEP,IL2,Anterior,Sublateral,1,1,1,1,0,0,0,0,0,0,0,0,1
ASER,AFDL,ASE,AFD,Taxis,Taxis,1,1,2,12,1,1,1,0,2,2,1,2,2
AFDL,ASER,ASE,AFD,Taxis,Taxis,1,1,1,5,0,0,0,0,1,1,0,1,2
