ADAL,ASHL,AIBR,4
ADAL,ASHL,AVAR,4
ADAL,ASHL,AVBL,7
ADAL,ASHL,AVBR,4
ADAL,ASHL,AVJR,4
ADAL,ASHL,RIML,4
ADAL,ASHL,RIPL,4
ADAL,ASHL,AIBL,6
ADAL,ASHL,AVAL,6
ADAL,ASHL,ADFL,6
ADAL,ASHL,RIAL,6
ADAL,ASHL,AIAL,6
ADAL,ASHL,AVDR,6
ADAL,RIPL,AIBR,6
ADAL,RIPL,AVAR,6
ADAL,RIPL,AVBL,6
ADAL,RIPL,AVBR,6
ADAL,RIPL,AVJR,6
ADAL,RIPL,RIML,6
ADAL,RIPL,IL1DL,2
ADAL,RIPL,URADL,2
ADAL,RIPL,IL1VL,2
ADAL,RIPL,URAVL,2
ADAL,RIPL,IL2DL,2
ADAL,RIPL,RIH,2
ADAL,RIPL,IL2VL,2
ADAL,RIML,AIBR,7
ADAL,RIML,AVAR,6
ADAL,RIML,AVBL,7
ADAL,RIML,AVBR,7
ADAL,RIML,AVJR,6
ADAL,RIML,AIBL,2
ADAL,RIML,RMDL,4
ADAL,RIML,AIZL,2
ADAL,RIML,RIFL,2
ADAL,RIML,SMDDR,4
ADAL,RIML,RIBL,4
ADAL,RIML,SAAVL,5
ADAL,RIML,AVKL,2
ADAL,RIML,SAADR,2
ADAL,RIML,AVKR,2
ADAL,RIML,SAADL,2
ADAL,RIML,RMDR,4
ADAL,RIML,RMFR,4
ADAL,RIML,SAAVR,5
ADAL,RIML,RIS,2
ADAL,AVJR,AIBR,6
ADAL,AVJR,AVAR,6
ADAL,AVJR,AVBL,7
ADAL,AVJR,AVBR,6
ADAL,AVJR,RIFL,2
ADAL,AVJR,BDUL,2
ADAL,AVJR,PVCL,4
ADAL,AVBR,AIBR,6
ADAL,AVBR,AVAR,6
ADAL,AVBR,AVBL,6
ADAL,AVBR,AVJL,2
ADAL,AVBR,RIFL,2
ADAL,AVBR,PVCL,2
ADAL,AVBR,PVPL,2
ADAL,AVBL,AIBR,6
ADAL,AVBL,AVAR,6
ADAL,AVBL,ADAR,2
ADAL,AVBL,AIBL,2
ADAL,AVBL,AVJL,2
ADAL,AVBL,RIFL,2
ADAL,AVBL,RIMR,2
ADAL,AVBL,PVCL,2
ADAL,AVBL,AQR,2
ADAL,AVBL,AVFL,2
ADAL,AVBL,PVPR,2
ADAL,AVBL,PVPL,2
ADAL,AVBL,PVCR,2
ADAL,AVBL,AVM,2
ADAL,AVBL,RIFR,2
ADAL,AVAR,AIBR,6
ADAL,AVAR,ADEL,2
ADAL,AVAR,BAGL,2
ADAL,AVAR,PVCL,2
ADAL,AVAR,PVPL,2
ADAL,AVAR,RICL,2
ADAL,AVAR,FLPL,2
ADAL,AVAR,SDQL,2
ADAL,AIBR,AIZL,2
ADAL,AIBR,RIBL,5
ADAL,AIBR,SMDDL,4
ADAL,AIBR,ASEL,2
AIBR,ASEL,RIML,4
AIBR,ASEL,AIZL,2
AIBR,ASEL,RIBL,5
AIBR,ASEL,SMDDL,4
AIBR,ASEL,AIBL,6
AIBR,ASEL,AIAL,6
AIBR,ASEL,AIYL,6
AIBR,ASEL,AINL,4
AIBR,ASEL,AIYR,6
AIBR,SMDDL,RIML,6
AIBR,SMDDL,AIZL,4
AIBR,SMDDL,RIBL,9
AIBR,SMDDL,RIAL,5
AIBR,SMDDL,RIMR,2
AIBR,SMDDL,RIAR,5
AIBR,SMDDL,RICL,2
AIBR,SMDDL,RICR,2
AIBR,SMDDL,SMDVR,2
AIBR,SMDDL,RIVR,2
AIBR,SMDDL,SAAVR,2
AIBR,SMDDL,URYDR,2
AIBR,RIBL,RIML,12
AIBR,RIBL,AIZL,5
AIBR,RIBL,AVAL,9
AIBR,RIBL,AVEL,9
AIBR,RIBL,RIGL,5
AIBR,RIBL,AUAL,5
AIBR,RIBL,RIAL,9
AIBR,RIBL,AIYL,5
AIBR,RIBL,AINR,5
AIBR,RIBL,AVER,9
AIBR,RIBL,BAGR,10
AIBR,RIBL,OLLL,5
AIBR,RIBL,DVC,5
AIBR,RIBL,RIH,5
AIBR,RIBL,RIS,5
AIBR,RIBL,URYVL,5
AIBR,AIZL,RIML,7
AIBR,AIZL,AIBL,6
AIBR,AIZL,ADFL,4
AIBR,AIZL,RIAL,6
AIBR,AIZL,SMBVL,6
AIBR,AIZL,AIAL,6
AIBR,AIZL,AIYL,4
AIBR,AIZL,AVER,6
AIBR,AIZL,SMBDL,6
AIBR,AIZL,RIR,4
AIBR,AIZL,AWAL,4
AIBR,AIZL,AWBL,4
AIBR,AIZL,RIH,4
AIBR,RIML,AVBL,4
AIBR,RIML,AVBR,4
AIBR,RIML,AIBL,2
AIBR,RIML,RMDL,4
AIBR,RIML,RIFL,2
AIBR,RIML,SMDDR,4
AIBR,RIML,SAAVL,5
AIBR,RIML,AVKL,2
AIBR,RIML,SAADR,2
AIBR,RIML,AVKR,2
AIBR,RIML,SAADL,2
AIBR,RIML,RMDR,4
AIBR,RIML,RMFR,4
AIBR,RIML,SAAVR,5
AIBR,RIML,RIS,2
AVAR,SDQL,ADEL,2
AVAR,SDQL,BAGL,2
AVAR,SDQL,PVCL,2
AVAR,SDQL,PVPL,2
AVAR,SDQL,RICL,2
AVAR,SDQL,FLPL,2
AVAR,FLPL,ADEL,7
AVAR,FLPL,BAGL,2
AVAR,FLPL,PVCL,2
AVAR,FLPL,PVPL,2
AVAR,FLPL,RICL,2
AVAR,FLPL,AIBL,6
AVAR,FLPL,AVAL,6
AVAR,FLPL,AVDL,6
AVAR,FLPL,AVDR,6
AVAR,RICL,ADEL,2
AVAR,RICL,BAGL,2
AVAR,RICL,PVCL,2
AVAR,RICL,PVPL,2
AVAR,RICL,AVAL,6
AVAR,RICL,SMDDR,6
AVAR,RICL,SMDDL,6
AVAR,RICL,CEPDL,4
AVAR,RICL,CEPVL,4
AVAR,RICL,CEPDR,4
AVAR,RICL,OLQVL,4
AVAR,RICL,CEPVR,4
AVAR,RICL,SMDVR,6
AVAR,RICL,OLQDR,4
AVAR,PVPL,ADEL,2
AVAR,PVPL,BAGL,2
AVAR,PVPL,PVCL,2
AVAR,PVPL,AVBL,6
AVAR,PVPL,AVBR,6
AVAR,PVPL,AVAL,6
AVAR,PVPL,RIGL,6
AVAR,PVPL,AVHR,4
AVAR,PVCL,ADEL,2
AVAR,PVCL,BAGL,2
AVAR,PVCL,AVBL,6
AVAR,PVCL,AVBR,6
AVAR,PVCL,AVJR,4
AVAR,PVCL,AVDL,6
AVAR,PVCL,AVDR,6
AVAR,PVCL,AVER,6
AVAR,PVCL,ALML,4
AVAR,PVCL,AVM,4
AVAR,BAGL,ADEL,2
AVAR,BAGL,RIGR,6
AVAR,BAGL,RIBR,9
AVAR,BAGL,AINL,4
AVAR,BAGL,AVER,6
AVAR,BAGL,AQR,4
AVAR,BAGL,RIAR,6
AVAR,ADEL,AVAL,6
AVAR,ADEL,ADER,9
AVAR,ADEL,AVEL,6
AVAR,ADEL,RIGL,6
AVAR,ADEL,RIGR,6
AVAR,ADEL,RMDL,6
AVBL,RIFR,AVJR,2
AVBL,RIFR,RIML,2
AVBL,RIFR,ADAR,2
AVBL,RIFR,AIBL,2
AVBL,RIFR,AVJL,7
AVBL,RIFR,RIFL,2
AVBL,RIFR,RIMR,2
AVBL,RIFR,PVCL,2
AVBL,RIFR,AQR,2
AVBL,RIFR,ASHL,2
AVBL,RIFR,AVFL,2
AVBL,RIFR,PVPR,2
AVBL,RIFR,PVPL,2
AVBL,RIFR,PVCR,2
AVBL,RIFR,AVM,2
AVBL,AVM,AVJR,2
AVBL,AVM,RIML,2
AVBL,AVM,ADAR,2
AVBL,AVM,AIBL,2
AVBL,AVM,AVJL,2
AVBL,AVM,RIFL,2
AVBL,AVM,RIMR,2
AVBL,AVM,PVCL,7
AVBL,AVM,AQR,2
AVBL,AVM,ASHL,2
AVBL,AVM,AVFL,2
AVBL,AVM,PVPR,2
AVBL,AVM,PVPL,2
AVBL,AVM,PVCR,2
AVBL,AVM,BDUL,6
AVBL,PVCR,AVJR,2
AVBL,PVCR,RIML,2
AVBL,PVCR,ADAR,2
AVBL,PVCR,AIBL,2
AVBL,PVCR,AVJL,7
AVBL,PVCR,RIFL,2
AVBL,PVCR,RIMR,2
AVBL,PVCR,PVCL,2
AVBL,PVCR,AQR,2
AVBL,PVCR,ASHL,2
AVBL,PVCR,AVFL,2
AVBL,PVCR,PVPR,2
AVBL,PVCR,PVPL,2
AVBL,PVCR,AVAL,6
AVBL,PVCR,AVEL,6
AVBL,PVCR,AVDL,6
AVBL,PVPL,AVJR,2
AVBL,PVPL,RIML,2
AVBL,PVPL,ADAR,2
AVBL,PVPL,AIBL,2
AVBL,PVPL,AVJL,2
AVBL,PVPL,RIFL,2
AVBL,PVPL,RIMR,2
AVBL,PVPL,PVCL,2
AVBL,PVPL,AQR,2
AVBL,PVPL,ASHL,2
AVBL,PVPL,AVFL,2
AVBL,PVPL,PVPR,2
AVBL,PVPL,AVBR,6
AVBL,PVPL,AVAL,6
AVBL,PVPL,RIGL,6
AVBL,PVPL,AVHR,4
AVBL,PVPR,AVJR,2
AVBL,PVPR,RIML,2
AVBL,PVPR,ADAR,2
AVBL,PVPR,AIBL,2
AVBL,PVPR,AVJL,2
AVBL,PVPR,RIFL,2
AVBL,PVPR,RIMR,2
AVBL,PVPR,PVCL,2
AVBL,PVPR,AQR,2
AVBL,PVPR,ASHL,2
AVBL,PVPR,AVFL,2
AVBL,PVPR,AVAL,6
AVBL,PVPR,AVHL,4
AVBL,AVFL,AVJR,2
AVBL,AVFL,RIML,2
AVBL,AVFL,ADAR,2
AVBL,AVFL,AIBL,2
AVBL,AVFL,AVJL,2
AVBL,AVFL,RIFL,2
AVBL,AVFL,RIMR,2
AVBL,AVFL,PVCL,2
AVBL,AVFL,AQR,2
AVBL,AVFL,ASHL,2
AVBL,ASHL,AVJR,2
AVBL,ASHL,RIML,2
AVBL,ASHL,ADAR,2
AVBL,ASHL,AIBL,7
AVBL,ASHL,AVJL,2
AVBL,ASHL,RIFL,2
AVBL,ASHL,RIMR,2
AVBL,ASHL,PVCL,2
AVBL,ASHL,AQR,2
AVBL,ASHL,AVAL,6
AVBL,ASHL,ADFL,6
AVBL,ASHL,RIAL,6
AVBL,ASHL,AIAL,6
AVBL,ASHL,AVDR,6
AVBL,AQR,AVJR,2
AVBL,AQR,RIML,2
AVBL,AQR,ADAR,2
AVBL,AQR,AIBL,2
AVBL,AQR,AVJL,2
AVBL,AQR,RIFL,2
AVBL,AQR,RIMR,2
AVBL,AQR,PVCL,2
AVBL,AQR,AVAL,6
AVBL,AQR,RIAL,6
AVBL,AQR,BAGL,6
AVBL,PVCL,AVJR,7
AVBL,PVCL,RIML,2
AVBL,PVCL,ADAR,2
AVBL,PVCL,AIBL,2
AVBL,PVCL,AVJL,2
AVBL,PVCL,RIFL,2
AVBL,PVCL,RIMR,2
AVBL,PVCL,AVBR,6
AVBL,PVCL,AVDL,6
AVBL,PVCL,AVDR,6
AVBL,PVCL,AVER,6
AVBL,PVCL,ALML,4
AVBL,RIMR,AVJR,2
AVBL,RIMR,RIML,2
AVBL,RIMR,ADAR,2
AVBL,RIMR,AIBL,7
AVBL,RIMR,AVJL,2
AVBL,RIMR,RIFL,2
AVBL,RIMR,RMDL,6
AVBL,RIMR,SMDDL,6
AVBL,RIMR,SAAVL,9
AVBL,RIMR,AVKL,4
AVBL,RIMR,SAADL,4
AVBL,RIMR,RMFL,6
AVBL,RIFL,AVJR,7
AVBL,RIFL,RIML,7
AVBL,RIFL,ADAR,2
AVBL,RIFL,AIBL,2
AVBL,RIFL,AVJL,2
AVBL,RIFL,AVBR,6
AVBL,RIFL,AIAL,4
AVBL,AVJL,AVJR,2
AVBL,AVJL,RIML,2
AVBL,AVJL,ADAR,7
AVBL,AVJL,AIBL,2
AVBL,AVJL,AVBR,6
AVBL,AVJL,BDUR,4
AVBL,AIBL,AVJR,2
AVBL,AIBL,RIML,7
AVBL,AIBL,ADAR,7
AVBL,AIBL,AIZL,4
AVBL,AIBL,ADLL,4
AVBL,AIBL,AIAL,4
AVBL,AIBL,RIBR,9
AVBL,AIBL,SMDDR,6
AVBL,AIBL,ASGL,4
AVBL,AIBL,ASEL,4
AVBL,AIBL,AIZR,4
AVBL,AIBL,ASER,4
AVBL,AIBL,ASIL,4
AVBL,AIBL,AWCL,4
AVBL,AIBL,DVC,4
AVBL,AIBL,FLPL,4
AVBL,ADAR,AVJR,2
AVBL,ADAR,RIML,2
AVBL,ADAR,AVAL,6
AVBL,RIML,AVJR,2
AVBL,RIML,AVBR,6
AVBL,RIML,RMDL,6
AVBL,RIML,AIZL,4
AVBL,RIML,SMDDR,6
AVBL,RIML,RIBL,6
AVBL,RIML,SAAVL,9
AVBL,RIML,AVKL,4
AVBL,RIML,SAADR,4
AVBL,RIML,AVKR,4
AVBL,RIML,SAADL,4
AVBL,RIML,RMDR,6
AVBL,RIML,RMFR,6
AVBL,RIML,SAAVR,9
AVBL,RIML,RIS,4
AVBL,AVJR,BDUL,4
AVBR,PVPL,RIML,2
AVBR,PVPL,AVJL,2
AVBR,PVPL,RIFL,2
AVBR,PVPL,PVCL,2
AVBR,PVPL,AVAL,6
AVBR,PVPL,RIGL,6
AVBR,PVPL,AVHR,4
AVBR,PVCL,RIML,2
AVBR,PVCL,AVJL,2
AVBR,PVCL,RIFL,2
AVBR,PVCL,AVJR,4
AVBR,PVCL,AVDL,6
AVBR,PVCL,AVDR,6
AVBR,PVCL,AVER,6
AVBR,PVCL,ALML,4
AVBR,PVCL,AVM,4
AVBR,RIFL,RIML,7
AVBR,RIFL,AVJL,2
AVBR,RIFL,AVJR,6
AVBR,RIFL,AIAL,4
AVBR,AVJL,RIML,2
AVBR,AVJL,ADAR,4
AVBR,AVJL,PVCR,6
AVBR,AVJL,BDUR,4
AVBR,AVJL,RIFR,4
AVBR,RIML,AIBL,4
AVBR,RIML,RMDL,6
AVBR,RIML,AIZL,4
AVBR,RIML,SMDDR,6
AVBR,RIML,RIBL,6
AVBR,RIML,SAAVL,9
AVBR,RIML,AVKL,4
AVBR,RIML,SAADR,4
AVBR,RIML,AVKR,4
AVBR,RIML,SAADL,4
AVBR,RIML,RMDR,6
AVBR,RIML,RMFR,6
AVBR,RIML,SAAVR,9
AVBR,RIML,RIS,4
AVJR,PVCL,RIFL,4
AVJR,PVCL,BDUL,4
AVJR,PVCL,AVDL,4
AVJR,PVCL,AVDR,4
AVJR,PVCL,AVER,4
AVJR,PVCL,ALML,2
AVJR,PVCL,AVM,2
AVJR,BDUL,RIFL,2
AVJR,BDUL,ALML,4
AVJR,BDUL,AVM,4
AVJR,RIFL,RIML,6
AVJR,RIFL,AIAL,4
RIML,RIS,AIBL,2
RIML,RIS,RMDL,7
RIML,RIS,AIZL,2
RIML,RIS,RIFL,2
RIML,RIS,SMDDR,4
RIML,RIS,RIBL,7
RIML,RIS,SAAVL,5
RIML,RIS,AVKL,7
RIML,RIS,SAADR,2
RIML,RIS,AVKR,2
RIML,RIS,SAADL,2
RIML,RIS,RMDR,4
RIML,RIS,RMFR,4
RIML,RIS,SAAVR,5
RIML,RIS,AVEL,6
RIML,RIS,CEPVL,6
RIML,SAAVR,AIBL,5
RIML,SAAVR,RMDL,9
RIML,SAAVR,AIZL,5
RIML,SAAVR,RIFL,5
RIML,SAAVR,SMDDR,9
RIML,SAAVR,RIBL,9
RIML,SAAVR,SAAVL,10
RIML,SAAVR,AVKL,5
RIML,SAAVR,SAADR,5
RIML,SAAVR,AVKR,5
RIML,SAAVR,SAADL,5
RIML,SAAVR,RMDR,9
RIML,SAAVR,RMFR,9
RIML,SAAVR,SMDDL,9
RIML,SAAVR,SMBDL,5
RIML,RMFR,AIBL,4
RIML,RMFR,RMDL,7
RIML,RMFR,AIZL,4
RIML,RMFR,RIFL,4
RIML,RMFR,SMDDR,6
RIML,RMFR,RIBL,6
RIML,RMFR,SAAVL,9
RIML,RMFR,AVKL,11
RIML,RMFR,SAADR,4
RIML,RMFR,AVKR,4
RIML,RMFR,SAADL,4
RIML,RMFR,RMDR,6
RIML,RMDR,AIBL,4
RIML,RMDR,RMDL,8
RIML,RMDR,AIZL,4
RIML,RMDR,RIFL,4
RIML,RMDR,SMDDR,6
RIML,RMDR,RIBL,6
RIML,RMDR,SAAVL,9
RIML,RMDR,AVKL,4
RIML,RMDR,SAADR,4
RIML,RMDR,AVKR,4
RIML,RMDR,SAADL,4
RIML,RMDR,RIAL,5
RIML,RMDR,RMGL,2
RIML,RMDR,RMFL,2
RIML,RMDR,IL1L,2
RIML,RMDR,IL2L,2
RIML,SAADL,AIBL,2
RIML,SAADL,RMDL,4
RIML,SAADL,AIZL,2
RIML,SAADL,RIFL,2
RIML,SAADL,SMDDR,4
RIML,SAADL,RIBL,4
RIML,SAADL,SAAVL,5
RIML,SAADL,AVKL,2
RIML,SAADL,SAADR,2
RIML,SAADL,AVKR,7
RIML,SAADL,AVAL,6
RIML,SAADL,SMBVL,4
RIML,SAADL,RIMR,6
RIML,SAADL,RIVR,4
RIML,AVKR,AIBL,2
RIML,AVKR,RMDL,4
RIML,AVKR,AIZL,2
RIML,AVKR,RIFL,2
RIML,AVKR,SMDDR,4
RIML,AVKR,RIBL,4
RIML,AVKR,SAAVL,5
RIML,AVKR,AVKL,2
RIML,AVKR,SAADR,2
RIML,AVKR,RIGL,4
RIML,AVKR,RMFL,4
RIML,SAADR,AIBL,2
RIML,SAADR,RMDL,4
RIML,SAADR,AIZL,2
RIML,SAADR,RIFL,2
RIML,SAADR,SMDDR,4
RIML,SAADR,RIBL,4
RIML,SAADR,SAAVL,5
RIML,SAADR,AVKL,7
RIML,SAADR,RIVL,4
RIML,AVKL,AIBL,2
RIML,AVKL,RMDL,4
RIML,AVKL,AIZL,2
RIML,AVKL,RIFL,2
RIML,AVKL,SMDDR,4
RIML,AVKL,RIBL,4
RIML,AVKL,SAAVL,5
RIML,AVKL,RIGR,4
RIML,AVKL,RIMR,6
RIML,AVKL,RMFL,4
RIML,AVKL,PVT,4
RIML,SAAVL,AIBL,5
RIML,SAAVL,RMDL,9
RIML,SAAVL,AIZL,5
RIML,SAAVL,RIFL,5
RIML,SAAVL,SMDDR,13
RIML,SAAVL,RIBL,9
RIML,SAAVL,AVAL,9
RIML,SAAVL,RIMR,10
RIML,SAAVL,ALNL,5
RIML,SAAVL,SMBDR,5
RIML,RIBL,AIBL,4
RIML,RIBL,RMDL,6
RIML,RIBL,AIZL,4
RIML,RIBL,RIFL,4
RIML,RIBL,SMDDR,6
RIML,RIBL,AVAL,4
RIML,RIBL,AVEL,4
RIML,RIBL,RIGL,2
RIML,RIBL,AUAL,2
RIML,RIBL,RIAL,4
RIML,RIBL,AIYL,2
RIML,RIBL,AINR,2
RIML,RIBL,AVER,4
RIML,RIBL,BAGR,5
RIML,RIBL,OLLL,2
RIML,RIBL,DVC,2
RIML,RIBL,RIH,2
RIML,RIBL,URYVL,2
RIML,SMDDR,AIBL,7
RIML,SMDDR,RMDL,6
RIML,SMDDR,AIZL,4
RIML,SMDDR,RIFL,4
RIML,SMDDR,RIAL,5
RIML,SMDDR,RICL,2
RIML,SMDDR,URYDL,2
RIML,SMDDR,SMDVL,2
RIML,SMDDR,RIVL,2
RIML,RIFL,AIBL,2
RIML,RIFL,RMDL,4
RIML,RIFL,AIZL,2
RIML,RIFL,AIAL,4
RIML,AIZL,AIBL,7
RIML,AIZL,RMDL,4
RIML,AIZL,ADFL,4
RIML,AIZL,RIAL,6
RIML,AIZL,SMBVL,6
RIML,AIZL,AIAL,6
RIML,AIZL,AIYL,4
RIML,AIZL,AVER,6
RIML,AIZL,SMBDL,6
RIML,AIZL,RIR,4
RIML,AIZL,AWAL,4
RIML,AIZL,AWBL,4
RIML,AIZL,RIH,4
RIML,RMDL,AIBL,4
RIML,RMDL,ADEL,2
RIML,RMDL,RIAL,5
RIML,RMDL,RIMR,2
RIML,RMDL,RIAR,5
RIML,RMDL,RMGL,2
RIML,RMDL,IL1R,2
RIML,RMDL,IL2R,2
RIML,RMDL,RIVL,2
RIML,RMDL,RMGR,2
RIML,AIBL,ADAR,4
RIML,AIBL,ADLL,4
RIML,AIBL,AIAL,4
RIML,AIBL,RIBR,9
RIML,AIBL,RIMR,6
RIML,AIBL,ASGL,4
RIML,AIBL,ASEL,4
RIML,AIBL,AIZR,4
RIML,AIBL,ASER,4
RIML,AIBL,ASHL,4
RIML,AIBL,ASIL,4
RIML,AIBL,AWCL,4
RIML,AIBL,DVC,4
RIML,AIBL,FLPL,4
RIPL,IL2VL,IL1DL,2
RIPL,IL2VL,URADL,2
RIPL,IL2VL,IL1VL,7
RIPL,IL2VL,URAVL,7
RIPL,IL2VL,IL2DL,2
RIPL,IL2VL,RIH,7
RIPL,IL2VL,RIAL,6
RIPL,IL2VL,OLQVL,6
RIPL,IL2VL,RMEL,6
RIPL,IL2VL,RMER,6
RIPL,RIH,IL1DL,2
RIPL,RIH,URADL,2
RIPL,RIH,IL1VL,2
RIPL,RIH,URAVL,2
RIPL,RIH,IL2DL,2
RIPL,RIH,AIZL,6
RIPL,RIH,RIAL,6
RIPL,RIH,RIBL,6
RIPL,RIH,OLQVL,9
RIPL,RIH,IL2L,4
RIPL,IL2DL,IL1DL,7
RIPL,IL2DL,URADL,7
RIPL,IL2DL,IL1VL,2
RIPL,IL2DL,URAVL,2
RIPL,URAVL,IL1DL,2
RIPL,URAVL,URADL,2
RIPL,URAVL,IL1VL,2
RIPL,URAVL,CEPVL,4
RIPL,IL1VL,IL1DL,2
RIPL,IL1VL,URADL,2
RIPL,IL1VL,CEPVL,4
RIPL,IL1VL,RMDDL,6
RIPL,IL1VL,URYVL,4
RIPL,URADL,IL1DL,2
RIPL,URADL,CEPDL,4
RIPL,IL1DL,CEPDL,4
RIPL,IL1DL,RMDVL,6
ADAR,AVJL,AIBL,6
ADAR,AVJL,AVAL,6
ADAR,AVJL,PVCR,4
ADAR,AVJL,BDUR,2
ADAR,AVJL,RIFR,2
ADAR,AVAL,AIBL,6
ADAR,AVAL,ADEL,2
ADAR,AVAL,ADER,2
ADAR,AVAL,AUAL,2
ADAR,AVAL,RIBL,2
ADAR,AVAL,SAAVL,2
ADAR,AVAL,AQR,2
ADAR,AVAL,ASHL,2
ADAR,AVAL,PVPR,2
ADAR,AVAL,PVPL,2
ADAR,AVAL,PVCR,2
ADAR,AVAL,SAADL,2
ADAR,AVAL,BAGR,2
ADAR,AVAL,RICL,2
ADAR,AVAL,RICR,2
ADAR,AVAL,DVA,2
ADAR,AVAL,DVC,2
ADAR,AVAL,FLPL,2
ADAR,AVAL,FLPR,2
ADAR,AVAL,SDQR,2
ADAR,AIBL,AIZL,2
ADAR,AIBL,ADLL,2
ADAR,AIBL,AIAL,2
ADAR,AIBL,RIBR,5
ADAR,AIBL,RIMR,4
ADAR,AIBL,SMDDR,4
ADAR,AIBL,ASGL,2
ADAR,AIBL,ASEL,2
ADAR,AIBL,AIZR,2
ADAR,AIBL,ASER,2
ADAR,AIBL,ASHL,2
ADAR,AIBL,ASIL,2
ADAR,AIBL,AWCL,2
ADAR,AIBL,DVC,2
ADAR,AIBL,FLPL,2
AIBL,FLPL,AIZL,2
AIBL,FLPL,ADLL,2
AIBL,FLPL,AIAL,2
AIBL,FLPL,RIBR,5
AIBL,FLPL,RIMR,4
AIBL,FLPL,SMDDR,4
AIBL,FLPL,ASGL,2
AIBL,FLPL,ASEL,2
AIBL,FLPL,AIZR,2
AIBL,FLPL,ASER,2
AIBL,FLPL,ASHL,2
AIBL,FLPL,ASIL,2
AIBL,FLPL,AWCL,2
AIBL,FLPL,DVC,2
AIBL,FLPL,AVAL,6
AIBL,FLPL,ADEL,6
AIBL,FLPL,AVDL,6
AIBL,FLPL,AVDR,6
AIBL,DVC,AIZL,2
AIBL,DVC,ADLL,2
AIBL,DVC,AIAL,2
AIBL,DVC,RIBR,5
AIBL,DVC,RIMR,4
AIBL,DVC,SMDDR,4
AIBL,DVC,ASGL,2
AIBL,DVC,ASEL,2
AIBL,DVC,AIZR,2
AIBL,DVC,ASER,2
AIBL,DVC,ASHL,2
AIBL,DVC,ASIL,2
AIBL,DVC,AWCL,2
AIBL,DVC,AVAL,6
AIBL,DVC,RIGL,6
AIBL,DVC,RIBL,6
AIBL,DVC,RMFL,6
AIBL,AWCL,AIZL,2
AIBL,AWCL,ADLL,2
AIBL,AWCL,AIAL,7
AIBL,AWCL,RIBR,5
AIBL,AWCL,RIMR,4
AIBL,AWCL,SMDDR,4
AIBL,AWCL,ASGL,2
AIBL,AWCL,ASEL,2
AIBL,AWCL,AIZR,2
AIBL,AWCL,ASER,2
AIBL,AWCL,ASHL,2
AIBL,AWCL,ASIL,7
AIBL,AWCL,AIYL,6
AIBL,AWCL,AWCR,9
AIBL,AWCL,ASIR,4
AIBL,ASIL,AIZL,2
AIBL,ASIL,ADLL,2
AIBL,ASIL,AIAL,2
AIBL,ASIL,RIBR,5
AIBL,ASIL,RIMR,4
AIBL,ASIL,SMDDR,4
AIBL,ASIL,ASGL,2
AIBL,ASIL,ASEL,2
AIBL,ASIL,AIZR,2
AIBL,ASIL,ASER,2
AIBL,ASIL,ASHL,2
AIBL,ASIL,AWCR,6
AIBL,ASHL,AIZL,2
AIBL,ASHL,ADLL,2
AIBL,ASHL,AIAL,7
AIBL,ASHL,RIBR,5
AIBL,ASHL,RIMR,4
AIBL,ASHL,SMDDR,4
AIBL,ASHL,ASGL,2
AIBL,ASHL,ASEL,2
AIBL,ASHL,AIZR,2
AIBL,ASHL,ASER,2
AIBL,ASHL,AVAL,6
AIBL,ASHL,ADFL,6
AIBL,ASHL,RIAL,6
AIBL,ASHL,AVDR,6
AIBL,ASER,AIZL,2
AIBL,ASER,ADLL,2
AIBL,ASER,AIAL,2
AIBL,ASER,RIBR,5
AIBL,ASER,RIMR,4
AIBL,ASER,SMDDR,4
AIBL,ASER,ASGL,2
AIBL,ASER,ASEL,2
AIBL,ASER,AIZR,2
AIBL,ASER,AIYL,6
AIBL,AIZR,AIZL,2
AIBL,AIZR,ADLL,2
AIBL,AIZR,AIAL,2
AIBL,AIZR,RIBR,5
AIBL,AIZR,RIMR,4
AIBL,AIZR,SMDDR,4
AIBL,AIZR,ASGL,2
AIBL,AIZR,ASEL,2
AIBL,AIZR,AVEL,6
AIBL,ASEL,AIZL,2
AIBL,ASEL,ADLL,2
AIBL,ASEL,AIAL,7
AIBL,ASEL,RIBR,5
AIBL,ASEL,RIMR,4
AIBL,ASEL,SMDDR,4
AIBL,ASEL,ASGL,2
AIBL,ASEL,AIYL,6
AIBL,ASEL,AINL,4
AIBL,ASEL,AIYR,6
AIBL,ASGL,AIZL,2
AIBL,ASGL,ADLL,2
AIBL,ASGL,AIAL,7
AIBL,ASGL,RIBR,5
AIBL,ASGL,RIMR,4
AIBL,ASGL,SMDDR,4
AIBL,ASGL,AIML,4
AIBL,SMDDR,AIZL,4
AIBL,SMDDR,ADLL,4
AIBL,SMDDR,AIAL,4
AIBL,SMDDR,RIBR,9
AIBL,SMDDR,RIMR,6
AIBL,SMDDR,RIAL,5
AIBL,SMDDR,SAAVL,2
AIBL,SMDDR,RICL,2
AIBL,SMDDR,URYDL,2
AIBL,SMDDR,SMDVL,2
AIBL,SMDDR,RIVL,2
AIBL,RIMR,AIZL,4
AIBL,RIMR,ADLL,4
AIBL,RIMR,AIAL,4
AIBL,RIMR,RIBR,9
AIBL,RIMR,RMDL,4
AIBL,RIMR,SMDDL,4
AIBL,RIMR,SAAVL,5
AIBL,RIMR,AVKL,2
AIBL,RIMR,SAADL,2
AIBL,RIMR,RMFL,4
AIBL,RIBR,AIZL,5
AIBL,RIBR,ADLL,5
AIBL,RIBR,AIAL,5
AIBL,RIBR,AVEL,9
AIBL,RIBR,AINL,5
AIBL,RIBR,BAGL,10
AIBL,AIAL,AIZL,7
AIBL,AIAL,ADLL,7
AIBL,AIAL,RIFL,6
AIBL,AIAL,AIML,4
AIBL,AIAL,ASKL,4
AIBL,AIAL,PVQL,4
AIBL,ADLL,AIZL,2
AIBL,ADLL,AVDL,6
AIBL,ADLL,AVDR,6
AIBL,AIZL,ADFL,4
AIBL,AIZL,RIAL,6
AIBL,AIZL,SMBVL,6
AIBL,AIZL,AIYL,4
AIBL,AIZL,AVER,6
AIBL,AIZL,SMBDL,6
AIBL,AIZL,RIR,4
AIBL,AIZL,AWAL,4
AIBL,AIZL,AWBL,4
AIBL,AIZL,RIH,4
AVAL,SDQR,ADEL,2
AVAL,SDQR,ADER,2
AVAL,SDQR,AUAL,2
AVAL,SDQR,RIBL,2
AVAL,SDQR,SAAVL,2
AVAL,SDQR,AQR,2
AVAL,SDQR,ASHL,2
AVAL,SDQR,PVPR,2
AVAL,SDQR,PVPL,2
AVAL,SDQR,PVCR,2
AVAL,SDQR,SAADL,2
AVAL,SDQR,BAGR,2
AVAL,SDQR,RICL,2
AVAL,SDQR,RICR,2
AVAL,SDQR,DVA,2
AVAL,SDQR,DVC,2
AVAL,SDQR,FLPL,2
AVAL,SDQR,FLPR,2
AVAL,FLPR,ADEL,2
AVAL,FLPR,ADER,2
AVAL,FLPR,AUAL,2
AVAL,FLPR,RIBL,2
AVAL,FLPR,SAAVL,2
AVAL,FLPR,AQR,2
AVAL,FLPR,ASHL,2
AVAL,FLPR,PVPR,2
AVAL,FLPR,PVPL,2
AVAL,FLPR,PVCR,2
AVAL,FLPR,SAADL,2
AVAL,FLPR,BAGR,2
AVAL,FLPR,RICL,2
AVAL,FLPR,RICR,2
AVAL,FLPR,DVA,2
AVAL,FLPR,DVC,2
AVAL,FLPR,FLPL,2
AVAL,FLPR,AVDL,6
AVAL,FLPL,ADEL,7
AVAL,FLPL,ADER,2
AVAL,FLPL,AUAL,2
AVAL,FLPL,RIBL,2
AVAL,FLPL,SAAVL,2
AVAL,FLPL,AQR,2
AVAL,FLPL,ASHL,2
AVAL,FLPL,PVPR,2
AVAL,FLPL,PVPL,2
AVAL,FLPL,PVCR,2
AVAL,FLPL,SAADL,2
AVAL,FLPL,BAGR,2
AVAL,FLPL,RICL,2
AVAL,FLPL,RICR,2
AVAL,FLPL,DVA,2
AVAL,FLPL,DVC,2
AVAL,FLPL,AVDL,6
AVAL,FLPL,AVDR,6
AVAL,DVC,ADEL,2
AVAL,DVC,ADER,2
AVAL,DVC,AUAL,2
AVAL,DVC,RIBL,7
AVAL,DVC,SAAVL,2
AVAL,DVC,AQR,2
AVAL,DVC,ASHL,2
AVAL,DVC,PVPR,2
AVAL,DVC,PVPL,2
AVAL,DVC,PVCR,2
AVAL,DVC,SAADL,2
AVAL,DVC,BAGR,2
AVAL,DVC,RICL,2
AVAL,DVC,RICR,2
AVAL,DVC,DVA,2
AVAL,DVC,RIGL,6
AVAL,DVC,RMFL,6
AVAL,DVA,ADEL,2
AVAL,DVA,ADER,2
AVAL,DVA,AUAL,2
AVAL,DVA,RIBL,2
AVAL,DVA,SAAVL,2
AVAL,DVA,AQR,2
AVAL,DVA,ASHL,2
AVAL,DVA,PVPR,2
AVAL,DVA,PVPL,2
AVAL,DVA,PVCR,2
AVAL,DVA,SAADL,2
AVAL,DVA,BAGR,2
AVAL,DVA,RICL,2
AVAL,DVA,RICR,2
AVAL,DVA,AVEL,6
AVAL,RICR,ADEL,2
AVAL,RICR,ADER,2
AVAL,RICR,AUAL,2
AVAL,RICR,RIBL,2
AVAL,RICR,SAAVL,2
AVAL,RICR,AQR,2
AVAL,RICR,ASHL,2
AVAL,RICR,PVPR,2
AVAL,RICR,PVPL,2
AVAL,RICR,PVCR,2
AVAL,RICR,SAADL,2
AVAL,RICR,BAGR,2
AVAL,RICR,RICL,2
AVAL,RICR,SMDDL,6
AVAL,RICR,CEPDL,4
AVAL,RICR,CEPVL,4
AVAL,RICR,OLQDL,4
AVAL,RICR,SMDVL,6
AVAL,RICL,ADEL,2
AVAL,RICL,ADER,2
AVAL,RICL,AUAL,2
AVAL,RICL,RIBL,2
AVAL,RICL,SAAVL,2
AVAL,RICL,AQR,2
AVAL,RICL,ASHL,2
AVAL,RICL,PVPR,2
AVAL,RICL,PVPL,2
AVAL,RICL,PVCR,2
AVAL,RICL,SAADL,2
AVAL,RICL,BAGR,2
AVAL,RICL,SMDDR,6
AVAL,RICL,SMDDL,6
AVAL,RICL,CEPDL,4
AVAL,RICL,CEPVL,4
AVAL,RICL,CEPDR,4
AVAL,RICL,OLQVL,4
AVAL,RICL,CEPVR,4
AVAL,RICL,SMDVR,6
AVAL,RICL,OLQDR,4
AVAL,BAGR,ADEL,2
AVAL,BAGR,ADER,2
AVAL,BAGR,AUAL,2
AVAL,BAGR,RIBL,13
AVAL,BAGR,SAAVL,2
AVAL,BAGR,AQR,2
AVAL,BAGR,ASHL,2
AVAL,BAGR,PVPR,2
AVAL,BAGR,PVPL,2
AVAL,BAGR,PVCR,2
AVAL,BAGR,SAADL,2
AVAL,BAGR,AVEL,6
AVAL,BAGR,RIGL,6
AVAL,BAGR,RIAL,6
AVAL,SAADL,ADEL,2
AVAL,SAADL,ADER,2
AVAL,SAADL,AUAL,2
AVAL,SAADL,RIBL,2
AVAL,SAADL,SAAVL,2
AVAL,SAADL,AQR,2
AVAL,SAADL,ASHL,2
AVAL,SAADL,PVPR,2
AVAL,SAADL,PVPL,2
AVAL,SAADL,PVCR,2
AVAL,SAADL,SMBVL,4
AVAL,SAADL,RIMR,6
AVAL,SAADL,AVKR,4
AVAL,SAADL,RIVR,4
AVAL,PVCR,ADEL,2
AVAL,PVCR,ADER,2
AVAL,PVCR,AUAL,2
AVAL,PVCR,RIBL,2
AVAL,PVCR,SAAVL,2
AVAL,PVCR,AQR,2
AVAL,PVCR,ASHL,2
AVAL,PVCR,PVPR,2
AVAL,PVCR,PVPL,2
AVAL,PVCR,AVJL,4
AVAL,PVCR,AVEL,6
AVAL,PVCR,AVDL,6
AVAL,PVPL,ADEL,2
AVAL,PVPL,ADER,2
AVAL,PVPL,AUAL,2
AVAL,PVPL,RIBL,2
AVAL,PVPL,SAAVL,2
AVAL,PVPL,AQR,2
AVAL,PVPL,ASHL,2
AVAL,PVPL,PVPR,2
AVAL,PVPL,RIGL,6
AVAL,PVPL,AVHR,4
AVAL,PVPR,ADEL,2
AVAL,PVPR,ADER,2
AVAL,PVPR,AUAL,2
AVAL,PVPR,RIBL,2
AVAL,PVPR,SAAVL,2
AVAL,PVPR,AQR,2
AVAL,PVPR,ASHL,2
AVAL,PVPR,AVHL,4
AVAL,ASHL,ADEL,2
AVAL,ASHL,ADER,2
AVAL,ASHL,AUAL,2
AVAL,ASHL,RIBL,2
AVAL,ASHL,SAAVL,2
AVAL,ASHL,AQR,2
AVAL,ASHL,ADFL,6
AVAL,ASHL,RIAL,6
AVAL,ASHL,AIAL,6
AVAL,ASHL,AVDR,6
AVAL,AQR,ADEL,2
AVAL,AQR,ADER,2
AVAL,AQR,AUAL,2
AVAL,AQR,RIBL,2
AVAL,AQR,SAAVL,2
AVAL,AQR,RIAL,6
AVAL,AQR,BAGL,6
AVAL,SAAVL,ADEL,2
AVAL,SAAVL,ADER,2
AVAL,SAAVL,AUAL,2
AVAL,SAAVL,RIBL,2
AVAL,SAAVL,RIMR,9
AVAL,SAAVL,SMDDR,6
AVAL,SAAVL,ALNL,4
AVAL,SAAVL,SMBDR,4
AVAL,RIBL,ADEL,2
AVAL,RIBL,ADER,2
AVAL,RIBL,AUAL,7
AVAL,RIBL,AVEL,6
AVAL,RIBL,RIGL,4
AVAL,RIBL,RIAL,6
AVAL,RIBL,AIYL,4
AVAL,RIBL,AINR,4
AVAL,RIBL,AVER,6
AVAL,RIBL,OLLL,4
AVAL,RIBL,RIH,4
AVAL,RIBL,RIS,4
AVAL,RIBL,URYVL,4
AVAL,AUAL,ADEL,2
AVAL,AUAL,ADER,2
AVAL,AUAL,AVEL,6
AVAL,AUAL,ADFL,4
AVAL,AUAL,RIAL,6
AVAL,AUAL,URXL,4
AVAL,ADER,ADEL,13
AVAL,ADER,RIGL,6
AVAL,ADEL,AVEL,6
AVAL,ADEL,RIGL,6
AVAL,ADEL,RIGR,6
AVAL,ADEL,RMDL,6
AVJL,RIFR,PVCR,4
AVJL,RIFR,BDUR,2
AVJL,BDUR,PVCR,4
AVJL,PVCR,AVEL,4
AVJL,PVCR,AVDL,4
ADEL,FLPL,ADER,5
ADEL,FLPL,AVEL,4
ADEL,FLPL,RIGL,4
ADEL,FLPL,RIGR,4
ADEL,FLPL,RMDL,4
ADEL,FLPL,AVDL,6
ADEL,FLPL,AVDR,6
ADEL,RMDL,ADER,9
ADEL,RMDL,AVEL,6
ADEL,RMDL,RIGL,6
ADEL,RMDL,RIGR,6
ADEL,RMDL,RIAL,5
ADEL,RMDL,RIMR,2
ADEL,RMDL,RIAR,5
ADEL,RMDL,RMGL,2
ADEL,RMDL,RMDR,5
ADEL,RMDL,IL1R,2
ADEL,RMDL,IL2R,2
ADEL,RMDL,RIVL,2
ADEL,RMDL,RMFR,2
ADEL,RMDL,RIS,2
ADEL,RMDL,RMGR,2
ADEL,RIGR,ADER,9
ADEL,RIGR,AVEL,6
ADEL,RIGR,RIGL,6
ADEL,RIGR,BAGL,2
ADEL,RIGR,AVKL,4
ADEL,RIGR,RMHL,4
ADEL,RIGL,ADER,13
ADEL,RIGL,AVEL,6
ADEL,RIGL,RIBL,4
ADEL,RIGL,RIR,4
ADEL,RIGL,PVPL,2
ADEL,RIGL,AVKR,4
ADEL,RIGL,BAGR,2
ADEL,RIGL,RMHR,4
ADEL,RIGL,DVC,2
ADEL,RIGL,PVT,2
ADEL,RIGL,URXL,2
ADEL,AVEL,ADER,9
ADEL,AVEL,AUAL,2
ADEL,AVEL,RIBR,2
ADEL,AVEL,RIBL,2
ADEL,AVEL,AIZR,2
ADEL,AVEL,ALA,2
ADEL,AVEL,PVCR,2
ADEL,AVEL,BAGR,2
ADEL,AVEL,RMGL,2
ADEL,AVEL,CEPDR,2
ADEL,AVEL,CEPVR,2
ADEL,AVEL,DVA,2
ADEL,AVEL,OLLR,2
ADEL,AVEL,URXL,2
ADEL,AVEL,RIS,2
ADEL,AVEL,URYDR,2
ADEL,AVEL,URYVR,2
ADER,RIGL,RIBL,4
ADER,RIGL,RIR,4
ADER,RIGL,PVPL,2
ADER,RIGL,AVKR,4
ADER,RIGL,BAGR,2
ADER,RIGL,RMHR,4
ADER,RIGL,DVC,2
ADER,RIGL,PVT,2
ADER,RIGL,URXL,2
AVEL,URYVR,AUAL,2
AVEL,URYVR,RIBR,2
AVEL,URYVR,RIBL,2
AVEL,URYVR,AIZR,2
AVEL,URYVR,ALA,2
AVEL,URYVR,PVCR,2
AVEL,URYVR,BAGR,2
AVEL,URYVR,RMGL,2
AVEL,URYVR,CEPDR,2
AVEL,URYVR,CEPVR,2
AVEL,URYVR,DVA,2
AVEL,URYVR,OLLR,2
AVEL,URYVR,URXL,2
AVEL,URYVR,RIS,2
AVEL,URYVR,URYDR,2
AVEL,URYVR,RMDVL,6
AVEL,URYVR,SMDVL,6
AVEL,URYDR,AUAL,2
AVEL,URYDR,RIBR,2
AVEL,URYDR,RIBL,2
AVEL,URYDR,AIZR,2
AVEL,URYDR,ALA,2
AVEL,URYDR,PVCR,2
AVEL,URYDR,BAGR,2
AVEL,URYDR,RMGL,2
AVEL,URYDR,CEPDR,2
AVEL,URYDR,CEPVR,2
AVEL,URYDR,DVA,2
AVEL,URYDR,OLLR,2
AVEL,URYDR,URXL,2
AVEL,URYDR,RIS,2
AVEL,URYDR,SMDDL,6
AVEL,URYDR,RMDDL,6
AVEL,RIS,AUAL,2
AVEL,RIS,RIBR,2
AVEL,RIS,RIBL,7
AVEL,RIS,AIZR,2
AVEL,RIS,ALA,2
AVEL,RIS,PVCR,2
AVEL,RIS,BAGR,2
AVEL,RIS,RMGL,2
AVEL,RIS,CEPDR,2
AVEL,RIS,CEPVR,2
AVEL,RIS,DVA,2
AVEL,RIS,OLLR,2
AVEL,RIS,URXL,2
AVEL,RIS,RMDL,6
AVEL,RIS,CEPVL,6
AVEL,RIS,AVKL,6
AVEL,URXL,AUAL,7
AVEL,URXL,RIBR,2
AVEL,URXL,RIBL,2
AVEL,URXL,AIZR,2
AVEL,URXL,ALA,2
AVEL,URXL,PVCR,2
AVEL,URXL,BAGR,2
AVEL,URXL,RMGL,7
AVEL,URXL,CEPDR,2
AVEL,URXL,CEPVR,2
AVEL,URXL,DVA,2
AVEL,URXL,OLLR,2
AVEL,URXL,RIGL,6
AVEL,URXL,RIAL,6
AVEL,URXL,RIR,4
AVEL,URXL,URBL,4
AVEL,OLLR,AUAL,2
AVEL,OLLR,RIBR,2
AVEL,OLLR,RIBL,2
AVEL,OLLR,AIZR,2
AVEL,OLLR,ALA,2
AVEL,OLLR,PVCR,2
AVEL,OLLR,BAGR,2
AVEL,OLLR,RMGL,2
AVEL,OLLR,CEPDR,2
AVEL,OLLR,CEPVR,2
AVEL,OLLR,DVA,2
AVEL,OLLR,SMDVL,6
AVEL,DVA,AUAL,2
AVEL,DVA,RIBR,2
AVEL,DVA,RIBL,2
AVEL,DVA,AIZR,2
AVEL,DVA,ALA,2
AVEL,DVA,PVCR,2
AVEL,DVA,BAGR,2
AVEL,DVA,RMGL,2
AVEL,DVA,CEPDR,2
AVEL,DVA,CEPVR,2
AVEL,CEPVR,AUAL,2
AVEL,CEPVR,RIBR,2
AVEL,CEPVR,RIBL,2
AVEL,CEPVR,AIZR,2
AVEL,CEPVR,ALA,2
AVEL,CEPVR,PVCR,2
AVEL,CEPVR,BAGR,2
AVEL,CEPVR,RMGL,2
AVEL,CEPVR,CEPDR,2
AVEL,CEPVR,RICL,6
AVEL,CEPDR,AUAL,2
AVEL,CEPDR,RIBR,2
AVEL,CEPDR,RIBL,2
AVEL,CEPDR,AIZR,2
AVEL,CEPDR,ALA,2
AVEL,CEPDR,PVCR,2
AVEL,CEPDR,BAGR,2
AVEL,CEPDR,RMGL,2
AVEL,CEPDR,RICL,6
AVEL,CEPDR,RMHL,6
AVEL,CEPDR,SIADL,6
AVEL,RMGL,AUAL,2
AVEL,RMGL,RIBR,2
AVEL,RMGL,RIBL,2
AVEL,RMGL,AIZR,2
AVEL,RMGL,ALA,2
AVEL,RMGL,PVCR,2
AVEL,RMGL,BAGR,2
AVEL,RMGL,RMDL,6
AVEL,RMGL,CEPDL,4
AVEL,RMGL,RMDVL,6
AVEL,RMGL,RMDR,6
AVEL,BAGR,AUAL,2
AVEL,BAGR,RIBR,2
AVEL,BAGR,RIBL,13
AVEL,BAGR,AIZR,2
AVEL,BAGR,ALA,2
AVEL,BAGR,PVCR,2
AVEL,BAGR,RIGL,6
AVEL,BAGR,RIAL,6
AVEL,PVCR,AUAL,2
AVEL,PVCR,RIBR,2
AVEL,PVCR,RIBL,2
AVEL,PVCR,AIZR,2
AVEL,PVCR,ALA,2
AVEL,PVCR,AVDL,6
AVEL,ALA,AUAL,2
AVEL,ALA,RIBR,2
AVEL,ALA,RIBL,2
AVEL,ALA,AIZR,2
AVEL,AIZR,AUAL,2
AVEL,AIZR,RIBR,2
AVEL,AIZR,RIBL,2
AVEL,RIBL,AUAL,7
AVEL,RIBL,RIBR,2
AVEL,RIBL,RIGL,4
AVEL,RIBL,RIAL,6
AVEL,RIBL,AIYL,4
AVEL,RIBL,AINR,4
AVEL,RIBL,AVER,6
AVEL,RIBL,OLLL,4
AVEL,RIBL,DVC,4
AVEL,RIBL,RIH,4
AVEL,RIBL,URYVL,4
AVEL,RIBR,AUAL,2
AVEL,RIBR,AINL,4
AVEL,RIBR,BAGL,9
AVEL,AUAL,ADFL,4
AVEL,AUAL,RIAL,6
RIGL,URXL,RIBL,4
RIGL,URXL,RIR,11
RIGL,URXL,PVPL,2
RIGL,URXL,AVKR,4
RIGL,URXL,BAGR,2
RIGL,URXL,RMHR,4
RIGL,URXL,DVC,2
RIGL,URXL,PVT,2
RIGL,URXL,AUAL,6
RIGL,URXL,RIAL,6
RIGL,URXL,RMGL,4
RIGL,URXL,URBL,4
RIGL,PVT,RIBL,4
RIGL,PVT,RIR,4
RIGL,PVT,PVPL,2
RIGL,PVT,AVKR,4
RIGL,PVT,BAGR,2
RIGL,PVT,RMHR,4
RIGL,PVT,DVC,2
RIGL,PVT,AVKL,6
RIGL,PVT,RMFL,6
RIGL,DVC,RIBL,7
RIGL,DVC,RIR,4
RIGL,DVC,PVPL,2
RIGL,DVC,AVKR,4
RIGL,DVC,BAGR,2
RIGL,DVC,RMHR,4
RIGL,DVC,RMFL,6
RIGL,RMHR,RIBL,6
RIGL,RMHR,RIR,6
RIGL,RMHR,PVPL,4
RIGL,RMHR,AVKR,6
RIGL,RMHR,BAGR,4
RIGL,RMHR,CEPDL,2
RIGL,BAGR,RIBL,12
RIGL,BAGR,RIR,4
RIGL,BAGR,PVPL,2
RIGL,BAGR,AVKR,4
RIGL,BAGR,RIAL,6
RIGL,AVKR,RIBL,6
RIGL,AVKR,RIR,6
RIGL,AVKR,PVPL,4
RIGL,AVKR,SAADL,4
RIGL,AVKR,RMFL,2
RIGL,PVPL,RIBL,4
RIGL,PVPL,RIR,4
RIGL,PVPL,AVHR,4
RIGL,RIR,RIBL,6
RIGL,RIR,AIZL,4
RIGL,RIR,RIAL,4
RIGL,RIR,AVHL,2
RIGL,RIBL,AUAL,2
RIGL,RIBL,RIAL,4
RIGL,RIBL,AIYL,2
RIGL,RIBL,AINR,2
RIGL,RIBL,AVER,4
RIGL,RIBL,OLLL,2
RIGL,RIBL,RIH,2
RIGL,RIBL,RIS,2
RIGL,RIBL,URYVL,2
RIGR,RMHL,BAGL,4
RIGR,RMHL,AVKL,6
RIGR,RMHL,CEPVL,2
RIGR,RMHL,CEPDR,2
RIGR,AVKL,BAGL,4
RIGR,AVKL,RIMR,4
RIGR,AVKL,SAADR,4
RIGR,AVKL,RMFL,2
RIGR,AVKL,PVT,2
RIGR,AVKL,RMFR,2
RIGR,AVKL,RIS,2
RIGR,BAGL,RIBR,9
RIGR,BAGL,AINL,4
RIGR,BAGL,AVER,6
RIGR,BAGL,AQR,4
RIGR,BAGL,RIAR,6
RMDL,RMGR,RIAL,5
RMDL,RMGR,RIMR,2
RMDL,RMGR,RIAR,5
RMDL,RMGR,RMGL,2
RMDL,RMGR,RMDR,5
RMDL,RMGR,IL1R,2
RMDL,RMGR,IL2R,2
RMDL,RMGR,RIVL,2
RMDL,RMGR,RMFR,2
RMDL,RMGR,RIS,2
RMDL,RIS,RIAL,5
RMDL,RIS,RIMR,2
RMDL,RIS,RIAR,5
RMDL,RIS,RMGL,2
RMDL,RIS,RMDR,5
RMDL,RIS,IL1R,2
RMDL,RIS,IL2R,2
RMDL,RIS,RIVL,2
RMDL,RIS,RMFR,2
RMDL,RIS,RIBL,6
RMDL,RIS,CEPVL,6
RMDL,RIS,AVKL,6
RMDL,RMFR,RIAL,5
RMDL,RMFR,RIMR,2
RMDL,RMFR,RIAR,5
RMDL,RMFR,RMGL,2
RMDL,RMFR,RMDR,5
RMDL,RMFR,IL1R,2
RMDL,RMFR,IL2R,2
RMDL,RMFR,RIVL,2
RMDL,RMFR,AVKL,6
RMDL,RIVL,RIAL,5
RMDL,RIVL,RIMR,2
RMDL,RIVL,RIAR,14
RMDL,RIVL,RMGL,2
RMDL,RIVL,RMDR,5
RMDL,RIVL,IL1R,2
RMDL,RIVL,IL2R,2
RMDL,RIVL,SMDDR,6
RMDL,RIVL,SAADR,6
RMDL,RIVL,SIAVR,6
RMDL,IL2R,RIAL,5
RMDL,IL2R,RIMR,2
RMDL,IL2R,RIAR,5
RMDL,IL2R,RMGL,2
RMDL,IL2R,RMDR,5
RMDL,IL2R,IL1R,2
RMDL,IL1R,RIAL,5
RMDL,IL1R,RIMR,2
RMDL,IL1R,RIAR,5
RMDL,IL1R,RMGL,2
RMDL,IL1R,RMDR,5
RMDL,IL1R,RMDVL,6
RMDL,RMDR,RIAL,15
RMDL,RMDR,RIMR,5
RMDL,RMDR,RIAR,10
RMDL,RMDR,RMGL,8
RMDL,RMDR,RMFL,5
RMDL,RMDR,IL1L,5
RMDL,RMDR,IL2L,5
RMDL,RMGL,RIAL,5
RMDL,RMGL,RIMR,2
RMDL,RMGL,RIAR,5
RMDL,RMGL,CEPDL,4
RMDL,RMGL,RMDVL,6
RMDL,RMGL,URXL,6
RMDL,RIAR,RIAL,15
RMDL,RIAR,RIMR,5
RMDL,RIAR,SMDDL,10
RMDL,RIAR,BAGL,5
RMDL,RIAR,RMDVL,9
RMDL,RIAR,RMDDL,9
RMDL,RIAR,SMDVL,10
RMDL,RIMR,RIAL,5
RMDL,RIMR,SMDDL,6
RMDL,RIMR,SAAVL,9
RMDL,RIMR,AVKL,4
RMDL,RIMR,SAADL,4
RMDL,RIMR,RMFL,6
RMDL,RIAL,ADFL,5
RMDL,RIAL,AIZL,5
RMDL,RIAL,AUAL,5
RMDL,RIAL,AIYL,5
RMDL,RIAL,SMDDR,10
RMDL,RIAL,RIBL,5
RMDL,RIAL,SMDDL,10
RMDL,RIAL,AQR,5
RMDL,RIAL,ASHL,5
RMDL,RIAL,RIR,5
RMDL,RIAL,BAGR,5
RMDL,RIAL,RMDVL,9
RMDL,RIAL,RMDDL,9
RMDL,RIAL,RMDVR,9
RMDL,RIAL,RIH,5
RMDL,RIAL,IL2VL,5
RMDL,RIAL,SMDVR,10
RMDL,RIAL,SMDVL,10
RMDL,RIAL,RMDDR,9
RMDL,RIAL,RIVR,10
RMDL,RIAL,URXL,5
ADFL,AWBL,AIZL,7
ADFL,AWBL,AUAL,4
ADFL,AWBL,RIAL,4
ADFL,AWBL,SMBVL,4
ADFL,AWBL,ASHL,2
ADFL,AWBL,AWAL,4
ADFL,ASHL,AIZL,4
ADFL,ASHL,AUAL,4
ADFL,ASHL,RIAL,7
ADFL,ASHL,SMBVL,4
ADFL,ASHL,AIAL,6
ADFL,ASHL,AVDR,6
ADFL,SMBVL,AIZL,7
ADFL,SMBVL,AUAL,6
ADFL,SMBVL,RIAL,6
ADFL,SMBVL,AVHR,2
ADFL,SMBVL,SAADL,4
ADFL,SMBVL,RMEV,4
ADFL,RIAL,AIZL,7
ADFL,RIAL,AUAL,7
ADFL,RIAL,AIYL,2
ADFL,RIAL,SMDDR,5
ADFL,RIAL,RIBL,2
ADFL,RIAL,SMDDL,5
ADFL,RIAL,AQR,2
ADFL,RIAL,RIR,2
ADFL,RIAL,RIAR,5
ADFL,RIAL,BAGR,2
ADFL,RIAL,RMDVL,4
ADFL,RIAL,RMDDL,4
ADFL,RIAL,RMDR,5
ADFL,RIAL,RMDVR,4
ADFL,RIAL,RIH,2
ADFL,RIAL,IL2VL,2
ADFL,RIAL,SMDVR,5
ADFL,RIAL,SMDVL,5
ADFL,RIAL,RMDDR,4
ADFL,RIAL,RIVR,5
ADFL,RIAL,URXL,2
ADFL,AUAL,AIZL,6
ADFL,AUAL,RIBL,4
ADFL,AUAL,URXL,2
ADFL,AIZL,AIAL,4
ADFL,AIZL,AIYL,2
ADFL,AIZL,AVER,4
ADFL,AIZL,SMBDL,4
ADFL,AIZL,RIR,2
ADFL,AIZL,AWAL,2
ADFL,AIZL,RIH,2
AIZL,RIH,RIAL,7
AIZL,RIH,SMBVL,4
AIZL,RIH,AIAL,4
AIZL,RIH,AIYL,2
AIZL,RIH,AVER,4
AIZL,RIH,SMBDL,4
AIZL,RIH,RIR,2
AIZL,RIH,AWAL,2
AIZL,RIH,AWBL,2
AIZL,RIH,RIBL,6
AIZL,RIH,OLQVL,9
AIZL,RIH,IL2L,4
AIZL,RIH,IL2VL,4
AIZL,AWBL,RIAL,4
AIZL,AWBL,SMBVL,4
AIZL,AWBL,AIAL,4
AIZL,AWBL,AIYL,2
AIZL,AWBL,AVER,4
AIZL,AWBL,SMBDL,4
AIZL,AWBL,RIR,2
AIZL,AWBL,AWAL,7
AIZL,AWAL,RIAL,4
AIZL,AWAL,SMBVL,4
AIZL,AWAL,AIAL,4
AIZL,AWAL,AIYL,7
AIZL,AWAL,AVER,4
AIZL,AWAL,SMBDL,4
AIZL,AWAL,RIR,2
AIZL,AWAL,AFDL,6
AIZL,RIR,RIAL,7
AIZL,RIR,SMBVL,4
AIZL,RIR,AIAL,4
AIZL,RIR,AIYL,2
AIZL,RIR,AVER,4
AIZL,RIR,SMBDL,4
AIZL,RIR,AVHL,4
AIZL,RIR,URXL,6
AIZL,SMBDL,RIAL,6
AIZL,SMBDL,SMBVL,6
AIZL,SMBDL,AIAL,6
AIZL,SMBDL,AIYL,4
AIZL,SMBDL,AVER,6
AIZL,SMBDL,ALNR,2
AIZL,SMBDL,SAAVR,4
AIZL,SMBDL,RMED,4
AIZL,SMBDL,URBR,2
AIZL,AVER,RIAL,6
AIZL,AVER,SMBVL,6
AIZL,AVER,AIAL,6
AIZL,AVER,AIYL,4
AIZL,AVER,RIBL,2
AIZL,AVER,BAGL,2
AIZL,AVER,CEPDL,2
AIZL,AVER,CEPVL,2
AIZL,AVER,PVCL,2
AIZL,AVER,OLLL,2
AIZL,AVER,URYDL,2
AIZL,AVER,URYVL,2
AIZL,AIYL,RIAL,7
AIZL,AIYL,SMBVL,4
AIZL,AIYL,AIAL,4
AIZL,AIYL,AFDL,4
AIZL,AIYL,RIBL,6
AIZL,AIYL,ASEL,4
AIZL,AIYL,ASER,4
AIZL,AIYL,AWCL,4
AIZL,AIAL,RIAL,6
AIZL,AIAL,SMBVL,6
AIZL,AIAL,ADLL,2
AIZL,AIAL,RIFL,4
AIZL,AIAL,AIML,2
AIZL,AIAL,ASGL,2
AIZL,AIAL,ASKL,2
AIZL,AIAL,ASEL,2
AIZL,AIAL,ASHL,2
AIZL,AIAL,AWCL,2
AIZL,AIAL,PVQL,2
AIZL,SMBVL,RIAL,6
AIZL,SMBVL,AVHR,2
AIZL,SMBVL,SAADL,4
AIZL,SMBVL,RMEV,4
AIZL,RIAL,AUAL,2
AIZL,RIAL,SMDDR,5
AIZL,RIAL,RIBL,2
AIZL,RIAL,SMDDL,5
AIZL,RIAL,AQR,2
AIZL,RIAL,ASHL,2
AIZL,RIAL,RIAR,5
AIZL,RIAL,BAGR,2
AIZL,RIAL,RMDVL,4
AIZL,RIAL,RMDDL,4
AIZL,RIAL,RMDR,5
AIZL,RIAL,RMDVR,4
AIZL,RIAL,IL2VL,2
AIZL,RIAL,SMDVR,5
AIZL,RIAL,SMDVL,5
AIZL,RIAL,RMDDR,4
AIZL,RIAL,RIVR,5
AIZL,RIAL,URXL,2
AUAL,URXL,RIAL,7
AUAL,URXL,RIBL,4
AUAL,URXL,RIR,4
AUAL,URXL,RMGL,4
AUAL,URXL,URBL,4
AUAL,RIBL,RIAL,7
AUAL,RIBL,AIYL,2
AUAL,RIBL,AINR,2
AUAL,RIBL,AVER,4
AUAL,RIBL,BAGR,5
AUAL,RIBL,OLLL,2
AUAL,RIBL,DVC,2
AUAL,RIBL,RIH,2
AUAL,RIBL,RIS,2
AUAL,RIBL,URYVL,2
AUAL,RIAL,AIYL,2
AUAL,RIAL,SMDDR,5
AUAL,RIAL,SMDDL,5
AUAL,RIAL,AQR,2
AUAL,RIAL,ASHL,2
AUAL,RIAL,RIR,2
AUAL,RIAL,RIAR,5
AUAL,RIAL,BAGR,2
AUAL,RIAL,RMDVL,4
AUAL,RIAL,RMDDL,4
AUAL,RIAL,RMDR,5
AUAL,RIAL,RMDVR,4
AUAL,RIAL,RIH,2
AUAL,RIAL,IL2VL,2
AUAL,RIAL,SMDVR,5
AUAL,RIAL,SMDVL,5
AUAL,RIAL,RMDDR,4
AUAL,RIAL,RIVR,5
RIAL,URXL,AIYL,2
RIAL,URXL,SMDDR,5
RIAL,URXL,RIBL,2
RIAL,URXL,SMDDL,5
RIAL,URXL,AQR,2
RIAL,URXL,ASHL,2
RIAL,URXL,RIR,7
RIAL,URXL,RIAR,5
RIAL,URXL,BAGR,2
RIAL,URXL,RMDVL,4
RIAL,URXL,RMDDL,4
RIAL,URXL,RMDR,5
RIAL,URXL,RMDVR,4
RIAL,URXL,RIH,2
RIAL,URXL,IL2VL,2
RIAL,URXL,SMDVR,5
RIAL,URXL,SMDVL,5
RIAL,URXL,RMDDR,4
RIAL,URXL,RIVR,5
RIAL,URXL,RMGL,4
RIAL,URXL,URBL,4
RIAL,RIVR,AIYL,5
RIAL,RIVR,SMDDR,10
RIAL,RIVR,RIBL,5
RIAL,RIVR,SMDDL,14
RIAL,RIVR,AQR,5
RIAL,RIVR,ASHL,5
RIAL,RIVR,RIR,5
RIAL,RIVR,RIAR,10
RIAL,RIVR,BAGR,5
RIAL,RIVR,RMDVL,9
RIAL,RIVR,RMDDL,9
RIAL,RIVR,RMDR,10
RIAL,RIVR,RMDVR,9
RIAL,RIVR,RIH,5
RIAL,RIVR,IL2VL,5
RIAL,RIVR,SMDVR,10
RIAL,RIVR,SMDVL,10
RIAL,RIVR,RMDDR,9
RIAL,RIVR,SAADL,9
RIAL,RIVR,SIAVL,9
RIAL,RMDDR,AIYL,4
RIAL,RMDDR,SMDDR,9
RIAL,RMDDR,RIBL,4
RIAL,RMDDR,SMDDL,9
RIAL,RMDDR,AQR,4
RIAL,RMDDR,ASHL,4
RIAL,RMDDR,RIR,4
RIAL,RMDDR,RIAR,9
RIAL,RMDDR,BAGR,4
RIAL,RMDDR,RMDVL,8
RIAL,RMDDR,RMDDL,6
RIAL,RMDDR,RMDR,9
RIAL,RMDDR,RMDVR,6
RIAL,RMDDR,RIH,4
RIAL,RMDDR,IL2VL,4
RIAL,RMDDR,SMDVR,9
RIAL,RMDDR,SMDVL,9
RIAL,RMDDR,OLQDL,2
RIAL,RMDDR,URYDL,2
RIAL,SMDVL,AIYL,5
RIAL,SMDVL,SMDDR,14
RIAL,SMDVL,RIBL,5
RIAL,SMDVL,SMDDL,10
RIAL,SMDVL,AQR,5
RIAL,SMDVL,ASHL,5
RIAL,SMDVL,RIR,5
RIAL,SMDVL,RIAR,15
RIAL,SMDVL,BAGR,5
RIAL,SMDVL,RMDVL,9
RIAL,SMDVL,RMDDL,9
RIAL,SMDVL,RMDR,10
RIAL,SMDVL,RMDVR,9
RIAL,SMDVL,RIH,5
RIAL,SMDVL,IL2VL,5
RIAL,SMDVL,SMDVR,10
RIAL,SMDVL,RICR,5
RIAL,SMDVL,OLLR,5
RIAL,SMDVL,URYVR,5
RIAL,SMDVR,AIYL,5
RIAL,SMDVR,SMDDR,10
RIAL,SMDVR,RIBL,5
RIAL,SMDVR,SMDDL,14
RIAL,SMDVR,AQR,5
RIAL,SMDVR,ASHL,5
RIAL,SMDVR,RIR,5
RIAL,SMDVR,RIAR,10
RIAL,SMDVR,BAGR,5
RIAL,SMDVR,RMDVL,9
RIAL,SMDVR,RMDDL,9
RIAL,SMDVR,RMDR,10
RIAL,SMDVR,RMDVR,9
RIAL,SMDVR,RIH,5
RIAL,SMDVR,IL2VL,5
RIAL,SMDVR,OLLL,5
RIAL,SMDVR,RICL,5
RIAL,SMDVR,URYVL,5
RIAL,IL2VL,AIYL,2
RIAL,IL2VL,SMDDR,5
RIAL,IL2VL,RIBL,2
RIAL,IL2VL,SMDDL,5
RIAL,IL2VL,AQR,2
RIAL,IL2VL,ASHL,2
RIAL,IL2VL,RIR,2
RIAL,IL2VL,RIAR,5
RIAL,IL2VL,BAGR,2
RIAL,IL2VL,RMDVL,4
RIAL,IL2VL,RMDDL,4
RIAL,IL2VL,RMDR,5
RIAL,IL2VL,RMDVR,4
RIAL,IL2VL,RIH,7
RIAL,IL2VL,IL1VL,6
RIAL,IL2VL,OLQVL,6
RIAL,IL2VL,URAVL,6
RIAL,IL2VL,RMEL,6
RIAL,IL2VL,RMER,6
RIAL,RIH,AIYL,2
RIAL,RIH,SMDDR,5
RIAL,RIH,RIBL,7
RIAL,RIH,SMDDL,5
RIAL,RIH,AQR,2
RIAL,RIH,ASHL,2
RIAL,RIH,RIR,2
RIAL,RIH,RIAR,5
RIAL,RIH,BAGR,2
RIAL,RIH,RMDVL,4
RIAL,RIH,RMDDL,4
RIAL,RIH,RMDR,5
RIAL,RIH,RMDVR,4
RIAL,RIH,OLQVL,9
RIAL,RIH,IL2L,4
RIAL,RMDVR,AIYL,4
RIAL,RMDVR,SMDDR,9
RIAL,RMDVR,RIBL,4
RIAL,RMDVR,SMDDL,9
RIAL,RMDVR,AQR,4
RIAL,RMDVR,ASHL,4
RIAL,RMDVR,RIR,4
RIAL,RMDVR,RIAR,9
RIAL,RMDVR,BAGR,4
RIAL,RMDVR,RMDVL,6
RIAL,RMDVR,RMDDL,8
RIAL,RMDVR,RMDR,9
RIAL,RMDVR,OLQVL,2
RIAL,RMDVR,IL1L,2
RIAL,RMDVR,URYVL,2
RIAL,RMDR,AIYL,5
RIAL,RMDR,SMDDR,10
RIAL,RMDR,RIBL,5
RIAL,RMDR,SMDDL,10
RIAL,RMDR,AQR,5
RIAL,RMDR,ASHL,5
RIAL,RMDR,RIR,5
RIAL,RMDR,RIAR,10
RIAL,RMDR,BAGR,5
RIAL,RMDR,RMDVL,9
RIAL,RMDR,RMDDL,9
RIAL,RMDR,RMGL,5
RIAL,RMDR,RMFL,5
RIAL,RMDR,IL1L,5
RIAL,RMDR,IL2L,5
RIAL,RMDDL,AIYL,4
RIAL,RMDDL,SMDDR,9
RIAL,RMDDL,RIBL,4
RIAL,RMDDL,SMDDL,9
RIAL,RMDDL,AQR,4
RIAL,RMDDL,ASHL,4
RIAL,RMDDL,RIR,4
RIAL,RMDDL,RIAR,13
RIAL,RMDDL,BAGR,4
RIAL,RMDDL,RMDVL,6
RIAL,RMDDL,CEPVL,2
RIAL,RMDDL,OLLL,2
RIAL,RMDDL,IL1VL,2
RIAL,RMDDL,IL1L,2
RIAL,RMDDL,OLQDR,2
RIAL,RMDDL,URYDR,2
RIAL,RMDDL,URYVL,2
RIAL,RMDVL,AIYL,4
RIAL,RMDVL,SMDDR,9
RIAL,RMDVL,RIBL,4
RIAL,RMDVL,SMDDL,9
RIAL,RMDVL,AQR,4
RIAL,RMDVL,ASHL,4
RIAL,RMDVL,RIR,4
RIAL,RMDVL,RIAR,13
RIAL,RMDVL,BAGR,4
RIAL,RMDVL,CEPDL,2
RIAL,RMDVL,IL1DL,2
RIAL,RMDVL,OLLL,2
RIAL,RMDVL,RMGL,2
RIAL,RMDVL,URYDL,2
RIAL,RMDVL,IL1L,2
RIAL,RMDVL,IL1R,2
RIAL,RMDVL,OLQVR,2
RIAL,RMDVL,URYVR,2
RIAL,BAGR,AIYL,2
RIAL,BAGR,SMDDR,5
RIAL,BAGR,RIBL,13
RIAL,BAGR,SMDDL,5
RIAL,BAGR,AQR,2
RIAL,BAGR,ASHL,2
RIAL,BAGR,RIR,2
RIAL,BAGR,RIAR,5
RIAL,RIAR,AIYL,5
RIAL,RIAR,SMDDR,10
RIAL,RIAR,RIBL,5
RIAL,RIAR,SMDDL,15
RIAL,RIAR,AQR,5
RIAL,RIAR,ASHL,5
RIAL,RIAR,RIR,5
RIAL,RIAR,BAGL,5
RIAL,RIAR,RIVL,10
RIAL,RIR,AIYL,2
RIAL,RIR,SMDDR,5
RIAL,RIR,RIBL,2
RIAL,RIR,SMDDL,5
RIAL,RIR,AQR,2
RIAL,RIR,ASHL,2
RIAL,RIR,AVHL,4
RIAL,ASHL,AIYL,2
RIAL,ASHL,SMDDR,5
RIAL,ASHL,RIBL,2
RIAL,ASHL,SMDDL,5
RIAL,ASHL,AQR,2
RIAL,ASHL,AIAL,6
RIAL,ASHL,AVDR,6
RIAL,AQR,AIYL,2
RIAL,AQR,SMDDR,5
RIAL,AQR,RIBL,2
RIAL,AQR,SMDDL,5
RIAL,AQR,BAGL,6
RIAL,SMDDL,AIYL,5
RIAL,SMDDL,SMDDR,10
RIAL,SMDDL,RIBL,5
RIAL,SMDDL,RIMR,5
RIAL,SMDDL,RICL,5
RIAL,SMDDL,RICR,5
RIAL,SMDDL,SAAVR,5
RIAL,SMDDL,URYDR,5
RIAL,RIBL,AIYL,7
RIAL,RIBL,SMDDR,5
RIAL,RIBL,AINR,4
RIAL,RIBL,AVER,6
RIAL,RIBL,OLLL,4
RIAL,RIBL,DVC,4
RIAL,RIBL,RIS,4
RIAL,RIBL,URYVL,4
RIAL,SMDDR,AIYL,5
RIAL,SMDDR,SAAVL,5
RIAL,SMDDR,RICL,5
RIAL,SMDDR,URYDL,5
RIAL,SMDDR,RIVL,5
RIAL,AIYL,AFDL,4
RIAL,AIYL,ASEL,4
RIAL,AIYL,ASER,4
RIAL,AIYL,AWCL,4
RIAL,AIYL,AWAL,4
SMBVL,RMEV,AVHR,4
SMBVL,RMEV,SAADL,6
SMBVL,SAADL,AVHR,4
SMBVL,SAADL,RIMR,4
SMBVL,SAADL,AVKR,2
SMBVL,SAADL,RIVR,2
SMBVL,AVHR,PVPL,6
ADLL,AVDR,AIAL,6
ADLL,AVDR,AVDL,6
ADLL,AVDR,PVCL,2
ADLL,AVDR,ASHL,2
ADLL,AVDR,FLPL,2
ADLL,AVDL,AIAL,6
ADLL,AVDL,ADLR,2
ADLL,AVDL,PVCL,2
ADLL,AVDL,ASHR,2
ADLL,AVDL,PVCR,2
ADLL,AVDL,FLPL,2
ADLL,AVDL,FLPR,2
ADLL,AIAL,RIFL,4
ADLL,AIAL,AIML,2
ADLL,AIAL,ASGL,2
ADLL,AIAL,ASKL,2
ADLL,AIAL,ASEL,2
ADLL,AIAL,ASHL,2
ADLL,AIAL,AWCL,2
ADLL,AIAL,PVQL,2
AIAL,PVQL,RIFL,4
AIAL,PVQL,AIML,2
AIAL,PVQL,ASGL,2
AIAL,PVQL,ASKL,7
AIAL,PVQL,ASEL,2
AIAL,PVQL,ASHL,2
AIAL,PVQL,AWCL,2
AIAL,PVQL,ASJL,4
AIAL,AWCL,RIFL,4
AIAL,AWCL,AIML,2
AIAL,AWCL,ASGL,2
AIAL,AWCL,ASKL,2
AIAL,AWCL,ASEL,2
AIAL,AWCL,ASHL,2
AIAL,AWCL,AIYL,6
AIAL,AWCL,ASIL,4
AIAL,AWCL,AWCR,9
AIAL,AWCL,ASIR,4
AIAL,ASHL,RIFL,4
AIAL,ASHL,AIML,2
AIAL,ASHL,ASGL,2
AIAL,ASHL,ASKL,2
AIAL,ASHL,ASEL,2
AIAL,ASHL,AVDR,6
AIAL,ASEL,RIFL,4
AIAL,ASEL,AIML,2
AIAL,ASEL,ASGL,2
AIAL,ASEL,ASKL,2
AIAL,ASEL,AIYL,6
AIAL,ASEL,AINL,4
AIAL,ASEL,AIYR,6
AIAL,ASKL,RIFL,4
AIAL,ASKL,AIML,13
AIAL,ASKL,ASGL,2
AIAL,ASKL,ASJL,4
AIAL,ASGL,RIFL,4
AIAL,ASGL,AIML,7
AIAL,AIML,RIFL,4
AVDL,FLPR,ADLR,2
AVDL,FLPR,PVCL,2
AVDL,FLPR,ASHR,2
AVDL,FLPR,PVCR,2
AVDL,FLPR,FLPL,2
AVDL,FLPL,ADLR,2
AVDL,FLPL,PVCL,2
AVDL,FLPL,ASHR,2
AVDL,FLPL,PVCR,2
AVDL,FLPL,AVDR,6
AVDL,PVCR,ADLR,2
AVDL,PVCR,PVCL,2
AVDL,PVCR,ASHR,2
AVDL,ASHR,ADLR,2
AVDL,ASHR,PVCL,2
AVDL,PVCL,ADLR,2
AVDL,PVCL,AVDR,6
AVDL,PVCL,AVER,6
AVDL,PVCL,ALML,4
AVDL,PVCL,AVM,4
AVDR,FLPL,PVCL,2
AVDR,FLPL,ASHL,2
AVDR,ASHL,PVCL,2
AVDR,PVCL,AVER,6
AVDR,PVCL,ALML,4
AVDR,PVCL,AVM,4
AFDL,AWAL,AIYL,7
AFDL,AWAL,AINR,2
AFDL,AWAL,AWBL,6
AFDL,AINR,AIYL,4
AFDL,AINR,RIBL,6
AFDL,AIYL,RIBL,4
AFDL,AIYL,ASEL,2
AFDL,AIYL,ASER,2
AFDL,AIYL,AWCL,2
AIYL,AWAL,RIBL,4
AIYL,AWAL,ASEL,2
AIYL,AWAL,ASER,2
AIYL,AWAL,AWCL,2
AIYL,AWAL,AWBL,6
AIYL,AWCL,RIBL,4
AIYL,AWCL,ASEL,2
AIYL,AWCL,ASER,2
AIYL,AWCL,ASIL,4
AIYL,AWCL,AWCR,9
AIYL,AWCL,ASIR,4
AIYL,ASER,RIBL,4
AIYL,ASER,ASEL,2
AIYL,ASEL,RIBL,4
AIYL,ASEL,AINL,4
AIYL,ASEL,AIYR,6
AIYL,RIBL,AINR,2
AIYL,RIBL,AVER,4
AIYL,RIBL,BAGR,5
AIYL,RIBL,OLLL,2
AIYL,RIBL,DVC,2
AIYL,RIBL,RIH,2
AIYL,RIBL,RIS,2
AIYL,RIBL,URYVL,2
RIBR,BAGL,AINL,8
RIBR,BAGL,AVER,9
RIBR,BAGL,AQR,5
RIBR,BAGL,RIAR,9
RIBR,AINL,AFDR,6
RIBR,AINL,ASEL,6
RIMR,RMFL,SMDDL,6
RIMR,RMFL,SAAVL,9
RIMR,RMFL,AVKL,11
RIMR,RMFL,SAADL,4
RIMR,RMFL,AVKR,4
RIMR,RMFL,DVC,2
RIMR,RMFL,RMDR,4
RIMR,RMFL,PVT,2
RIMR,SAADL,SMDDL,4
RIMR,SAADL,SAAVL,5
RIMR,SAADL,AVKL,2
RIMR,SAADL,AVKR,4
RIMR,SAADL,RIVR,4
RIMR,AVKL,SMDDL,4
RIMR,AVKL,SAAVL,5
RIMR,AVKL,SAADR,6
RIMR,AVKL,PVT,4
RIMR,AVKL,RMFR,4
RIMR,AVKL,RIS,4
RIMR,SAAVL,SMDDL,9
RIMR,SAAVL,SMDDR,9
RIMR,SAAVL,ALNL,5
RIMR,SAAVL,SMBDR,5
RIMR,SMDDL,RIAR,5
RIMR,SMDDL,RICL,2
RIMR,SMDDL,RICR,2
RIMR,SMDDL,SMDVR,2
RIMR,SMDDL,RIVR,2
RIMR,SMDDL,SAAVR,2
RIMR,SMDDL,URYDR,2
SMDDR,RIVL,SAAVL,2
SMDDR,RIVL,RICL,2
SMDDR,RIVL,URYDL,2
SMDDR,RIVL,SMDVL,2
SMDDR,RIVL,SAADR,6
SMDDR,RIVL,RIAR,9
SMDDR,RIVL,SIAVR,6
SMDDR,SMDVL,SAAVL,2
SMDDR,SMDVL,RICL,2
SMDDR,SMDVL,URYDL,2
SMDDR,SMDVL,RIAR,9
SMDDR,SMDVL,RICR,4
SMDDR,SMDVL,OLLR,4
SMDDR,SMDVL,URYVR,4
SMDDR,URYDL,SAAVL,2
SMDDR,URYDL,RICL,2
SMDDR,URYDL,AVER,6
SMDDR,URYDL,CEPDL,4
SMDDR,URYDL,RMDVL,6
SMDDR,URYDL,RMDDR,6
SMDDR,RICL,SAAVL,2
SMDDR,RICL,SMDDL,6
SMDDR,RICL,CEPDL,4
SMDDR,RICL,CEPVL,4
SMDDR,RICL,CEPDR,4
SMDDR,RICL,OLQVL,4
SMDDR,RICL,CEPVR,4
SMDDR,RICL,SMDVR,6
SMDDR,RICL,OLQDR,4
SMDDR,SAAVL,ALNL,4
SMDDR,SAAVL,SMBDR,4
RIBL,URYVL,AINR,2
RIBL,URYVL,AVER,7
RIBL,URYVL,BAGR,5
RIBL,URYVL,OLLL,2
RIBL,URYVL,DVC,2
RIBL,URYVL,RIH,2
RIBL,URYVL,RIS,2
RIBL,URYVL,IL1VL,6
RIBL,URYVL,RMDDL,6
RIBL,URYVL,RMDVR,6
RIBL,URYVL,SMDVR,6
RIBL,RIS,AINR,2
RIBL,RIS,AVER,4
RIBL,RIS,BAGR,5
RIBL,RIS,OLLL,2
RIBL,RIS,DVC,2
RIBL,RIS,RIH,2
RIBL,RIS,CEPVL,6
RIBL,RIS,AVKL,6
RIBL,RIH,AINR,2
RIBL,RIH,AVER,4
RIBL,RIH,BAGR,5
RIBL,RIH,OLLL,2
RIBL,RIH,DVC,2
RIBL,RIH,OLQVL,9
RIBL,RIH,IL2L,4
RIBL,RIH,IL2VL,4
RIBL,DVC,AINR,2
RIBL,DVC,AVER,4
RIBL,DVC,BAGR,5
RIBL,DVC,OLLL,2
RIBL,DVC,RMFL,6
RIBL,OLLL,AINR,2
RIBL,OLLL,AVER,7
RIBL,OLLL,BAGR,5
RIBL,OLLL,CEPDL,4
RIBL,OLLL,CEPVL,9
RIBL,OLLL,RMDVL,6
RIBL,OLLL,RMDDL,6
RIBL,OLLL,RMEL,6
RIBL,OLLL,SMDVR,6
RIBL,BAGR,AINR,5
RIBL,BAGR,AVER,9
RIBL,AVER,AINR,4
RIBL,AVER,BAGL,2
RIBL,AVER,CEPDL,2
RIBL,AVER,CEPVL,2
RIBL,AVER,PVCL,2
RIBL,AVER,URYDL,2
SMDDL,URYDR,RIAR,5
SMDDL,URYDR,RICL,2
SMDDL,URYDR,RICR,2
SMDDL,URYDR,SMDVR,2
SMDDL,URYDR,RIVR,2
SMDDL,URYDR,SAAVR,2
SMDDL,URYDR,RMDDL,6
SMDDL,SAAVR,RIAR,5
SMDDL,SAAVR,RICL,2
SMDDL,SAAVR,RICR,2
SMDDL,SAAVR,SMDVR,2
SMDDL,SAAVR,RIVR,2
SMDDL,SAAVR,SMBDL,4
SMDDL,RIVR,RIAR,5
SMDDL,RIVR,RICL,2
SMDDL,RIVR,RICR,2
SMDDL,RIVR,SMDVR,2
SMDDL,RIVR,SAADL,6
SMDDL,RIVR,SIAVL,6
SMDDL,SMDVR,RIAR,5
SMDDL,SMDVR,RICL,7
SMDDL,SMDVR,RICR,2
SMDDL,SMDVR,OLLL,4
SMDDL,SMDVR,URYVL,4
SMDDL,RICR,RIAR,5
SMDDL,RICR,RICL,2
SMDDL,RICR,CEPDL,4
SMDDL,RICR,CEPVL,4
SMDDL,RICR,OLQDL,4
SMDDL,RICR,SMDVL,6
SMDDL,RICL,RIAR,5
SMDDL,RICL,CEPDL,4
SMDDL,RICL,CEPVL,4
SMDDL,RICL,CEPDR,4
SMDDL,RICL,OLQVL,4
SMDDL,RICL,CEPVR,4
SMDDL,RICL,OLQDR,4
SMDDL,RIAR,BAGL,5
SMDDL,RIAR,RMDVL,9
SMDDL,RIAR,RMDDL,9
SMDDL,RIAR,SMDVL,10
SMDDL,RIAR,RIVL,10
AIML,ASKL,ASGL,9
AIML,ASKL,ASJL,5
AIML,ASKL,PVQL,5
ASKL,PVQL,ASJL,7
AINL,BAGL,AFDR,6
AINL,BAGL,ASEL,6
AINL,BAGL,AVER,4
AINL,BAGL,AQR,2
AINL,BAGL,RIAR,4
AINL,ASEL,AFDR,6
AINL,ASEL,AIYR,4
BAGL,RIAR,AVER,6
BAGL,RIAR,AQR,4
BAGL,RIAR,RMDVL,4
BAGL,RIAR,RMDDL,4
BAGL,RIAR,SMDVL,5
BAGL,RIAR,RIVL,5
BAGL,AQR,AVER,4
BAGL,AVER,CEPDL,2
BAGL,AVER,CEPVL,2
BAGL,AVER,PVCL,2
BAGL,AVER,OLLL,2
BAGL,AVER,URYDL,2
BAGL,AVER,URYVL,2
AVER,URYVL,CEPDL,2
AVER,URYVL,CEPVL,2
AVER,URYVL,PVCL,2
AVER,URYVL,OLLL,2
AVER,URYVL,URYDL,2
AVER,URYVL,IL1VL,6
AVER,URYVL,RMDDL,6
AVER,URYVL,RMDVR,6
AVER,URYVL,SMDVR,6
AVER,URYDL,CEPDL,7
AVER,URYDL,CEPVL,2
AVER,URYDL,PVCL,2
AVER,URYDL,OLLL,2
AVER,URYDL,RMDVL,6
AVER,URYDL,RMDDR,6
AVER,OLLL,CEPDL,7
AVER,OLLL,CEPVL,13
AVER,OLLL,PVCL,2
AVER,OLLL,RMDVL,6
AVER,OLLL,RMDDL,6
AVER,OLLL,RMEL,6
AVER,OLLL,SMDVR,6
AVER,PVCL,CEPDL,2
AVER,PVCL,CEPVL,2
AVER,PVCL,ALML,4
AVER,PVCL,AVM,4
AVER,CEPVL,CEPDL,2
AVER,CEPVL,ALML,4
AVER,CEPVL,RICL,6
AVER,CEPVL,RICR,6
AVER,CEPVL,RMHL,6
AVER,CEPVL,IL1VL,6
AVER,CEPVL,OLQVL,6
AVER,CEPVL,RMDDL,6
AVER,CEPVL,URAVL,6
AVER,CEPVL,RIS,4
AVER,CEPDL,ALML,4
AVER,CEPDL,IL1DL,6
AVER,CEPDL,OLQDL,6
AVER,CEPDL,RICL,6
AVER,CEPDL,RICR,6
AVER,CEPDL,RMDVL,6
AVER,CEPDL,RMGL,6
AVER,CEPDL,RMHR,6
AVER,CEPDL,SIADR,6
AVER,CEPDL,URADL,6
AVER,CEPDL,URBL,4
SMBDL,URBR,ALNR,2
SMBDL,URBR,SAAVR,4
SMBDL,URBR,RMED,4
SMBDL,RMED,ALNR,4
SMBDL,RMED,SAAVR,6
SMBDL,SAAVR,ALNR,4
ALML,PVCL,BDUL,6
ALML,PVCL,CEPDL,6
ALML,PVCL,CEPVL,6
ALML,PVCL,AVM,2
ALML,CEPVL,BDUL,6
ALML,CEPVL,CEPDL,6
ALML,CEPVL,OLLL,5
ALML,CEPVL,RICL,4
ALML,CEPVL,RICR,4
ALML,CEPVL,RMHL,4
ALML,CEPVL,IL1VL,4
ALML,CEPVL,OLQVL,4
ALML,CEPVL,RMDDL,4
ALML,CEPVL,URAVL,4
ALML,CEPVL,RIS,2
ALML,CEPDL,BDUL,6
ALML,CEPDL,IL1DL,4
ALML,CEPDL,OLLL,4
ALML,CEPDL,OLQDL,4
ALML,CEPDL,RICL,4
ALML,CEPDL,RICR,4
ALML,CEPDL,RMDVL,4
ALML,CEPDL,RMGL,4
ALML,CEPDL,RMHR,4
ALML,CEPDL,SIADR,4
ALML,CEPDL,URADL,4
ALML,CEPDL,URYDL,4
ALML,CEPDL,URBL,2
ALML,BDUL,AVM,2
BDUL,AVM,PVCL,6
CEPDL,URBL,IL1DL,4
CEPDL,URBL,OLLL,4
CEPDL,URBL,OLQDL,4
CEPDL,URBL,RICL,4
CEPDL,URBL,RICR,4
CEPDL,URBL,RMDVL,4
CEPDL,URBL,RMGL,4
CEPDL,URBL,RMHR,4
CEPDL,URBL,SIADR,4
CEPDL,URBL,URADL,4
CEPDL,URBL,URYDL,4
CEPDL,URBL,SMBDR,6
CEPDL,URBL,IL1L,6
CEPDL,URBL,URXL,6
CEPDL,URYDL,IL1DL,6
CEPDL,URYDL,OLLL,6
CEPDL,URYDL,OLQDL,6
CEPDL,URYDL,RICL,6
CEPDL,URYDL,RICR,6
CEPDL,URYDL,RMDVL,7
CEPDL,URYDL,RMGL,6
CEPDL,URYDL,RMHR,6
CEPDL,URYDL,SIADR,6
CEPDL,URYDL,URADL,6
CEPDL,URYDL,RMDDR,4
CEPDL,URADL,IL1DL,6
CEPDL,URADL,OLLL,6
CEPDL,URADL,OLQDL,6
CEPDL,URADL,RICL,6
CEPDL,URADL,RICR,6
CEPDL,URADL,RMDVL,6
CEPDL,URADL,RMGL,6
CEPDL,URADL,RMHR,6
CEPDL,URADL,SIADR,6
CEPDL,URADL,IL2DL,2
CEPDL,SIADR,IL1DL,6
CEPDL,SIADR,OLLL,6
CEPDL,SIADR,OLQDL,6
CEPDL,SIADR,RICL,6
CEPDL,SIADR,RICR,6
CEPDL,SIADR,RMDVL,6
CEPDL,SIADR,RMGL,6
CEPDL,SIADR,RMHR,6
CEPDL,RMHR,IL1DL,6
CEPDL,RMHR,OLLL,6
CEPDL,RMHR,OLQDL,6
CEPDL,RMHR,RICL,6
CEPDL,RMHR,RICR,6
CEPDL,RMHR,RMDVL,6
CEPDL,RMHR,RMGL,6
CEPDL,RMGL,IL1DL,6
CEPDL,RMGL,OLLL,6
CEPDL,RMGL,OLQDL,6
CEPDL,RMGL,RICL,6
CEPDL,RMGL,RICR,6
CEPDL,RMGL,RMDVL,7
CEPDL,RMGL,RMDR,4
CEPDL,RMGL,URXL,4
CEPDL,RMDVL,IL1DL,7
CEPDL,RMDVL,OLLL,7
CEPDL,RMDVL,OLQDL,6
CEPDL,RMDVL,RICL,6
CEPDL,RMDVL,RICR,6
CEPDL,RMDVL,RIAR,2
CEPDL,RMDVL,IL1L,2
CEPDL,RMDVL,IL1R,2
CEPDL,RMDVL,RMDDR,5
CEPDL,RMDVL,OLQVR,2
CEPDL,RMDVL,URYVR,2
CEPDL,RICR,IL1DL,6
CEPDL,RICR,OLLL,6
CEPDL,RICR,OLQDL,7
CEPDL,RICR,RICL,6
CEPDL,RICR,CEPVL,2
CEPDL,RICR,SMDVL,4
CEPDL,RICL,IL1DL,6
CEPDL,RICL,OLLL,6
CEPDL,RICL,OLQDL,6
CEPDL,RICL,CEPVL,2
CEPDL,RICL,CEPDR,2
CEPDL,RICL,OLQVL,2
CEPDL,RICL,CEPVR,2
CEPDL,RICL,SMDVR,4
CEPDL,RICL,OLQDR,2
CEPDL,OLQDL,IL1DL,6
CEPDL,OLQDL,OLLL,6
CEPDL,OLQDL,IL2L,2
CEPDL,OLQDL,RMDDR,4
CEPDL,OLQDL,SIBVL,4
CEPDL,OLLL,IL1DL,6
CEPDL,OLLL,CEPVL,5
CEPDL,OLLL,RMDDL,4
CEPDL,OLLL,RMEL,4
CEPDL,OLLL,SMDVR,4
CEPDL,IL1DL,IL2DL,2
CEPVL,RIS,OLLL,5
CEPVL,RIS,RICL,4
CEPVL,RIS,RICR,4
CEPVL,RIS,RMHL,4
CEPVL,RIS,IL1VL,4
CEPVL,RIS,OLQVL,4
CEPVL,RIS,RMDDL,4
CEPVL,RIS,URAVL,4
CEPVL,RIS,AVKL,6
CEPVL,URAVL,OLLL,9
CEPVL,URAVL,RICL,6
CEPVL,URAVL,RICR,6
CEPVL,URAVL,RMHL,6
CEPVL,URAVL,IL1VL,6
CEPVL,URAVL,OLQVL,6
CEPVL,URAVL,RMDDL,6
CEPVL,URAVL,IL2VL,2
CEPVL,RMDDL,OLLL,13
CEPVL,RMDDL,RICL,6
CEPVL,RMDDL,RICR,6
CEPVL,RMDDL,RMHL,6
CEPVL,RMDDL,IL1VL,7
CEPVL,RMDDL,OLQVL,6
CEPVL,RMDDL,RIAR,2
CEPVL,RMDDL,IL1L,2
CEPVL,RMDDL,RMDVR,5
CEPVL,RMDDL,OLQDR,2
CEPVL,RMDDL,URYDR,2
CEPVL,RMDDL,URYVL,2
CEPVL,OLQVL,OLLL,9
CEPVL,OLQVL,RICL,7
CEPVL,OLQVL,RICR,6
CEPVL,OLQVL,RMHL,6
CEPVL,OLQVL,IL1VL,6
CEPVL,OLQVL,RMDVR,4
CEPVL,OLQVL,RIH,5
CEPVL,OLQVL,IL2VL,2
CEPVL,OLQVL,SIBDL,4
CEPVL,IL1VL,OLLL,9
CEPVL,IL1VL,RICL,6
CEPVL,IL1VL,RICR,6
CEPVL,IL1VL,RMHL,6
CEPVL,IL1VL,IL2VL,2
CEPVL,IL1VL,URYVL,2
CEPVL,RMHL,OLLL,9
CEPVL,RMHL,RICL,6
CEPVL,RMHL,RICR,6
CEPVL,RMHL,CEPDR,2
CEPVL,RICR,OLLL,9
CEPVL,RICR,RICL,6
CEPVL,RICR,OLQDL,2
CEPVL,RICR,SMDVL,4
CEPVL,RICL,OLLL,9
CEPVL,RICL,CEPDR,2
CEPVL,RICL,CEPVR,2
CEPVL,RICL,SMDVR,4
CEPVL,RICL,OLQDR,2
CEPVL,OLLL,RMDVL,9
CEPVL,OLLL,RMEL,9
CEPVL,OLLL,SMDVR,9
ALNL,SMBDR,SAAVL,7
ALNL,SMBDR,URBL,2
SAAVL,SMBDR,URBL,4
SMBDR,URBL,IL1L,6
SMBDR,URBL,URXL,6
ASIL,AWCR,AWCL,8
ASIL,AWCL,ASIR,2
AWCL,ASIR,AWCR,5
AVHL,SMBVR,PVPR,6
AVHL,SMBVR,RIR,6
AVHL,RIR,PVPR,6
AVHL,RIR,URXL,4
RIR,URXL,RMGL,2
RIR,URXL,URBL,2
AVKL,RIS,SAADR,4
AVKL,RIS,RMFL,2
AVKL,RIS,PVT,2
AVKL,RIS,RMFR,2
AVKL,RMFR,SAADR,4
AVKL,RMFR,RMFL,2
AVKL,RMFR,PVT,2
AVKL,PVT,SAADR,4
AVKL,PVT,RMFL,7
AVKL,RMFL,SAADR,4
AVKL,RMFL,AVKR,6
AVKL,RMFL,DVC,4
AVKL,RMFL,RMDR,6
AVKL,SAADR,RIVL,2
SAADR,RIVL,RIAR,9
SAADR,RIVL,SIAVR,6
AVKR,RMFL,SAADL,4
AVKR,RMFL,DVC,4
AVKR,RMFL,RMDR,6
AVKR,RMFL,PVT,4
AVKR,SAADL,RIVR,2
SAADL,RIVR,SIAVL,6
RIAR,RIVL,RMDVL,9
RIAR,RIVL,RMDDL,9
RIAR,RIVL,SMDVL,10
RIAR,RIVL,SIAVR,9
RIAR,SMDVL,RMDVL,9
RIAR,SMDVL,RMDDL,9
RIAR,SMDVL,RICR,5
RIAR,SMDVL,OLLR,5
RIAR,SMDVL,URYVR,5
RIAR,RMDDL,RMDVL,6
RIAR,RMDDL,OLLL,2
RIAR,RMDDL,IL1VL,2
RIAR,RMDDL,IL1L,2
RIAR,RMDDL,RMDVR,5
RIAR,RMDDL,OLQDR,2
RIAR,RMDDL,URYDR,2
RIAR,RMDDL,URYVL,2
RIAR,RMDVL,IL1DL,2
RIAR,RMDVL,OLLL,2
RIAR,RMDVL,RMGL,2
RIAR,RMDVL,URYDL,2
RIAR,RMDVL,IL1L,2
RIAR,RMDVL,IL1R,2
RIAR,RMDVL,RMDDR,5
RIAR,RMDVL,OLQVR,2
RIAR,RMDVL,URYVR,2
IL1DL,IL2DL,RMDVL,4
IL1DL,IL2DL,URADL,6
IL1DL,RMDVL,OLLL,2
IL1DL,RMDVL,RMGL,2
IL1DL,RMDVL,URYDL,2
IL1DL,RMDVL,IL1L,2
IL1DL,RMDVL,IL1R,2
IL1DL,RMDVL,RMDDR,5
IL1DL,RMDVL,OLQVR,2
IL1DL,RMDVL,URYVR,2
OLLL,SMDVR,RMDVL,6
OLLL,SMDVR,RMDDL,6
OLLL,SMDVR,RMEL,6
OLLL,SMDVR,RICL,2
OLLL,SMDVR,URYVL,2
OLLL,RMEL,RMDVL,6
OLLL,RMEL,RMDDL,6
OLLL,RMEL,IL2VL,2
OLLL,RMEL,IL2VR,2
OLLL,RMDDL,RMDVL,6
OLLL,RMDDL,IL1VL,2
OLLL,RMDDL,IL1L,2
OLLL,RMDDL,RMDVR,5
OLLL,RMDDL,OLQDR,2
OLLL,RMDDL,URYDR,2
OLLL,RMDDL,URYVL,2
OLLL,RMDVL,RMGL,2
OLLL,RMDVL,URYDL,2
OLLL,RMDVL,IL1L,2
OLLL,RMDVL,IL1R,2
OLLL,RMDVL,RMDDR,5
OLLL,RMDVL,OLQVR,2
OLLL,RMDVL,URYVR,2
OLQDL,SIBVL,RICR,6
OLQDL,SIBVL,IL2L,4
OLQDL,SIBVL,RMDDR,6
OLQDL,RMDDR,RICR,6
OLQDL,RMDDR,IL2L,4
OLQDL,RMDDR,RMDVL,5
OLQDL,RMDDR,URYDL,2
OLQDL,IL2L,RICR,4
OLQDL,IL2L,IL1L,6
OLQDL,IL2L,RMDR,6
OLQDL,IL2L,RIH,6
OLQDL,RICR,SMDVL,4
RICL,OLQDR,CEPDR,2
RICL,OLQDR,OLQVL,2
RICL,OLQDR,CEPVR,2
RICL,OLQDR,SMDVR,4
RICL,OLQDR,RMDDL,6
RICL,SMDVR,CEPDR,4
RICL,SMDVR,OLQVL,4
RICL,SMDVR,CEPVR,4
RICL,SMDVR,URYVL,2
RICL,CEPVR,CEPDR,2
RICL,CEPVR,OLQVL,2
RICL,OLQVL,CEPDR,2
RICL,OLQVL,RMDVR,6
RICL,OLQVL,RIH,9
RICL,OLQVL,IL2VL,4
RICL,OLQVL,SIBDL,6
RICL,CEPDR,RMHL,6
RICL,CEPDR,SIADL,6
RICR,SMDVL,OLLR,2
RICR,SMDVL,URYVR,2
RMDVL,URYVR,RMGL,2
RMDVL,URYVR,URYDL,2
RMDVL,URYVR,IL1L,2
RMDVL,URYVR,IL1R,2
RMDVL,URYVR,RMDDR,5
RMDVL,URYVR,OLQVR,2
RMDVL,URYVR,SMDVL,6
RMDVL,OLQVR,RMGL,2
RMDVL,OLQVR,URYDL,2
RMDVL,OLQVR,IL1L,2
RMDVL,OLQVR,IL1R,2
RMDVL,OLQVR,RMDDR,5
RMDVL,RMDDR,RMGL,5
RMDVL,RMDDR,URYDL,8
RMDVL,RMDDR,IL1L,5
RMDVL,RMDDR,IL1R,5
RMDVL,IL1R,RMGL,2
RMDVL,IL1R,URYDL,2
RMDVL,IL1R,IL1L,2
RMDVL,IL1L,RMGL,2
RMDVL,IL1L,URYDL,2
RMDVL,IL1L,RMDDL,6
RMDVL,IL1L,RMDR,6
RMDVL,IL1L,RMDVR,6
RMDVL,IL1L,IL2L,4
RMDVL,IL1L,URBL,4
RMDVL,URYDL,RMGL,2
RMDVL,RMGL,RMDR,6
RMDVL,RMGL,URXL,6
RMGL,URXL,RMDR,6
RMGL,URXL,URBL,2
RMGL,RMDR,RMFL,2
RMGL,RMDR,IL1L,2
RMGL,RMDR,IL2L,2
CEPDR,SIADL,RMHL,6
IL1VL,URYVL,RMDDL,7
IL1VL,URYVL,IL2VL,2
IL1VL,URYVL,RMDVR,6
IL1VL,URYVL,SMDVR,6
IL1VL,IL2VL,RMDDL,4
IL1VL,IL2VL,OLQVL,6
IL1VL,IL2VL,URAVL,6
IL1VL,IL2VL,RIH,6
IL1VL,IL2VL,RMEL,6
IL1VL,IL2VL,RMER,6
IL1VL,RMDDL,IL1L,2
IL1VL,RMDDL,RMDVR,5
IL1VL,RMDDL,OLQDR,2
IL1VL,RMDDL,URYDR,2
OLQVL,SIBDL,RMDVR,6
OLQVL,SIBDL,RIH,9
OLQVL,SIBDL,IL2VL,4
OLQVL,IL2VL,RMDVR,4
OLQVL,IL2VL,RIH,8
OLQVL,IL2VL,URAVL,6
OLQVL,IL2VL,RMEL,6
OLQVL,IL2VL,RMER,6
OLQVL,RIH,RMDVR,9
OLQVL,RIH,IL2L,5
OLQVL,RMDVR,RMDDL,5
OLQVL,RMDVR,IL1L,2
OLQVL,RMDVR,URYVL,2
RMDDL,URYVL,IL1L,2
RMDDL,URYVL,RMDVR,8
RMDDL,URYVL,OLQDR,2
RMDDL,URYVL,URYDR,2
RMDDL,URYVL,SMDVR,6
RMDDL,URYDR,IL1L,2
RMDDL,URYDR,RMDVR,5
RMDDL,URYDR,OLQDR,2
RMDDL,OLQDR,IL1L,2
RMDDL,OLQDR,RMDVR,5
RMDDL,RMDVR,IL1L,8
RMDDL,IL1L,RMDR,6
RMDDL,IL1L,IL2L,4
RMDDL,IL1L,URBL,4
URAVL,IL2VL,RIH,6
URAVL,IL2VL,RMEL,6
URAVL,IL2VL,RMER,6
DVC,RMFL,RMDR,4
DVC,RMFL,PVT,2
RMFL,PVT,RMDR,4
RMFL,RMDR,IL1L,2
RMFL,RMDR,IL2L,2
IL1L,URBL,RMDR,4
IL1L,URBL,RMDVR,4
IL1L,URBL,IL2L,2
IL1L,URBL,URXL,6
IL1L,IL2L,RMDR,7
IL1L,IL2L,RMDVR,4
IL1L,IL2L,RIH,6
IL1L,RMDVR,RMDR,6
IL1L,RMDVR,URYVL,2
RMDR,IL2L,RIH,6
RMDVR,URYVL,SMDVR,6
IL2L,RIH,IL2VL,2
RIH,IL2VL,RMEL,6
RIH,IL2VL,RMER,6
IL2VL,RMER,RMEL,6
IL2VL,RMEL,IL2VR,2
OLLR,SMDVL,URYVR,2
