ADAL,ASHL,AVJR,4
ADAL,ASHL,AVBR,4
ADAL,ASHL,RIML,4
ADAL,ASHL,RIPL,4
ADAL,ASHL,AVAL,7
ADAL,ASHL,AVBL,7
ADAL,ASHL,AIBR,4
ADAL,ASHL,ADFL,6
ADAL,ASHL,RIAL,6
ADAL,ASHL,ADLL,9
ADAL,ASHL,AVDR,6
ADAL,ASHL,AIBL,6
ADAL,ASHL,AIAL,6
ADAL,AIBR,AVJR,6
ADAL,AIBR,AVBR,6
ADAL,AIBR,RIML,8
ADAL,AIBR,RIPL,6
ADAL,AIBR,AVAL,6
ADAL,AIBR,AVBL,6
ADAL,AIBR,AIZL,2
ADAL,AIBR,AWCL,2
ADAL,AIBR,RIBL,5
ADAL,AIBR,SMDDL,4
ADAL,AIBR,SMDVL,4
ADAL,AVBL,AVJR,7
ADAL,AVBL,AVBR,6
ADAL,AVBL,RIML,7
ADAL,AVBL,RIPL,6
ADAL,AVBL,AVAL,6
ADAL,AVBL,AIBL,2
ADAL,AVBL,RIFL,2
ADAL,AVBL,RIMR,2
ADAL,AVBL,ADAR,2
ADAL,AVBL,PVCL,2
ADAL,AVBL,AQR,2
ADAL,AVBL,PVPR,2
ADAL,AVBL,PVPL,2
ADAL,AVBL,AVM,2
ADAL,AVBL,PVCR,2
ADAL,AVBL,AVFL,2
ADAL,AVBL,RIFR,2
ADAL,AVBL,AVJL,2
ADAL,AVAL,AVJR,6
ADAL,AVAL,AVBR,6
ADAL,AVAL,RIML,6
ADAL,AVAL,RIPL,6
ADAL,AVAL,ADEL,2
ADAL,AVAL,ADER,2
ADAL,AVAL,FLPL,2
ADAL,AVAL,AUAL,2
ADAL,AVAL,SAADL,2
ADAL,AVAL,DVC,2
ADAL,AVAL,RIBL,2
ADAL,AVAL,SAAVL,2
ADAL,AVAL,BAGR,2
ADAL,AVAL,AQR,2
ADAL,AVAL,PVPR,2
ADAL,AVAL,RICL,2
ADAL,AVAL,FLPR,2
ADAL,AVAL,PVPL,2
ADAL,AVAL,SDQR,2
ADAL,AVAL,RICR,2
ADAL,RIPL,AVJR,6
ADAL,RIPL,AVBR,6
ADAL,RIPL,RIML,6
ADAL,RIPL,RIH,5
ADAL,RIPL,CEPVL,2
ADAL,RIPL,URADL,2
ADAL,RIPL,IL1DL,2
ADAL,RIPL,IL1VL,2
ADAL,RIPL,URAVL,2
ADAL,RIPL,IL2DL,2
ADAL,RIPL,IL2VL,2
ADAL,RIML,AVJR,6
ADAL,RIML,AVBR,7
ADAL,RIML,RMDL,4
ADAL,RIML,AIZL,2
ADAL,RIML,AIBL,2
ADAL,RIML,RIFL,2
ADAL,RIML,SMDDR,4
ADAL,RIML,SAADL,2
ADAL,RIML,RIBL,4
ADAL,RIML,SAAVL,5
ADAL,RIML,RIS,2
ADAL,RIML,AVKL,2
ADAL,RIML,SAADR,2
ADAL,RIML,RMDR,4
ADAL,RIML,SMDDL,5
ADAL,RIML,SMDVL,4
ADAL,RIML,AVKR,2
ADAL,RIML,SAAVR,5
ADAL,AVBR,AVJR,6
ADAL,AVBR,RIFL,2
ADAL,AVBR,PVCL,2
ADAL,AVBR,PVPL,2
ADAL,AVBR,AVJL,2
ADAL,AVJR,RIFL,2
ADAL,AVJR,BDUL,2
ADAL,AVJR,PVCL,4
AVJR,PVCL,AVBL,7
AVJR,PVCL,RIFL,4
AVJR,PVCL,BDUL,4
AVJR,PVCL,AVBR,4
AVJR,PVCL,AVDR,4
AVJR,PVCL,AVER,4
AVJR,PVCL,ALML,2
AVJR,PVCL,AQR,2
AVJR,PVCL,PVPL,2
AVJR,PVCL,AVM,2
AVJR,BDUL,AVBL,4
AVJR,BDUL,RIFL,2
AVJR,BDUL,ALML,9
AVJR,BDUL,AVM,4
AVJR,RIFL,AVBL,7
AVJR,RIFL,AVBR,6
AVJR,RIFL,RIML,6
AVJR,RIFL,AIAL,4
AVJR,AVBL,RIML,2
AVJR,AVBL,ASHL,2
AVJR,AVBL,AIBL,2
AVJR,AVBL,RIMR,2
AVJR,AVBL,ADAR,2
AVJR,AVBL,AQR,2
AVJR,AVBL,PVPR,2
AVJR,AVBL,PVPL,2
AVJR,AVBL,AVM,2
AVJR,AVBL,PVCR,2
AVJR,AVBL,AVFL,2
AVJR,AVBL,RIFR,2
AVJR,AVBL,AVJL,2
AVBR,AVJL,RIML,2
AVBR,AVJL,RIFL,2
AVBR,AVJL,PVCL,2
AVBR,AVJL,PVPL,2
AVBR,AVJL,AVBL,6
AVBR,AVJL,ADAR,4
AVBR,AVJL,PVCR,6
AVBR,AVJL,RIFR,4
AVBR,AVJL,BDUR,4
AVBR,PVPL,RIML,2
AVBR,PVPL,RIFL,2
AVBR,PVPL,PVCL,7
AVBR,PVPL,AVAL,6
AVBR,PVPL,AVBL,6
AVBR,PVPL,AVAR,6
AVBR,PVPL,AQR,4
AVBR,PVPL,AVHR,9
AVBR,PVCL,RIML,2
AVBR,PVCL,RIFL,2
AVBR,PVCL,AVBL,6
AVBR,PVCL,AVDR,6
AVBR,PVCL,AVER,6
AVBR,PVCL,ALML,4
AVBR,PVCL,AQR,4
AVBR,PVCL,AVM,4
AVBR,RIFL,RIML,7
AVBR,RIFL,AVBL,6
AVBR,RIFL,AIAL,4
AVBR,RIML,AVBL,6
AVBR,RIML,AIBR,9
AVBR,RIML,RMDL,6
AVBR,RIML,AIZL,4
AVBR,RIML,AIBL,4
AVBR,RIML,SMDDR,6
AVBR,RIML,SAADL,4
AVBR,RIML,RIBL,6
AVBR,RIML,SAAVL,9
AVBR,RIML,RIS,4
AVBR,RIML,AVKL,4
AVBR,RIML,SAADR,4
AVBR,RIML,RMDR,6
AVBR,RIML,SMDDL,9
AVBR,RIML,SMDVL,6
AVBR,RIML,AVKR,4
AVBR,RIML,SAAVR,9
RIML,SAAVR,AVBL,9
RIML,SAAVR,AIBR,10
RIML,SAAVR,RMDL,9
RIML,SAAVR,AIZL,5
RIML,SAAVR,AIBL,5
RIML,SAAVR,RIFL,5
RIML,SAAVR,SMDDR,9
RIML,SAAVR,SAADL,5
RIML,SAAVR,RIBL,9
RIML,SAAVR,SAAVL,10
RIML,SAAVR,RIS,5
RIML,SAAVR,AVKL,5
RIML,SAAVR,SAADR,5
RIML,SAAVR,RMDR,9
RIML,SAAVR,SMDDL,14
RIML,SAAVR,SMDVL,9
RIML,SAAVR,AVKR,5
RIML,SAAVR,SMBDL,5
RIML,AVKR,AVBL,4
RIML,AVKR,AIBR,5
RIML,AVKR,RMDL,4
RIML,AVKR,AIZL,2
RIML,AVKR,AIBL,2
RIML,AVKR,RIFL,2
RIML,AVKR,SMDDR,4
RIML,AVKR,SAADL,7
RIML,AVKR,RIBL,4
RIML,AVKR,SAAVL,5
RIML,AVKR,RIS,2
RIML,AVKR,AVKL,2
RIML,AVKR,SAADR,2
RIML,AVKR,RMDR,4
RIML,AVKR,SMDDL,5
RIML,AVKR,SMDVL,4
RIML,AVKR,RIGL,4
RIML,AVKR,RMFL,4
RIML,SMDVL,AVBL,6
RIML,SMDVL,AIBR,13
RIML,SMDVL,RMDL,6
RIML,SMDVL,AIZL,4
RIML,SMDVL,AIBL,4
RIML,SMDVL,RIFL,4
RIML,SMDVL,SMDDR,8
RIML,SMDVL,SAADL,4
RIML,SMDVL,RIBL,6
RIML,SMDVL,SAAVL,9
RIML,SMDVL,RIS,7
RIML,SMDVL,AVKL,4
RIML,SMDVL,SAADR,4
RIML,SMDVL,RMDR,6
RIML,SMDVL,SMDDL,9
RIML,SMDVL,RIAL,5
RIML,SMDVL,RIBR,2
RIML,SMDVL,RICR,2
RIML,SMDVL,OLLR,2
RIML,SMDVL,URYVR,2
RIML,SMDVL,RIAR,5
RIML,SMDVL,RIVL,2
RIML,SMDDL,AVBL,9
RIML,SMDDL,AIBR,14
RIML,SMDDL,RMDL,9
RIML,SMDDL,AIZL,5
RIML,SMDDL,AIBL,5
RIML,SMDDL,RIFL,5
RIML,SMDDL,SMDDR,9
RIML,SMDDL,SAADL,5
RIML,SMDDL,RIBL,9
RIML,SMDDL,SAAVL,10
RIML,SMDDL,RIS,5
RIML,SMDDL,AVKL,5
RIML,SMDDL,SAADR,5
RIML,SMDDL,RMDR,9
RIML,SMDDL,RIAL,10
RIML,SMDDL,SMDVR,10
RIML,SMDDL,RIMR,5
RIML,SMDDL,RICL,5
RIML,SMDDL,RICR,5
RIML,SMDDL,OLLR,5
RIML,SMDDL,URYDR,5
RIML,SMDDL,RIAR,10
RIML,SMDDL,RMED,5
RIML,RMDR,AVBL,6
RIML,RMDR,AIBR,9
RIML,RMDR,RMDL,8
RIML,RMDR,AIZL,4
RIML,RMDR,AIBL,4
RIML,RMDR,RIFL,4
RIML,RMDR,SMDDR,6
RIML,RMDR,SAADL,4
RIML,RMDR,RIBL,6
RIML,RMDR,SAAVL,9
RIML,RMDR,RIS,4
RIML,RMDR,AVKL,4
RIML,RMDR,SAADR,4
RIML,RMDR,RIAL,5
RIML,RMDR,RMGL,2
RIML,RMDR,RMFL,2
RIML,RMDR,RMDVL,4
RIML,RMDR,IL1L,5
RIML,RMDR,IL2L,2
RIML,RMDR,RMHL,2
RIML,SAADR,AVBL,4
RIML,SAADR,AIBR,5
RIML,SAADR,RMDL,4
RIML,SAADR,AIZL,2
RIML,SAADR,AIBL,2
RIML,SAADR,RIFL,2
RIML,SAADR,SMDDR,4
RIML,SAADR,SAADL,2
RIML,SAADR,RIBL,4
RIML,SAADR,SAAVL,5
RIML,SAADR,RIS,2
RIML,SAADR,AVKL,7
RIML,SAADR,OLLL,6
RIML,SAADR,RIVL,4
RIML,AVKL,AVBL,4
RIML,AVKL,AIBR,5
RIML,AVKL,RMDL,4
RIML,AVKL,AIZL,2
RIML,AVKL,AIBL,2
RIML,AVKL,RIFL,2
RIML,AVKL,SMDDR,4
RIML,AVKL,SAADL,2
RIML,AVKL,RIBL,4
RIML,AVKL,SAAVL,5
RIML,AVKL,RIS,7
RIML,AVKL,RIGR,4
RIML,AVKL,RIMR,6
RIML,AVKL,RMFR,4
RIML,AVKL,PVT,4
RIML,AVKL,RMFL,4
RIML,RIS,AVBL,4
RIML,RIS,AIBR,5
RIML,RIS,RMDL,7
RIML,RIS,AIZL,2
RIML,RIS,AIBL,2
RIML,RIS,RIFL,2
RIML,RIS,SMDDR,4
RIML,RIS,SAADL,2
RIML,RIS,RIBL,12
RIML,RIS,SAAVL,5
RIML,RIS,AVEL,6
RIML,RIS,CEPVL,6
RIML,SAAVL,AVBL,9
RIML,SAAVL,AIBR,10
RIML,SAAVL,RMDL,9
RIML,SAAVL,AIZL,5
RIML,SAAVL,AIBL,5
RIML,SAAVL,RIFL,5
RIML,SAAVL,SMDDR,13
RIML,SAAVL,SAADL,5
RIML,SAAVL,RIBL,9
RIML,SAAVL,AVAL,9
RIML,SAAVL,RIMR,10
RIML,SAAVL,ALNL,5
RIML,SAAVL,SMBDR,5
RIML,RIBL,AVBL,6
RIML,RIBL,AIBR,14
RIML,RIBL,RMDL,6
RIML,RIBL,AIZL,4
RIML,RIBL,AIBL,4
RIML,RIBL,RIFL,4
RIML,RIBL,SMDDR,6
RIML,RIBL,SAADL,4
RIML,RIBL,AVAL,4
RIML,RIBL,AVEL,4
RIML,RIBL,OLLL,2
RIML,RIBL,RIGL,2
RIML,RIBL,RIAL,4
RIML,RIBL,AUAL,5
RIML,RIBL,AIYL,2
RIML,RIBL,AINR,2
RIML,RIBL,SMDVR,4
RIML,RIBL,DVC,2
RIML,RIBL,AVER,4
RIML,RIBL,RIH,2
RIML,RIBL,BAGR,5
RIML,RIBL,URYVL,2
RIML,SAADL,AVBL,4
RIML,SAADL,AIBR,5
RIML,SAADL,RMDL,4
RIML,SAADL,AIZL,2
RIML,SAADL,AIBL,7
RIML,SAADL,RIFL,2
RIML,SAADL,SMDDR,4
RIML,SAADL,AVAL,6
RIML,SAADL,SMBVL,4
RIML,SAADL,RIMR,6
RIML,SAADL,OLLR,6
RIML,SAADL,PLNL,4
RIML,SAADL,RIVR,4
RIML,SMDDR,AVBL,6
RIML,SMDDR,AIBR,9
RIML,SMDDR,RMDL,6
RIML,SMDDR,AIZL,4
RIML,SMDDR,AIBL,7
RIML,SMDDR,RIFL,4
RIML,SMDDR,OLLL,2
RIML,SMDDR,RIAL,5
RIML,SMDDR,RICL,2
RIML,SMDDR,URYDL,2
RIML,RIFL,AVBL,7
RIML,RIFL,AIBR,5
RIML,RIFL,RMDL,4
RIML,RIFL,AIZL,2
RIML,RIFL,AIBL,2
RIML,RIFL,AIAL,4
RIML,AIBL,AVBL,7
RIML,AIBL,AIBR,5
RIML,AIBL,RMDL,4
RIML,AIBL,AIZL,7
RIML,AIBL,ASHL,4
RIML,AIBL,ADLL,4
RIML,AIBL,AWCL,4
RIML,AIBL,AIAL,4
RIML,AIBL,ASEL,4
RIML,AIBL,ASKL,4
RIML,AIBL,AWCR,4
RIML,AIBL,ASIL,4
RIML,AIBL,ASGL,4
RIML,AIBL,RIBR,9
RIML,AIBL,SMDVR,6
RIML,AIBL,RIMR,9
RIML,AIBL,ADAR,4
RIML,AIBL,DVC,4
RIML,AIBL,AIZR,4
RIML,AIZL,AVBL,4
RIML,AIZL,AIBR,8
RIML,AIZL,RMDL,4
RIML,AIZL,RIGL,4
RIML,AIZL,ADFL,4
RIML,AIZL,SMBVL,6
RIML,AIZL,RIAL,6
RIML,AIZL,RIR,4
RIML,AIZL,SMBDL,6
RIML,AIZL,AWBL,4
RIML,AIZL,AIAL,6
RIML,AIZL,ASEL,6
RIML,AIZL,AIYL,4
RIML,AIZL,AWAL,4
RIML,AIZL,AVER,6
RIML,AIZL,RIH,4
RIML,RMDL,AVBL,6
RIML,RMDL,AIBR,9
RIML,RMDL,ADEL,2
RIML,RMDL,RIAL,5
RIML,RMDL,RIMR,2
RIML,RMDL,RMGL,2
RIML,RMDL,RMFR,2
RIML,RMDL,RIAR,5
RIML,RMDL,RMHR,2
RIML,RMDL,RMDVR,4
RIML,RMDL,RIVL,2
RIML,RMDL,IL1R,5
RIML,RMDL,IL2R,2
RIML,RMDL,RMGR,2
RIML,AIBR,AVBL,9
RIML,AIBR,AWCL,5
RIML,AVBL,ASHL,2
RIML,AVBL,RIMR,2
RIML,AVBL,ADAR,2
RIML,AVBL,PVCL,2
RIML,AVBL,AQR,2
RIML,AVBL,PVPR,2
RIML,AVBL,PVPL,2
RIML,AVBL,AVM,2
RIML,AVBL,PVCR,2
RIML,AVBL,AVFL,2
RIML,AVBL,RIFR,2
RIML,AVBL,AVJL,2
RIPL,IL2VL,RIH,5
RIPL,IL2VL,CEPVL,2
RIPL,IL2VL,URADL,2
RIPL,IL2VL,IL1DL,2
RIPL,IL2VL,IL1VL,7
RIPL,IL2VL,URAVL,7
RIPL,IL2VL,IL2DL,2
RIPL,IL2VL,RMEV,6
RIPL,IL2VL,RMEL,6
RIPL,IL2VL,RMER,6
RIPL,IL2DL,RIH,5
RIPL,IL2DL,CEPVL,2
RIPL,IL2DL,URADL,7
RIPL,IL2DL,IL1DL,7
RIPL,IL2DL,IL1VL,2
RIPL,IL2DL,URAVL,2
RIPL,URAVL,RIH,5
RIPL,URAVL,CEPVL,7
RIPL,URAVL,URADL,2
RIPL,URAVL,IL1DL,2
RIPL,URAVL,IL1VL,7
RIPL,URAVL,RMER,6
RIPL,IL1VL,RIH,5
RIPL,IL1VL,CEPVL,7
RIPL,IL1VL,URADL,2
RIPL,IL1VL,IL1DL,2
RIPL,IL1VL,RMDDL,6
RIPL,IL1VL,URYVL,4
RIPL,IL1DL,RIH,5
RIPL,IL1DL,CEPVL,2
RIPL,IL1DL,URADL,2
RIPL,IL1DL,CEPDL,4
RIPL,IL1DL,RMDVL,6
RIPL,URADL,RIH,5
RIPL,URADL,CEPVL,2
RIPL,URADL,CEPDL,4
RIPL,CEPVL,RIH,5
RIPL,CEPVL,OLLL,9
RIPL,CEPVL,AVER,6
RIPL,CEPVL,ALML,4
RIPL,CEPVL,RICL,6
RIPL,CEPVL,RICR,6
RIPL,CEPVL,RIS,4
RIPL,CEPVL,RMDDL,6
RIPL,CEPVL,OLQVL,6
RIPL,RIH,AIZL,9
RIPL,RIH,RIAL,9
RIPL,RIH,RIBL,9
RIPL,RIH,OLQVL,9
RIPL,RIH,IL2L,10
AVAL,RICR,ASHL,2
AVAL,RICR,ADEL,2
AVAL,RICR,ADER,2
AVAL,RICR,FLPL,2
AVAL,RICR,AUAL,2
AVAL,RICR,SAADL,2
AVAL,RICR,DVC,2
AVAL,RICR,RIBL,2
AVAL,RICR,SAAVL,2
AVAL,RICR,BAGR,2
AVAL,RICR,AQR,2
AVAL,RICR,PVPR,2
AVAL,RICR,RICL,2
AVAL,RICR,FLPR,2
AVAL,RICR,PVPL,2
AVAL,RICR,SDQR,2
AVAL,RICR,CEPVL,4
AVAL,RICR,CEPDL,4
AVAL,RICR,OLQDL,4
AVAL,RICR,URBL,4
AVAL,RICR,SMDDL,6
AVAL,RICR,SMDVL,6
AVAL,SDQR,ASHL,2
AVAL,SDQR,ADEL,2
AVAL,SDQR,ADER,2
AVAL,SDQR,FLPL,2
AVAL,SDQR,AUAL,2
AVAL,SDQR,SAADL,2
AVAL,SDQR,DVC,2
AVAL,SDQR,RIBL,2
AVAL,SDQR,SAAVL,2
AVAL,SDQR,BAGR,2
AVAL,SDQR,AQR,2
AVAL,SDQR,PVPR,2
AVAL,SDQR,RICL,2
AVAL,SDQR,FLPR,2
AVAL,SDQR,PVPL,2
AVAL,PVPL,ASHL,2
AVAL,PVPL,ADEL,2
AVAL,PVPL,ADER,2
AVAL,PVPL,FLPL,2
AVAL,PVPL,AUAL,2
AVAL,PVPL,SAADL,2
AVAL,PVPL,DVC,2
AVAL,PVPL,RIBL,2
AVAL,PVPL,SAAVL,2
AVAL,PVPL,BAGR,2
AVAL,PVPL,AQR,7
AVAL,PVPL,PVPR,2
AVAL,PVPL,RICL,2
AVAL,PVPL,FLPR,2
AVAL,PVPL,AVBL,6
AVAL,PVPL,AVAR,6
AVAL,PVPL,PVCL,6
AVAL,PVPL,AVHR,9
AVAL,FLPR,ASHL,2
AVAL,FLPR,ADEL,2
AVAL,FLPR,ADER,2
AVAL,FLPR,FLPL,2
AVAL,FLPR,AUAL,2
AVAL,FLPR,SAADL,2
AVAL,FLPR,DVC,2
AVAL,FLPR,RIBL,2
AVAL,FLPR,SAAVL,2
AVAL,FLPR,BAGR,2
AVAL,FLPR,AQR,2
AVAL,FLPR,PVPR,2
AVAL,FLPR,RICL,2
AVAL,FLPR,AVDL,6
AVAL,RICL,ASHL,2
AVAL,RICL,ADEL,2
AVAL,RICL,ADER,2
AVAL,RICL,FLPL,2
AVAL,RICL,AUAL,2
AVAL,RICL,SAADL,2
AVAL,RICL,DVC,2
AVAL,RICL,RIBL,2
AVAL,RICL,SAAVL,2
AVAL,RICL,BAGR,2
AVAL,RICL,AQR,2
AVAL,RICL,PVPR,2
AVAL,RICL,AVAR,6
AVAL,RICL,SMBDL,6
AVAL,RICL,SMDDR,6
AVAL,RICL,SMDVR,6
AVAL,RICL,CEPVL,4
AVAL,RICL,CEPDL,4
AVAL,RICL,URXL,4
AVAL,RICL,CEPDR,4
AVAL,RICL,CEPVR,4
AVAL,RICL,OLQVL,4
AVAL,RICL,SMDDL,6
AVAL,RICL,OLQDR,4
AVAL,RICL,URBR,4
AVAL,PVPR,ASHL,2
AVAL,PVPR,ADEL,2
AVAL,PVPR,ADER,2
AVAL,PVPR,FLPL,2
AVAL,PVPR,AUAL,2
AVAL,PVPR,SAADL,2
AVAL,PVPR,DVC,2
AVAL,PVPR,RIBL,2
AVAL,PVPR,SAAVL,2
AVAL,PVPR,BAGR,2
AVAL,PVPR,AQR,2
AVAL,PVPR,AVBL,6
AVAL,PVPR,AVHL,9
AVAL,AQR,ASHL,2
AVAL,AQR,ADEL,2
AVAL,AQR,ADER,2
AVAL,AQR,FLPL,2
AVAL,AQR,AUAL,2
AVAL,AQR,SAADL,2
AVAL,AQR,DVC,2
AVAL,AQR,RIBL,2
AVAL,AQR,SAAVL,2
AVAL,AQR,BAGR,2
AVAL,AQR,AVBL,6
AVAL,AQR,RIAL,6
AVAL,AQR,BAGL,6
AVAL,AQR,PVCL,6
AVAL,BAGR,ASHL,2
AVAL,BAGR,ADEL,2
AVAL,BAGR,ADER,2
AVAL,BAGR,FLPL,2
AVAL,BAGR,AUAL,2
AVAL,BAGR,SAADL,2
AVAL,BAGR,DVC,2
AVAL,BAGR,RIBL,13
AVAL,BAGR,SAAVL,2
AVAL,BAGR,AVEL,6
AVAL,BAGR,RIGL,9
AVAL,BAGR,RIAL,6
AVAL,SAAVL,ASHL,2
AVAL,SAAVL,ADEL,2
AVAL,SAAVL,ADER,2
AVAL,SAAVL,FLPL,2
AVAL,SAAVL,AUAL,2
AVAL,SAAVL,SAADL,2
AVAL,SAAVL,DVC,2
AVAL,SAAVL,RIBL,2
AVAL,SAAVL,SMDDR,6
AVAL,SAAVL,RIMR,9
AVAL,SAAVL,ALNL,4
AVAL,SAAVL,SMBDR,4
AVAL,RIBL,ASHL,2
AVAL,RIBL,ADEL,2
AVAL,RIBL,ADER,2
AVAL,RIBL,FLPL,2
AVAL,RIBL,AUAL,13
AVAL,RIBL,SAADL,2
AVAL,RIBL,DVC,7
AVAL,RIBL,AIBR,9
AVAL,RIBL,AVEL,6
AVAL,RIBL,OLLL,4
AVAL,RIBL,RIGL,4
AVAL,RIBL,RIAL,6
AVAL,RIBL,AIYL,4
AVAL,RIBL,AINR,4
AVAL,RIBL,SMDVR,6
AVAL,RIBL,AVER,6
AVAL,RIBL,RIH,4
AVAL,RIBL,RIS,9
AVAL,RIBL,URYVL,4
AVAL,DVC,ASHL,2
AVAL,DVC,ADEL,2
AVAL,DVC,ADER,2
AVAL,DVC,FLPL,2
AVAL,DVC,AUAL,2
AVAL,DVC,SAADL,2
AVAL,DVC,RIGL,6
AVAL,DVC,AIBL,6
AVAL,DVC,RMFL,6
AVAL,SAADL,ASHL,2
AVAL,SAADL,ADEL,2
AVAL,SAADL,ADER,2
AVAL,SAADL,FLPL,2
AVAL,SAADL,AUAL,2
AVAL,SAADL,SMBVL,4
AVAL,SAADL,AIBL,4
AVAL,SAADL,RIMR,6
AVAL,SAADL,OLLR,6
AVAL,SAADL,PLNL,4
AVAL,SAADL,RIVR,4
AVAL,SAADL,AVKR,4
AVAL,AUAL,ASHL,2
AVAL,AUAL,ADEL,2
AVAL,AUAL,ADER,2
AVAL,AUAL,FLPL,2
AVAL,AUAL,AVEL,6
AVAL,AUAL,ADFL,4
AVAL,AUAL,RIAL,6
AVAL,AUAL,AINR,4
AVAL,AUAL,URXL,4
AVAL,AUAL,DVA,4
AVAL,FLPL,ASHL,2
AVAL,FLPL,ADEL,7
AVAL,FLPL,ADER,2
AVAL,FLPL,AVAR,6
AVAL,FLPL,AVDL,6
AVAL,FLPL,AVDR,6
AVAL,FLPL,DVA,6
AVAL,ADER,ASHL,2
AVAL,ADER,ADEL,13
AVAL,ADER,RIGL,6
AVAL,ADEL,ASHL,2
AVAL,ADEL,AVAR,6
AVAL,ADEL,AVDL,6
AVAL,ADEL,RMDL,6
AVAL,ADEL,RIGR,6
AVAL,ADEL,AVEL,6
AVAL,ADEL,OLLL,6
AVAL,ADEL,RIGL,6
AVAL,ASHL,AVBL,6
AVAL,ASHL,ADFL,6
AVAL,ASHL,RIAL,6
AVAL,ASHL,ADLL,9
AVAL,ASHL,AVDR,6
AVAL,ASHL,AIBL,6
AVAL,ASHL,AIAL,6
AVBL,AVJL,ASHL,2
AVBL,AVJL,AIBL,2
AVBL,AVJL,RIFL,2
AVBL,AVJL,RIMR,2
AVBL,AVJL,ADAR,7
AVBL,AVJL,PVCL,2
AVBL,AVJL,AQR,2
AVBL,AVJL,PVPR,2
AVBL,AVJL,PVPL,2
AVBL,AVJL,AVM,2
AVBL,AVJL,PVCR,7
AVBL,AVJL,AVFL,2
AVBL,AVJL,RIFR,7
AVBL,AVJL,BDUR,4
AVBL,RIFR,ASHL,2
AVBL,RIFR,AIBL,2
AVBL,RIFR,RIFL,2
AVBL,RIFR,RIMR,2
AVBL,RIFR,ADAR,2
AVBL,RIFR,PVCL,2
AVBL,RIFR,AQR,2
AVBL,RIFR,PVPR,2
AVBL,RIFR,PVPL,2
AVBL,RIFR,AVM,2
AVBL,RIFR,PVCR,2
AVBL,RIFR,AVFL,2
AVBL,AVFL,ASHL,2
AVBL,AVFL,AIBL,2
AVBL,AVFL,RIFL,2
AVBL,AVFL,RIMR,2
AVBL,AVFL,ADAR,2
AVBL,AVFL,PVCL,2
AVBL,AVFL,AQR,2
AVBL,AVFL,PVPR,2
AVBL,AVFL,PVPL,2
AVBL,AVFL,AVM,2
AVBL,AVFL,PVCR,2
AVBL,AVFL,AVFR,9
AVBL,PVCR,ASHL,2
AVBL,PVCR,AIBL,2
AVBL,PVCR,RIFL,2
AVBL,PVCR,RIMR,2
AVBL,PVCR,ADAR,2
AVBL,PVCR,PVCL,2
AVBL,PVCR,AQR,2
AVBL,PVCR,PVPR,2
AVBL,PVCR,PVPL,2
AVBL,PVCR,AVM,2
AVBL,PVCR,AVDL,6
AVBL,PVCR,AVEL,6
AVBL,AVM,ASHL,2
AVBL,AVM,AIBL,2
AVBL,AVM,RIFL,2
AVBL,AVM,RIMR,2
AVBL,AVM,ADAR,2
AVBL,AVM,PVCL,7
AVBL,AVM,AQR,2
AVBL,AVM,PVPR,2
AVBL,AVM,PVPL,2
AVBL,AVM,BDUL,6
AVBL,PVPL,ASHL,2
AVBL,PVPL,AIBL,2
AVBL,PVPL,RIFL,2
AVBL,PVPL,RIMR,2
AVBL,PVPL,ADAR,2
AVBL,PVPL,PVCL,7
AVBL,PVPL,AQR,7
AVBL,PVPL,PVPR,2
AVBL,PVPL,AVAR,6
AVBL,PVPL,AVHR,9
AVBL,PVPR,ASHL,2
AVBL,PVPR,AIBL,2
AVBL,PVPR,RIFL,2
AVBL,PVPR,RIMR,2
AVBL,PVPR,ADAR,2
AVBL,PVPR,PVCL,2
AVBL,PVPR,AQR,2
AVBL,PVPR,AVHL,9
AVBL,AQR,ASHL,2
AVBL,AQR,AIBL,2
AVBL,AQR,RIFL,2
AVBL,AQR,RIMR,2
AVBL,AQR,ADAR,2
AVBL,AQR,PVCL,7
AVBL,AQR,RIAL,6
AVBL,AQR,BAGL,6
AVBL,PVCL,ASHL,2
AVBL,PVCL,AIBL,2
AVBL,PVCL,RIFL,2
AVBL,PVCL,RIMR,2
AVBL,PVCL,ADAR,2
AVBL,PVCL,AVDR,6
AVBL,PVCL,AVER,6
AVBL,PVCL,ALML,4
AVBL,ADAR,ASHL,2
AVBL,ADAR,AIBL,7
AVBL,ADAR,RIFL,2
AVBL,ADAR,RIMR,2
AVBL,RIMR,ASHL,2
AVBL,RIMR,AIBL,13
AVBL,RIMR,RIFL,2
AVBL,RIMR,RMDL,6
AVBL,RIMR,SAADL,4
AVBL,RIMR,SAAVL,9
AVBL,RIMR,AVKL,4
AVBL,RIMR,SMDDL,6
AVBL,RIFL,ASHL,2
AVBL,RIFL,AIBL,2
AVBL,RIFL,AIAL,4
AVBL,AIBL,ASHL,7
AVBL,AIBL,AIZL,4
AVBL,AIBL,ADLL,4
AVBL,AIBL,AWCL,4
AVBL,AIBL,AIAL,4
AVBL,AIBL,ASEL,4
AVBL,AIBL,ASKL,4
AVBL,AIBL,AWCR,4
AVBL,AIBL,ASIL,4
AVBL,AIBL,ASGL,4
AVBL,AIBL,RIBR,9
AVBL,AIBL,SMDDR,6
AVBL,AIBL,SMDVR,6
AVBL,AIBL,SAADL,6
AVBL,AIBL,DVC,4
AVBL,AIBL,AIZR,4
AVBL,ASHL,ADFL,6
AVBL,ASHL,RIAL,6
AVBL,ASHL,ADLL,9
AVBL,ASHL,AVDR,6
AVBL,ASHL,AIAL,6
AIBR,SMDVL,AIZL,4
AIBR,SMDVL,AWCL,4
AIBR,SMDVL,RIBL,9
AIBR,SMDVL,SMDDL,6
AIBR,SMDVL,RIAL,5
AIBR,SMDVL,RIBR,2
AIBR,SMDVL,SMDDR,5
AIBR,SMDVL,RICR,2
AIBR,SMDVL,OLLR,2
AIBR,SMDVL,RIS,2
AIBR,SMDVL,URYVR,2
AIBR,SMDVL,RIAR,5
AIBR,SMDVL,RIVL,2
AIBR,SMDDL,AIZL,4
AIBR,SMDDL,AWCL,4
AIBR,SMDDL,RIBL,9
AIBR,SMDDL,RIAL,5
AIBR,SMDDL,SMDVR,5
AIBR,SMDDL,RIMR,2
AIBR,SMDDL,RICL,2
AIBR,SMDDL,RICR,2
AIBR,SMDDL,OLLR,2
AIBR,SMDDL,URYDR,2
AIBR,SMDDL,RIAR,5
AIBR,SMDDL,SAAVR,2
AIBR,SMDDL,RMED,2
AIBR,RIBL,AIZL,5
AIBR,RIBL,AWCL,5
AIBR,RIBL,AVEL,9
AIBR,RIBL,OLLL,5
AIBR,RIBL,RIGL,5
AIBR,RIBL,RIAL,9
AIBR,RIBL,AUAL,10
AIBR,RIBL,AIYL,5
AIBR,RIBL,AINR,5
AIBR,RIBL,SMDVR,9
AIBR,RIBL,DVC,5
AIBR,RIBL,AVER,9
AIBR,RIBL,RIH,5
AIBR,RIBL,BAGR,10
AIBR,RIBL,RIS,10
AIBR,RIBL,URYVL,5
AIBR,AWCL,AIZL,2
AIBR,AWCL,ADLL,4
AIBR,AWCL,AIBL,6
AIBR,AWCL,AIAL,9
AIBR,AWCL,AIYL,6
AIBR,AWCL,AWCR,9
AIBR,AWCL,ASIL,9
AIBR,AWCL,AIAR,6
AIBR,AWCL,ASIR,4
AIBR,AIZL,RIGL,4
AIBR,AIZL,ADFL,4
AIBR,AIZL,SMBVL,6
AIBR,AIZL,RIAL,6
AIBR,AIZL,RIR,4
AIBR,AIZL,SMBDL,6
AIBR,AIZL,AWBL,4
AIBR,AIZL,AIBL,6
AIBR,AIZL,AIAL,6
AIBR,AIZL,ASEL,6
AIBR,AIZL,AIYL,4
AIBR,AIZL,AWAL,4
AIBR,AIZL,AVER,6
AIBR,AIZL,RIH,4
ASHL,AIAL,ADFL,6
ASHL,AIAL,RIAL,6
ASHL,AIAL,ADLL,13
ASHL,AIAL,AVDR,6
ASHL,AIAL,AIBL,7
ASHL,AIAL,AIZL,2
ASHL,AIAL,AWCL,5
ASHL,AIAL,ASEL,5
ASHL,AIAL,RIFL,4
ASHL,AIAL,ASKL,2
ASHL,AIAL,AWCR,2
ASHL,AIAL,AIML,2
ASHL,AIAL,ASIL,2
ASHL,AIAL,PVQL,2
ASHL,AIAL,ASGL,2
ASHL,AIBL,ADFL,6
ASHL,AIBL,RIAL,6
ASHL,AIBL,ADLL,13
ASHL,AIBL,AVDR,6
ASHL,AIBL,AIZL,2
ASHL,AIBL,AWCL,2
ASHL,AIBL,ASEL,2
ASHL,AIBL,ASKL,2
ASHL,AIBL,AWCR,2
ASHL,AIBL,ASIL,2
ASHL,AIBL,ASGL,2
ASHL,AIBL,RIBR,5
ASHL,AIBL,SMDDR,4
ASHL,AIBL,SMDVR,4
ASHL,AIBL,SAADL,4
ASHL,AIBL,RIMR,5
ASHL,AIBL,ADAR,2
ASHL,AIBL,DVC,2
ASHL,AIBL,AIZR,2
ASHL,AVDR,ADFL,6
ASHL,AVDR,RIAL,6
ASHL,AVDR,ADLL,13
ASHL,AVDR,FLPL,2
ASHL,AVDR,PVCL,2
ASHL,ADLL,ADFL,9
ASHL,ADLL,RIAL,9
ASHL,ADLL,AVDL,9
ASHL,ADLL,AWCL,9
ASHL,ADLL,ASEL,9
ASHL,RIAL,ADFL,7
ASHL,RIAL,RMDL,5
ASHL,RIAL,AIZL,2
ASHL,RIAL,AUAL,2
ASHL,RIAL,RIR,2
ASHL,RIAL,AIYL,2
ASHL,RIAL,SMDDR,5
ASHL,RIAL,SMDVR,5
ASHL,RIAL,RIBL,2
ASHL,RIAL,RIH,2
ASHL,RIAL,URXL,2
ASHL,RIAL,BAGR,2
ASHL,RIAL,AQR,2
ASHL,RIAL,RIAR,5
ASHL,RIAL,RMDVL,4
ASHL,RIAL,RMDDL,4
ASHL,RIAL,RMDR,5
ASHL,RIAL,RMDVR,4
ASHL,RIAL,RMDDR,4
ASHL,RIAL,RIVR,5
ASHL,RIAL,SIADL,4
ASHL,RIAL,SMDDL,5
ASHL,RIAL,SMDVL,5
ASHL,ADFL,RIGL,4
ASHL,ADFL,AIZL,4
ASHL,ADFL,SMBVL,4
ASHL,ADFL,AUAL,4
ASHL,ADFL,RIR,4
ASHL,ADFL,SMBDL,4
ASHL,ADFL,AWBL,2
ADEL,FLPL,AVAR,7
ADEL,FLPL,AVDL,7
ADEL,FLPL,RMDL,4
ADEL,FLPL,ADER,5
ADEL,FLPL,RIGR,4
ADEL,FLPL,AVEL,4
ADEL,FLPL,OLLL,4
ADEL,FLPL,RIGL,4
ADEL,FLPL,AVDR,6
ADEL,FLPL,DVA,6
ADEL,RIGL,AVAR,6
ADEL,RIGL,AVDL,6
ADEL,RIGL,RMDL,6
ADEL,RIGL,ADER,13
ADEL,RIGL,RIGR,6
ADEL,RIGL,AVEL,7
ADEL,RIGL,OLLL,6
ADEL,RIGL,ADFL,2
ADEL,RIGL,AIZL,4
ADEL,RIGL,RIR,5
ADEL,RIGL,DVC,2
ADEL,RIGL,RIBL,4
ADEL,RIGL,URXL,2
ADEL,RIGL,BAGR,5
ADEL,RIGL,PVT,2
ADEL,RIGL,AVKR,4
ADEL,OLLL,AVAR,6
ADEL,OLLL,AVDL,6
ADEL,OLLL,RMDL,6
ADEL,OLLL,ADER,9
ADEL,OLLL,RIGR,6
ADEL,OLLL,AVEL,6
ADEL,OLLL,SMDDR,4
ADEL,OLLL,SMDVR,4
ADEL,OLLL,RIBL,4
ADEL,OLLL,AVER,4
ADEL,OLLL,CEPVL,5
ADEL,OLLL,CEPDL,5
ADEL,OLLL,SAADR,2
ADEL,OLLL,RMDVL,4
ADEL,OLLL,RMDDL,4
ADEL,AVEL,AVAR,6
ADEL,AVEL,AVDL,6
ADEL,AVEL,RMDL,6
ADEL,AVEL,ADER,9
ADEL,AVEL,RIGR,6
ADEL,AVEL,AUAL,2
ADEL,AVEL,RIBR,2
ADEL,AVEL,AIZR,2
ADEL,AVEL,RIBL,2
ADEL,AVEL,URXL,2
ADEL,AVEL,DVA,2
ADEL,AVEL,BAGR,2
ADEL,AVEL,PVCR,2
ADEL,AVEL,CEPDR,2
ADEL,AVEL,ALA,2
ADEL,AVEL,CEPVR,2
ADEL,AVEL,OLLR,2
ADEL,AVEL,RIS,2
ADEL,AVEL,RMGL,2
ADEL,AVEL,URYVR,2
ADEL,AVEL,URYDR,2
ADEL,RIGR,AVAR,6
ADEL,RIGR,AVDL,6
ADEL,RIGR,RMDL,6
ADEL,RIGR,ADER,9
ADEL,RIGR,BAGL,5
ADEL,RIGR,AVKL,4
ADEL,ADER,AVAR,9
ADEL,ADER,AVDL,9
ADEL,ADER,RMDL,9
ADEL,RMDL,AVAR,6
ADEL,RMDL,AVDL,6
ADEL,RMDL,RIAL,5
ADEL,RMDL,RIMR,2
ADEL,RMDL,RIS,2
ADEL,RMDL,RMGL,2
ADEL,RMDL,RMFR,2
ADEL,RMDL,RIAR,5
ADEL,RMDL,RMHR,2
ADEL,RMDL,RMDR,5
ADEL,RMDL,RMDVR,4
ADEL,RMDL,RIVL,2
ADEL,RMDL,IL1R,5
ADEL,RMDL,IL2R,2
ADEL,RMDL,RMGR,2
ADEL,AVDL,AVAR,6
ADEL,AVDL,ADLL,2
ADEL,AVDL,FLPR,2
ADEL,AVDL,PVCR,2
ADEL,AVDL,ADLR,2
ADEL,AVDL,ASHR,2
ADEL,AVAR,BAGL,2
ADEL,AVAR,RICL,2
ADEL,AVAR,PVPL,2
ADEL,AVAR,SDQL,2
AVAR,SDQL,FLPL,2
AVAR,SDQL,BAGL,2
AVAR,SDQL,RICL,2
AVAR,SDQL,PVPL,2
AVAR,PVPL,FLPL,2
AVAR,PVPL,BAGL,2
AVAR,PVPL,RICL,2
AVAR,PVPL,PVCL,6
AVAR,PVPL,AQR,4
AVAR,PVPL,AVHR,9
AVAR,RICL,FLPL,2
AVAR,RICL,BAGL,2
AVAR,RICL,SMBDL,6
AVAR,RICL,SMDDR,6
AVAR,RICL,SMDVR,6
AVAR,RICL,CEPVL,4
AVAR,RICL,CEPDL,4
AVAR,RICL,URXL,4
AVAR,RICL,CEPDR,4
AVAR,RICL,CEPVR,4
AVAR,RICL,OLQVL,4
AVAR,RICL,SMDDL,6
AVAR,RICL,OLQDR,4
AVAR,RICL,URBR,4
AVAR,BAGL,FLPL,2
AVAR,BAGL,RIGR,9
AVAR,BAGL,RIBR,9
AVAR,BAGL,AINL,4
AVAR,BAGL,AVER,6
AVAR,BAGL,AQR,4
AVAR,BAGL,RIAR,6
AVAR,FLPL,AVDL,6
AVAR,FLPL,AVDR,6
AVAR,FLPL,DVA,6
AVDL,ASHR,FLPL,2
AVDL,ASHR,ADLL,2
AVDL,ASHR,FLPR,2
AVDL,ASHR,PVCR,2
AVDL,ASHR,ADLR,2
AVDL,ADLR,FLPL,2
AVDL,ADLR,ADLL,2
AVDL,ADLR,FLPR,2
AVDL,ADLR,PVCR,2
AVDL,PVCR,FLPL,2
AVDL,PVCR,ADLL,2
AVDL,PVCR,FLPR,2
AVDL,PVCR,AVEL,6
AVDL,PVCR,AVJL,4
AVDL,FLPR,FLPL,2
AVDL,FLPR,ADLL,2
AVDL,ADLL,FLPL,2
AVDL,ADLL,AVDR,6
AVDL,ADLL,AWCL,6
AVDL,ADLL,AIBL,6
AVDL,ADLL,AIAL,6
AVDL,ADLL,ASEL,6
AVDL,FLPL,AVDR,6
AVDL,FLPL,DVA,6
RMDL,RMGR,RIAL,5
RMDL,RMGR,RIMR,2
RMDL,RMGR,RIS,2
RMDL,RMGR,RMGL,2
RMDL,RMGR,RMFR,2
RMDL,RMGR,RIAR,5
RMDL,RMGR,RMHR,2
RMDL,RMGR,RMDR,5
RMDL,RMGR,RMDVR,4
RMDL,RMGR,RIVL,2
RMDL,RMGR,IL1R,5
RMDL,RMGR,IL2R,2
RMDL,IL2R,RIAL,5
RMDL,IL2R,RIMR,2
RMDL,IL2R,RIS,2
RMDL,IL2R,RMGL,2
RMDL,IL2R,RMFR,2
RMDL,IL2R,RIAR,5
RMDL,IL2R,RMHR,2
RMDL,IL2R,RMDR,5
RMDL,IL2R,RMDVR,4
RMDL,IL2R,RIVL,2
RMDL,IL2R,IL1R,5
RMDL,IL1R,RIAL,10
RMDL,IL1R,RIMR,5
RMDL,IL1R,RIS,5
RMDL,IL1R,RMGL,5
RMDL,IL1R,RMFR,5
RMDL,IL1R,RIAR,10
RMDL,IL1R,RMHR,5
RMDL,IL1R,RMDR,10
RMDL,IL1R,RMDVR,9
RMDL,IL1R,RIVL,5
RMDL,IL1R,RMDVL,9
RMDL,RIVL,RIAL,5
RMDL,RIVL,RIMR,2
RMDL,RIVL,RIS,2
RMDL,RIVL,RMGL,2
RMDL,RIVL,RMFR,2
RMDL,RIVL,RIAR,14
RMDL,RIVL,RMHR,2
RMDL,RIVL,RMDR,5
RMDL,RIVL,RMDVR,4
RMDL,RIVL,SAADR,6
RMDL,RIVL,RMDVL,6
RMDL,RIVL,SMDVL,6
RMDL,RIVL,SIAVR,6
RMDL,RMDVR,RIAL,13
RMDL,RMDVR,RIMR,4
RMDL,RMDVR,RIS,4
RMDL,RMDVR,RMGL,4
RMDL,RMDVR,RMFR,4
RMDL,RMDVR,RIAR,9
RMDL,RMDVR,RMHR,4
RMDL,RMDVR,RMDR,9
RMDL,RMDVR,RMDDL,5
RMDL,RMDVR,OLQVL,2
RMDL,RMDVR,IL1L,2
RMDL,RMDVR,URYVL,2
RMDL,RMDR,RIAL,15
RMDL,RMDR,RIMR,5
RMDL,RMDR,RIS,5
RMDL,RMDR,RMGL,8
RMDL,RMDR,RMFR,5
RMDL,RMDR,RIAR,10
RMDL,RMDR,RMHR,5
RMDL,RMDR,RMFL,5
RMDL,RMDR,RMDVL,9
RMDL,RMDR,IL1L,10
RMDL,RMDR,IL2L,5
RMDL,RMDR,RMHL,5
RMDL,RMHR,RIAL,5
RMDL,RMHR,RIMR,2
RMDL,RMHR,RIS,2
RMDL,RMHR,RMGL,2
RMDL,RMHR,RMFR,2
RMDL,RMHR,RIAR,5
RMDL,RMHR,CEPDL,4
RMDL,RIAR,RIAL,15
RMDL,RIAR,RIMR,5
RMDL,RIAR,RIS,5
RMDL,RIAR,RMGL,5
RMDL,RIAR,RMFR,5
RMDL,RIAR,BAGL,5
RMDL,RIAR,RMDVL,9
RMDL,RIAR,RMDDL,9
RMDL,RIAR,SMDDL,10
RMDL,RIAR,SMDVL,10
RMDL,RMFR,RIAL,5
RMDL,RMFR,RIMR,2
RMDL,RMFR,RIS,2
RMDL,RMFR,RMGL,2
RMDL,RMFR,AVKL,6
RMDL,RMGL,RIAL,5
RMDL,RMGL,RIMR,2
RMDL,RMGL,RIS,2
RMDL,RMGL,AVEL,6
RMDL,RMGL,RMDVL,6
RMDL,RIS,RIAL,5
RMDL,RIS,RIMR,2
RMDL,RIS,AVEL,6
RMDL,RIS,RIBL,9
RMDL,RIS,CEPVL,6
RMDL,RIS,AVKL,6
RMDL,RIS,SMDVL,6
RMDL,RIMR,RIAL,5
RMDL,RIMR,AIBL,9
RMDL,RIMR,SAADL,4
RMDL,RIMR,SAAVL,9
RMDL,RIMR,AVKL,4
RMDL,RIMR,SMDDL,6
RMDL,RIAL,ADFL,5
RMDL,RIAL,AIZL,5
RMDL,RIAL,AUAL,5
RMDL,RIAL,RIR,5
RMDL,RIAL,AIYL,5
RMDL,RIAL,SMDDR,10
RMDL,RIAL,SMDVR,10
RMDL,RIAL,RIBL,5
RMDL,RIAL,RIH,5
RMDL,RIAL,URXL,5
RMDL,RIAL,BAGR,5
RMDL,RIAL,AQR,5
RMDL,RIAL,RMDVL,9
RMDL,RIAL,RMDDL,9
RMDL,RIAL,RMDDR,9
RMDL,RIAL,RIVR,10
RMDL,RIAL,SIADL,9
RMDL,RIAL,SMDDL,10
RMDL,RIAL,SMDVL,10
ADER,RIGL,AVEL,4
ADER,RIGL,ADFL,2
ADER,RIGL,AIZL,4
ADER,RIGL,RIR,5
ADER,RIGL,DVC,2
ADER,RIGL,RIBL,4
ADER,RIGL,URXL,2
ADER,RIGL,BAGR,5
ADER,RIGL,PVT,2
ADER,RIGL,AVKR,4
RIGR,AVKL,BAGL,9
RIGR,AVKL,RIMR,4
RIGR,AVKL,RIS,2
RIGR,AVKL,SAADR,4
RIGR,AVKL,RMFR,2
RIGR,AVKL,PVT,2
RIGR,AVKL,RMFL,2
RIGR,BAGL,RIBR,10
RIGR,BAGL,AINL,5
RIGR,BAGL,AVER,9
RIGR,BAGL,AQR,5
RIGR,BAGL,RIAR,9
AVEL,URYDR,RIGL,2
AVEL,URYDR,AUAL,2
AVEL,URYDR,RIBR,2
AVEL,URYDR,AIZR,2
AVEL,URYDR,RIBL,2
AVEL,URYDR,URXL,2
AVEL,URYDR,DVA,2
AVEL,URYDR,BAGR,2
AVEL,URYDR,PVCR,2
AVEL,URYDR,CEPDR,2
AVEL,URYDR,ALA,2
AVEL,URYDR,CEPVR,2
AVEL,URYDR,OLLR,2
AVEL,URYDR,RIS,2
AVEL,URYDR,RMGL,2
AVEL,URYDR,URYVR,2
AVEL,URYDR,RMDDL,6
AVEL,URYDR,SMDDL,6
AVEL,URYVR,RIGL,2
AVEL,URYVR,AUAL,2
AVEL,URYVR,RIBR,2
AVEL,URYVR,AIZR,2
AVEL,URYVR,RIBL,2
AVEL,URYVR,URXL,2
AVEL,URYVR,DVA,2
AVEL,URYVR,BAGR,2
AVEL,URYVR,PVCR,2
AVEL,URYVR,CEPDR,2
AVEL,URYVR,ALA,2
AVEL,URYVR,CEPVR,2
AVEL,URYVR,OLLR,2
AVEL,URYVR,RIS,2
AVEL,URYVR,RMGL,2
AVEL,URYVR,RMDVL,6
AVEL,URYVR,SMDVL,6
AVEL,RMGL,RIGL,2
AVEL,RMGL,AUAL,2
AVEL,RMGL,RIBR,2
AVEL,RMGL,AIZR,2
AVEL,RMGL,RIBL,2
AVEL,RMGL,URXL,2
AVEL,RMGL,DVA,2
AVEL,RMGL,BAGR,2
AVEL,RMGL,PVCR,2
AVEL,RMGL,CEPDR,2
AVEL,RMGL,ALA,2
AVEL,RMGL,CEPVR,2
AVEL,RMGL,OLLR,2
AVEL,RMGL,RIS,2
AVEL,RMGL,RMDVL,6
AVEL,RMGL,RMDR,6
AVEL,RIS,RIGL,2
AVEL,RIS,AUAL,2
AVEL,RIS,RIBR,2
AVEL,RIS,AIZR,2
AVEL,RIS,RIBL,13
AVEL,RIS,URXL,2
AVEL,RIS,DVA,2
AVEL,RIS,BAGR,2
AVEL,RIS,PVCR,2
AVEL,RIS,CEPDR,2
AVEL,RIS,ALA,2
AVEL,RIS,CEPVR,2
AVEL,RIS,OLLR,2
AVEL,RIS,CEPVL,6
AVEL,RIS,AVKL,6
AVEL,RIS,SMDVL,6
AVEL,OLLR,RIGL,2
AVEL,OLLR,AUAL,2
AVEL,OLLR,RIBR,2
AVEL,OLLR,AIZR,2
AVEL,OLLR,RIBL,2
AVEL,OLLR,URXL,2
AVEL,OLLR,DVA,2
AVEL,OLLR,BAGR,2
AVEL,OLLR,PVCR,2
AVEL,OLLR,CEPDR,2
AVEL,OLLR,ALA,2
AVEL,OLLR,CEPVR,2
AVEL,OLLR,SAADL,4
AVEL,OLLR,SMDDL,6
AVEL,OLLR,SMDVL,6
AVEL,CEPVR,RIGL,2
AVEL,CEPVR,AUAL,2
AVEL,CEPVR,RIBR,2
AVEL,CEPVR,AIZR,2
AVEL,CEPVR,RIBL,2
AVEL,CEPVR,URXL,2
AVEL,CEPVR,DVA,2
AVEL,CEPVR,BAGR,2
AVEL,CEPVR,PVCR,2
AVEL,CEPVR,CEPDR,2
AVEL,CEPVR,ALA,2
AVEL,CEPVR,RICL,6
AVEL,ALA,RIGL,2
AVEL,ALA,AUAL,2
AVEL,ALA,RIBR,2
AVEL,ALA,AIZR,2
AVEL,ALA,RIBL,2
AVEL,ALA,URXL,2
AVEL,ALA,DVA,2
AVEL,ALA,BAGR,2
AVEL,ALA,PVCR,2
AVEL,ALA,CEPDR,2
AVEL,CEPDR,RIGL,2
AVEL,CEPDR,AUAL,2
AVEL,CEPDR,RIBR,2
AVEL,CEPDR,AIZR,2
AVEL,CEPDR,RIBL,2
AVEL,CEPDR,URXL,2
AVEL,CEPDR,DVA,2
AVEL,CEPDR,BAGR,2
AVEL,CEPDR,PVCR,2
AVEL,CEPDR,RICL,6
AVEL,CEPDR,RMHL,6
AVEL,PVCR,RIGL,2
AVEL,PVCR,AUAL,2
AVEL,PVCR,RIBR,2
AVEL,PVCR,AIZR,2
AVEL,PVCR,RIBL,2
AVEL,PVCR,URXL,2
AVEL,PVCR,DVA,2
AVEL,PVCR,BAGR,2
AVEL,PVCR,AVJL,4
AVEL,BAGR,RIGL,13
AVEL,BAGR,AUAL,2
AVEL,BAGR,RIBR,2
AVEL,BAGR,AIZR,2
AVEL,BAGR,RIBL,13
AVEL,BAGR,URXL,2
AVEL,BAGR,DVA,2
AVEL,BAGR,RIAL,6
AVEL,DVA,RIGL,2
AVEL,DVA,AUAL,7
AVEL,DVA,RIBR,2
AVEL,DVA,AIZR,2
AVEL,DVA,RIBL,2
AVEL,DVA,URXL,2
AVEL,DVA,FLPL,4
AVEL,URXL,RIGL,7
AVEL,URXL,AUAL,7
AVEL,URXL,RIBR,2
AVEL,URXL,AIZR,2
AVEL,URXL,RIBL,2
AVEL,URXL,RIAL,6
AVEL,URXL,RIR,9
AVEL,URXL,RICL,6
AVEL,URXL,URBL,4
AVEL,RIBL,RIGL,7
AVEL,RIBL,AUAL,13
AVEL,RIBL,RIBR,2
AVEL,RIBL,AIZR,2
AVEL,RIBL,OLLL,4
AVEL,RIBL,RIAL,6
AVEL,RIBL,AIYL,4
AVEL,RIBL,AINR,4
AVEL,RIBL,SMDVR,6
AVEL,RIBL,DVC,4
AVEL,RIBL,AVER,6
AVEL,RIBL,RIH,4
AVEL,RIBL,URYVL,4
AVEL,AIZR,RIGL,2
AVEL,AIZR,AUAL,2
AVEL,AIZR,RIBR,2
AVEL,AIZR,AIBL,6
AVEL,RIBR,RIGL,2
AVEL,RIBR,AUAL,2
AVEL,RIBR,AIBL,9
AVEL,RIBR,AINL,4
AVEL,RIBR,BAGL,9
AVEL,RIBR,SMDVL,6
AVEL,AUAL,RIGL,2
AVEL,AUAL,ADFL,4
AVEL,AUAL,RIAL,6
AVEL,AUAL,AINR,4
AVEL,RIGL,ADFL,4
AVEL,RIGL,AIZL,6
AVEL,RIGL,RIR,9
AVEL,RIGL,DVC,4
AVEL,RIGL,PVT,4
AVEL,RIGL,AVKR,6
OLLL,RMDDL,SMDDR,6
OLLL,RMDDL,SMDVR,6
OLLL,RMDDL,RIBL,6
OLLL,RMDDL,AVER,6
OLLL,RMDDL,CEPVL,13
OLLL,RMDDL,CEPDL,9
OLLL,RMDDL,SAADR,4
OLLL,RMDDL,RMDVL,6
OLLL,RMDDL,RIAL,2
OLLL,RMDDL,URYDR,2
OLLL,RMDDL,RIAR,2
OLLL,RMDDL,IL1VL,2
OLLL,RMDDL,IL1L,2
OLLL,RMDDL,RMDVR,5
OLLL,RMDDL,URYVL,2
OLLL,RMDDL,OLQDR,2
OLLL,RMDVL,SMDDR,6
OLLL,RMDVL,SMDVR,6
OLLL,RMDVL,RIBL,6
OLLL,RMDVL,AVER,6
OLLL,RMDVL,CEPVL,9
OLLL,RMDVL,CEPDL,13
OLLL,RMDVL,SAADR,4
OLLL,RMDVL,RIAL,2
OLLL,RMDVL,RMGL,2
OLLL,RMDVL,URYVR,2
OLLL,RMDVL,RIAR,2
OLLL,RMDVL,IL1DL,2
OLLL,RMDVL,URYDL,2
OLLL,RMDVL,IL1L,2
OLLL,RMDVL,RMDR,2
OLLL,RMDVL,RMDDR,5
OLLL,RMDVL,RIVL,2
OLLL,RMDVL,IL1R,2
OLLL,RMDVL,OLQVR,2
OLLL,SAADR,SMDDR,4
OLLL,SAADR,SMDVR,4
OLLL,SAADR,RIBL,4
OLLL,SAADR,AVER,4
OLLL,SAADR,CEPVL,5
OLLL,SAADR,CEPDL,5
OLLL,SAADR,AVKL,4
OLLL,SAADR,RIVL,4
OLLL,CEPDL,SMDDR,9
OLLL,CEPDL,SMDVR,9
OLLL,CEPDL,RIBL,9
OLLL,CEPDL,AVER,13
OLLL,CEPDL,CEPVL,10
OLLL,CEPDL,ALML,5
OLLL,CEPDL,RICL,9
OLLL,CEPDL,RICR,9
OLLL,CEPDL,OLQDL,9
OLLL,CEPDL,URADL,9
OLLL,CEPDL,IL1DL,9
OLLL,CEPDL,RMHR,9
OLLL,CEPDL,URYDL,9
OLLL,CEPDL,URBL,5
OLLL,CEPVL,SMDDR,9
OLLL,CEPVL,SMDVR,9
OLLL,CEPVL,RIBL,9
OLLL,CEPVL,AVER,13
OLLL,CEPVL,ALML,5
OLLL,CEPVL,RICL,9
OLLL,CEPVL,RICR,9
OLLL,CEPVL,RIS,5
OLLL,CEPVL,IL1VL,9
OLLL,CEPVL,URAVL,9
OLLL,CEPVL,OLQVL,9
OLLL,AVER,SMDDR,6
OLLL,AVER,SMDVR,6
OLLL,AVER,RIBL,7
OLLL,AVER,AIZL,2
OLLL,AVER,BAGL,2
OLLL,AVER,PVCL,2
OLLL,AVER,URYDL,2
OLLL,AVER,URYVL,2
OLLL,RIBL,SMDDR,6
OLLL,RIBL,SMDVR,7
OLLL,RIBL,RIGL,2
OLLL,RIBL,RIAL,4
OLLL,RIBL,AUAL,5
OLLL,RIBL,AIYL,2
OLLL,RIBL,AINR,2
OLLL,RIBL,DVC,2
OLLL,RIBL,RIH,2
OLLL,RIBL,BAGR,5
OLLL,RIBL,RIS,5
OLLL,RIBL,URYVL,2
OLLL,SMDVR,SMDDR,6
OLLL,SMDVR,RIAL,5
OLLL,SMDVR,AIBL,2
OLLL,SMDVR,RICL,2
OLLL,SMDVR,URYVL,2
OLLL,SMDVR,SMDDL,5
OLLL,SMDDR,RIAL,5
OLLL,SMDDR,AIBL,2
OLLL,SMDDR,SAAVL,2
OLLL,SMDDR,RICL,2
OLLL,SMDDR,URYDL,2
OLLL,SMDDR,SMDVL,5
RIGL,AVKR,ADFL,4
RIGL,AVKR,AIZL,6
RIGL,AVKR,RIR,9
RIGL,AVKR,DVC,4
RIGL,AVKR,RIBL,6
RIGL,AVKR,URXL,4
RIGL,AVKR,BAGR,9
RIGL,AVKR,PVT,4
RIGL,AVKR,SAADL,4
RIGL,AVKR,RMFL,2
RIGL,PVT,ADFL,2
RIGL,PVT,AIZL,4
RIGL,PVT,RIR,5
RIGL,PVT,DVC,2
RIGL,PVT,RIBL,4
RIGL,PVT,URXL,2
RIGL,PVT,BAGR,5
RIGL,PVT,AVKL,6
RIGL,PVT,RMFL,6
RIGL,BAGR,ADFL,5
RIGL,BAGR,AIZL,9
RIGL,BAGR,RIR,10
RIGL,BAGR,DVC,5
RIGL,BAGR,RIBL,14
RIGL,BAGR,URXL,5
RIGL,BAGR,RIAL,9
RIGL,URXL,ADFL,2
RIGL,URXL,AIZL,4
RIGL,URXL,RIR,14
RIGL,URXL,DVC,2
RIGL,URXL,RIBL,4
RIGL,URXL,RIAL,6
RIGL,URXL,AUAL,6
RIGL,URXL,RICL,6
RIGL,URXL,URBL,4
RIGL,RIBL,ADFL,4
RIGL,RIBL,AIZL,6
RIGL,RIBL,RIR,9
RIGL,RIBL,DVC,7
RIGL,RIBL,RIAL,4
RIGL,RIBL,AUAL,5
RIGL,RIBL,AIYL,2
RIGL,RIBL,AINR,2
RIGL,RIBL,SMDVR,4
RIGL,RIBL,AVER,4
RIGL,RIBL,RIH,2
RIGL,RIBL,RIS,5
RIGL,RIBL,URYVL,2
RIGL,DVC,ADFL,2
RIGL,DVC,AIZL,4
RIGL,DVC,RIR,5
RIGL,DVC,AIBL,6
RIGL,DVC,RMFL,6
RIGL,RIR,ADFL,8
RIGL,RIR,AIZL,13
RIGL,RIR,RIAL,9
RIGL,RIR,AVHL,5
RIGL,AIZL,ADFL,7
RIGL,AIZL,SMBVL,4
RIGL,AIZL,RIAL,4
RIGL,AIZL,SMBDL,4
RIGL,AIZL,AWBL,2
RIGL,AIZL,AIBL,4
RIGL,AIZL,AIAL,4
RIGL,AIZL,ASEL,4
RIGL,AIZL,AIYL,2
RIGL,AIZL,AWAL,2
RIGL,AIZL,AVER,4
RIGL,AIZL,RIH,2
RIGL,ADFL,SMBVL,6
RIGL,ADFL,RIAL,6
RIGL,ADFL,AUAL,6
RIGL,ADFL,SMBDL,6
RIGL,ADFL,AWBL,4
FLPL,DVA,AVDR,6
FLPL,DVA,AUAL,4
FLPL,AVDR,ADLL,2
FLPL,AVDR,PVCL,2
ADFL,AWBL,AIZL,7
ADFL,AWBL,SMBVL,4
ADFL,AWBL,RIAL,4
ADFL,AWBL,AUAL,4
ADFL,AWBL,RIR,4
ADFL,AWBL,SMBDL,4
ADFL,AWBL,AIYL,6
ADFL,AWBL,AWAL,4
ADFL,SMBDL,AIZL,7
ADFL,SMBDL,SMBVL,6
ADFL,SMBDL,RIAL,6
ADFL,SMBDL,AUAL,6
ADFL,SMBDL,RIR,6
ADFL,SMBDL,RICL,2
ADFL,SMBDL,SAAVR,4
ADFL,SMBDL,RMED,4
ADFL,SMBDL,ALNR,2
ADFL,RIR,AIZL,7
ADFL,RIR,SMBVL,6
ADFL,RIR,RIAL,7
ADFL,RIR,AUAL,6
ADFL,RIR,URXL,5
ADFL,RIR,AVHL,2
ADFL,AUAL,AIZL,6
ADFL,AUAL,SMBVL,6
ADFL,AUAL,RIAL,7
ADFL,AUAL,AINR,2
ADFL,AUAL,RIBL,5
ADFL,AUAL,URXL,2
ADFL,AUAL,DVA,2
ADFL,RIAL,AIZL,7
ADFL,RIAL,SMBVL,6
ADFL,RIAL,AIYL,2
ADFL,RIAL,SMDDR,5
ADFL,RIAL,SMDVR,5
ADFL,RIAL,RIBL,2
ADFL,RIAL,RIH,2
ADFL,RIAL,URXL,2
ADFL,RIAL,BAGR,2
ADFL,RIAL,AQR,2
ADFL,RIAL,RIAR,5
ADFL,RIAL,RMDVL,4
ADFL,RIAL,RMDDL,4
ADFL,RIAL,RMDR,5
ADFL,RIAL,RMDVR,4
ADFL,RIAL,RMDDR,4
ADFL,RIAL,RIVR,5
ADFL,RIAL,SIADL,4
ADFL,RIAL,SMDDL,5
ADFL,RIAL,SMDVL,5
ADFL,SMBVL,AIZL,7
ADFL,SMBVL,SAADL,4
ADFL,SMBVL,RMEV,4
ADFL,SMBVL,PLNL,5
ADFL,SMBVL,AVHR,2
ADFL,AIZL,AIBL,4
ADFL,AIZL,AIAL,4
ADFL,AIZL,ASEL,4
ADFL,AIZL,AIYL,2
ADFL,AIZL,AWAL,2
ADFL,AIZL,AVER,4
ADFL,AIZL,RIH,2
AIZL,RIH,SMBVL,4
AIZL,RIH,RIAL,7
AIZL,RIH,RIR,2
AIZL,RIH,SMBDL,4
AIZL,RIH,AWBL,2
AIZL,RIH,AIBL,4
AIZL,RIH,AIAL,4
AIZL,RIH,ASEL,4
AIZL,RIH,AIYL,2
AIZL,RIH,AWAL,2
AIZL,RIH,AVER,4
AIZL,RIH,RIBL,6
AIZL,RIH,OLQVL,6
AIZL,RIH,IL2L,9
AIZL,AVER,SMBVL,6
AIZL,AVER,RIAL,6
AIZL,AVER,RIR,4
AIZL,AVER,SMBDL,6
AIZL,AVER,AWBL,4
AIZL,AVER,AIBL,6
AIZL,AVER,AIAL,6
AIZL,AVER,ASEL,6
AIZL,AVER,AIYL,4
AIZL,AVER,AWAL,4
AIZL,AVER,BAGL,2
AIZL,AVER,RIBL,2
AIZL,AVER,CEPVL,2
AIZL,AVER,PVCL,2
AIZL,AVER,CEPDL,2
AIZL,AVER,URYDL,2
AIZL,AVER,URYVL,2
AIZL,AWAL,SMBVL,4
AIZL,AWAL,RIAL,4
AIZL,AWAL,RIR,2
AIZL,AWAL,SMBDL,4
AIZL,AWAL,AWBL,7
AIZL,AWAL,AIBL,4
AIZL,AWAL,AIAL,4
AIZL,AWAL,ASEL,4
AIZL,AWAL,AIYL,7
AIZL,AWAL,AFDL,6
AIZL,AIYL,SMBVL,4
AIZL,AIYL,RIAL,7
AIZL,AIYL,RIR,2
AIZL,AIYL,SMBDL,4
AIZL,AIYL,AWBL,7
AIZL,AIYL,AIBL,4
AIZL,AIYL,AIAL,4
AIZL,AIYL,ASEL,11
AIZL,AIYL,AWCL,4
AIZL,AIYL,AFDL,9
AIZL,AIYL,RIBL,6
AIZL,ASEL,SMBVL,6
AIZL,ASEL,RIAL,6
AIZL,ASEL,RIR,4
AIZL,ASEL,SMBDL,6
AIZL,ASEL,AWBL,4
AIZL,ASEL,AIBL,7
AIZL,ASEL,AIAL,8
AIZL,ASEL,ADLL,2
AIZL,AIAL,SMBVL,6
AIZL,AIAL,RIAL,6
AIZL,AIAL,RIR,4
AIZL,AIAL,SMBDL,6
AIZL,AIAL,AWBL,4
AIZL,AIAL,AIBL,7
AIZL,AIAL,ADLL,2
AIZL,AIAL,AWCL,5
AIZL,AIAL,RIFL,4
AIZL,AIAL,ASKL,2
AIZL,AIAL,AWCR,2
AIZL,AIAL,AIML,2
AIZL,AIAL,ASIL,2
AIZL,AIAL,PVQL,2
AIZL,AIAL,ASGL,2
AIZL,AIBL,SMBVL,6
AIZL,AIBL,RIAL,6
AIZL,AIBL,RIR,4
AIZL,AIBL,SMBDL,6
AIZL,AIBL,AWBL,4
AIZL,AIBL,ADLL,2
AIZL,AIBL,AWCL,2
AIZL,AIBL,ASKL,2
AIZL,AIBL,AWCR,2
AIZL,AIBL,ASIL,2
AIZL,AIBL,ASGL,2
AIZL,AIBL,RIBR,5
AIZL,AIBL,SMDDR,4
AIZL,AIBL,SMDVR,4
AIZL,AIBL,SAADL,4
AIZL,AIBL,RIMR,5
AIZL,AIBL,ADAR,2
AIZL,AIBL,DVC,2
AIZL,AIBL,AIZR,2
AIZL,AWBL,SMBVL,4
AIZL,AWBL,RIAL,4
AIZL,AWBL,RIR,2
AIZL,AWBL,SMBDL,4
AIZL,SMBDL,SMBVL,6
AIZL,SMBDL,RIAL,6
AIZL,SMBDL,RIR,4
AIZL,SMBDL,RICL,2
AIZL,SMBDL,SAAVR,4
AIZL,SMBDL,RMED,4
AIZL,SMBDL,ALNR,2
AIZL,RIR,SMBVL,4
AIZL,RIR,RIAL,7
AIZL,RIR,URXL,9
AIZL,RIR,AVHL,4
AIZL,RIAL,SMBVL,6
AIZL,RIAL,AUAL,2
AIZL,RIAL,SMDDR,5
AIZL,RIAL,SMDVR,5
AIZL,RIAL,RIBL,2
AIZL,RIAL,URXL,2
AIZL,RIAL,BAGR,2
AIZL,RIAL,AQR,2
AIZL,RIAL,RIAR,5
AIZL,RIAL,RMDVL,4
AIZL,RIAL,RMDDL,4
AIZL,RIAL,RMDR,5
AIZL,RIAL,RMDVR,4
AIZL,RIAL,RMDDR,4
AIZL,RIAL,RIVR,5
AIZL,RIAL,SIADL,4
AIZL,RIAL,SMDDL,5
AIZL,RIAL,SMDVL,5
AIZL,SMBVL,SAADL,4
AIZL,SMBVL,RMEV,4
AIZL,SMBVL,PLNL,5
AIZL,SMBVL,AVHR,2
SMBVL,AVHR,SAADL,4
SMBVL,AVHR,RMEV,4
SMBVL,AVHR,PLNL,5
SMBVL,AVHR,PVPL,9
SMBVL,PLNL,SAADL,13
SMBVL,PLNL,RMEV,9
SMBVL,RMEV,SAADL,6
SMBVL,RMEV,IL2VL,2
SMBVL,SAADL,AIBL,2
SMBVL,SAADL,RIMR,4
SMBVL,SAADL,OLLR,4
SMBVL,SAADL,RIVR,2
SMBVL,SAADL,AVKR,2
RIAL,SMDVL,AUAL,5
RIAL,SMDVL,RIR,5
RIAL,SMDVL,AIYL,5
RIAL,SMDVL,SMDDR,15
RIAL,SMDVL,SMDVR,10
RIAL,SMDVL,RIBL,5
RIAL,SMDVL,RIH,5
RIAL,SMDVL,URXL,5
RIAL,SMDVL,BAGR,5
RIAL,SMDVL,AQR,5
RIAL,SMDVL,RIAR,15
RIAL,SMDVL,RMDVL,9
RIAL,SMDVL,RMDDL,9
RIAL,SMDVL,RMDR,10
RIAL,SMDVL,RMDVR,9
RIAL,SMDVL,RMDDR,9
RIAL,SMDVL,RIVR,10
RIAL,SMDVL,SIADL,9
RIAL,SMDVL,SMDDL,10
RIAL,SMDVL,RIBR,5
RIAL,SMDVL,RICR,5
RIAL,SMDVL,OLLR,5
RIAL,SMDVL,RIS,5
RIAL,SMDVL,URYVR,5
RIAL,SMDVL,RIVL,5
RIAL,SMDDL,AUAL,5
RIAL,SMDDL,RIR,5
RIAL,SMDDL,AIYL,5
RIAL,SMDDL,SMDDR,10
RIAL,SMDDL,SMDVR,15
RIAL,SMDDL,RIBL,5
RIAL,SMDDL,RIH,5
RIAL,SMDDL,URXL,5
RIAL,SMDDL,BAGR,5
RIAL,SMDDL,AQR,5
RIAL,SMDDL,RIAR,15
RIAL,SMDDL,RMDVL,9
RIAL,SMDDL,RMDDL,9
RIAL,SMDDL,RMDR,10
RIAL,SMDDL,RMDVR,9
RIAL,SMDDL,RMDDR,9
RIAL,SMDDL,RIVR,10
RIAL,SMDDL,SIADL,9
RIAL,SMDDL,RIMR,5
RIAL,SMDDL,RICL,5
RIAL,SMDDL,RICR,5
RIAL,SMDDL,OLLR,5
RIAL,SMDDL,URYDR,5
RIAL,SMDDL,SAAVR,5
RIAL,SMDDL,RMED,5
RIAL,SIADL,AUAL,4
RIAL,SIADL,RIR,4
RIAL,SIADL,AIYL,4
RIAL,SIADL,SMDDR,9
RIAL,SIADL,SMDVR,9
RIAL,SIADL,RIBL,4
RIAL,SIADL,RIH,4
RIAL,SIADL,URXL,4
RIAL,SIADL,BAGR,4
RIAL,SIADL,AQR,4
RIAL,SIADL,RIAR,9
RIAL,SIADL,RMDVL,6
RIAL,SIADL,RMDDL,6
RIAL,SIADL,RMDR,9
RIAL,SIADL,RMDVR,6
RIAL,SIADL,RMDDR,6
RIAL,SIADL,RIVR,9
RIAL,RIVR,AUAL,5
RIAL,RIVR,RIR,5
RIAL,RIVR,AIYL,5
RIAL,RIVR,SMDDR,10
RIAL,RIVR,SMDVR,10
RIAL,RIVR,RIBL,5
RIAL,RIVR,RIH,5
RIAL,RIVR,URXL,5
RIAL,RIVR,BAGR,5
RIAL,RIVR,AQR,5
RIAL,RIVR,RIAR,10
RIAL,RIVR,RMDVL,9
RIAL,RIVR,RMDDL,9
RIAL,RIVR,RMDR,10
RIAL,RIVR,RMDVR,9
RIAL,RIVR,RMDDR,9
RIAL,RIVR,SAADL,9
RIAL,RIVR,SIAVL,9
RIAL,RMDDR,AUAL,4
RIAL,RMDDR,RIR,4
RIAL,RMDDR,AIYL,4
RIAL,RMDDR,SMDDR,9
RIAL,RMDDR,SMDVR,9
RIAL,RMDDR,RIBL,4
RIAL,RMDDR,RIH,4
RIAL,RMDDR,URXL,4
RIAL,RMDDR,BAGR,4
RIAL,RMDDR,AQR,4
RIAL,RMDDR,RIAR,9
RIAL,RMDDR,RMDVL,8
RIAL,RMDDR,RMDDL,6
RIAL,RMDDR,RMDR,9
RIAL,RMDDR,RMDVR,6
RIAL,RMDDR,OLQDL,2
RIAL,RMDDR,URYDL,2
RIAL,RMDVR,AUAL,4
RIAL,RMDVR,RIR,4
RIAL,RMDVR,AIYL,4
RIAL,RMDVR,SMDDR,9
RIAL,RMDVR,SMDVR,9
RIAL,RMDVR,RIBL,4
RIAL,RMDVR,RIH,4
RIAL,RMDVR,URXL,4
RIAL,RMDVR,BAGR,4
RIAL,RMDVR,AQR,4
RIAL,RMDVR,RIAR,9
RIAL,RMDVR,RMDVL,6
RIAL,RMDVR,RMDDL,8
RIAL,RMDVR,RMDR,9
RIAL,RMDVR,OLQVL,2
RIAL,RMDVR,IL1L,2
RIAL,RMDVR,URYVL,2
RIAL,RMDR,AUAL,5
RIAL,RMDR,RIR,5
RIAL,RMDR,AIYL,5
RIAL,RMDR,SMDDR,10
RIAL,RMDR,SMDVR,10
RIAL,RMDR,RIBL,5
RIAL,RMDR,RIH,5
RIAL,RMDR,URXL,5
RIAL,RMDR,BAGR,5
RIAL,RMDR,AQR,5
RIAL,RMDR,RIAR,10
RIAL,RMDR,RMDVL,13
RIAL,RMDR,RMDDL,9
RIAL,RMDR,RMGL,5
RIAL,RMDR,RMFL,5
RIAL,RMDR,IL1L,10
RIAL,RMDR,IL2L,5
RIAL,RMDR,RMHL,5
RIAL,RMDDL,AUAL,4
RIAL,RMDDL,RIR,4
RIAL,RMDDL,AIYL,4
RIAL,RMDDL,SMDDR,9
RIAL,RMDDL,SMDVR,9
RIAL,RMDDL,RIBL,4
RIAL,RMDDL,RIH,4
RIAL,RMDDL,URXL,4
RIAL,RMDDL,BAGR,4
RIAL,RMDDL,AQR,4
RIAL,RMDDL,RIAR,13
RIAL,RMDDL,RMDVL,6
RIAL,RMDDL,CEPVL,2
RIAL,RMDDL,URYDR,2
RIAL,RMDDL,IL1VL,2
RIAL,RMDDL,IL1L,2
RIAL,RMDDL,URYVL,2
RIAL,RMDDL,OLQDR,2
RIAL,RMDVL,AUAL,4
RIAL,RMDVL,RIR,4
RIAL,RMDVL,AIYL,4
RIAL,RMDVL,SMDDR,9
RIAL,RMDVL,SMDVR,9
RIAL,RMDVL,RIBL,4
RIAL,RMDVL,RIH,4
RIAL,RMDVL,URXL,4
RIAL,RMDVL,BAGR,4
RIAL,RMDVL,AQR,4
RIAL,RMDVL,RIAR,13
RIAL,RMDVL,CEPDL,2
RIAL,RMDVL,RMGL,2
RIAL,RMDVL,URYVR,2
RIAL,RMDVL,IL1DL,2
RIAL,RMDVL,URYDL,2
RIAL,RMDVL,IL1L,2
RIAL,RMDVL,RIVL,2
RIAL,RMDVL,IL1R,2
RIAL,RMDVL,OLQVR,2
RIAL,RIAR,AUAL,5
RIAL,RIAR,RIR,5
RIAL,RIAR,AIYL,5
RIAL,RIAR,SMDDR,10
RIAL,RIAR,SMDVR,10
RIAL,RIAR,RIBL,5
RIAL,RIAR,RIH,5
RIAL,RIAR,URXL,5
RIAL,RIAR,BAGR,5
RIAL,RIAR,AQR,5
RIAL,RIAR,BAGL,5
RIAL,RIAR,RIVL,10
RIAL,AQR,AUAL,2
RIAL,AQR,RIR,2
RIAL,AQR,AIYL,2
RIAL,AQR,SMDDR,5
RIAL,AQR,SMDVR,5
RIAL,AQR,RIBL,2
RIAL,AQR,RIH,2
RIAL,AQR,URXL,2
RIAL,AQR,BAGR,2
RIAL,AQR,BAGL,6
RIAL,AQR,PVCL,6
RIAL,AQR,PVPL,6
RIAL,BAGR,AUAL,2
RIAL,BAGR,RIR,2
RIAL,BAGR,AIYL,2
RIAL,BAGR,SMDDR,5
RIAL,BAGR,SMDVR,5
RIAL,BAGR,RIBL,13
RIAL,BAGR,RIH,2
RIAL,BAGR,URXL,2
RIAL,URXL,AUAL,7
RIAL,URXL,RIR,13
RIAL,URXL,AIYL,2
RIAL,URXL,SMDDR,5
RIAL,URXL,SMDVR,5
RIAL,URXL,RIBL,2
RIAL,URXL,RIH,2
RIAL,URXL,RICL,6
RIAL,URXL,URBL,4
RIAL,RIH,AUAL,2
RIAL,RIH,RIR,2
RIAL,RIH,AIYL,2
RIAL,RIH,SMDDR,5
RIAL,RIH,SMDVR,5
RIAL,RIH,RIBL,7
RIAL,RIH,OLQVL,6
RIAL,RIH,IL2L,9
RIAL,RIBL,AUAL,13
RIAL,RIBL,RIR,2
RIAL,RIBL,AIYL,7
RIAL,RIBL,SMDDR,5
RIAL,RIBL,SMDVR,8
RIAL,RIBL,AINR,4
RIAL,RIBL,DVC,4
RIAL,RIBL,AVER,6
RIAL,RIBL,RIS,9
RIAL,RIBL,URYVL,4
RIAL,SMDVR,AUAL,5
RIAL,SMDVR,RIR,5
RIAL,SMDVR,AIYL,5
RIAL,SMDVR,SMDDR,10
RIAL,SMDVR,AIBL,5
RIAL,SMDVR,RICL,5
RIAL,SMDVR,URYVL,5
RIAL,SMDDR,AUAL,5
RIAL,SMDDR,RIR,5
RIAL,SMDDR,AIYL,5
RIAL,SMDDR,AIBL,5
RIAL,SMDDR,SAAVL,5
RIAL,SMDDR,RICL,5
RIAL,SMDDR,URYDL,5
RIAL,AIYL,AUAL,2
RIAL,AIYL,RIR,2
RIAL,AIYL,AWBL,4
RIAL,AIYL,AWCL,4
RIAL,AIYL,ASEL,4
RIAL,AIYL,AFDL,9
RIAL,AIYL,AWAL,4
RIAL,RIR,AUAL,2
RIAL,RIR,AVHL,4
RIAL,AUAL,AINR,4
RIAL,AUAL,DVA,4
AUAL,DVA,AINR,2
AUAL,DVA,RIBL,5
AUAL,DVA,URXL,2
AUAL,URXL,AINR,2
AUAL,URXL,RIBL,5
AUAL,URXL,RIR,9
AUAL,URXL,RICL,6
AUAL,URXL,URBL,4
AUAL,RIBL,AINR,8
AUAL,RIBL,AIYL,5
AUAL,RIBL,SMDVR,9
AUAL,RIBL,DVC,5
AUAL,RIBL,AVER,9
AUAL,RIBL,RIH,5
AUAL,RIBL,BAGR,10
AUAL,RIBL,RIS,10
AUAL,RIBL,URYVL,5
AUAL,AINR,AFDL,6
RIR,AVHL,URXL,5
RIR,AVHL,PVPR,9
RIR,AVHL,SMBVR,6
RIR,URXL,RICL,9
RIR,URXL,URBL,5
SMBDL,ALNR,RICL,2
SMBDL,ALNR,SAAVR,4
SMBDL,ALNR,RMED,4
SMBDL,RMED,RICL,4
SMBDL,RMED,SAAVR,6
SMBDL,RMED,SMDDL,4
SMBDL,SAAVR,RICL,4
SMBDL,SAAVR,SMDDL,4
SMBDL,RICL,SMDDR,6
SMBDL,RICL,SMDVR,6
SMBDL,RICL,CEPVL,4
SMBDL,RICL,CEPDL,4
SMBDL,RICL,URXL,4
SMBDL,RICL,CEPDR,4
SMBDL,RICL,CEPVR,4
SMBDL,RICL,OLQVL,4
SMBDL,RICL,SMDDL,6
SMBDL,RICL,OLQDR,4
SMBDL,RICL,URBR,4
AWBL,AWAL,AIYL,7
AWBL,AWAL,AFDL,6
AWBL,AIYL,AWCL,2
AWBL,AIYL,ASEL,2
AWBL,AIYL,AFDL,5
AWBL,AIYL,RIBL,4
ADLL,ASEL,AVDR,6
ADLL,ASEL,AWCL,6
ADLL,ASEL,AIBL,7
ADLL,ASEL,AIAL,8
ADLL,ASEL,AIYL,4
ADLL,AIAL,AVDR,6
ADLL,AIAL,AWCL,8
ADLL,AIAL,AIBL,7
ADLL,AIAL,RIFL,4
ADLL,AIAL,ASKL,2
ADLL,AIAL,AWCR,2
ADLL,AIAL,AIML,2
ADLL,AIAL,ASIL,2
ADLL,AIAL,PVQL,2
ADLL,AIAL,ASGL,2
ADLL,AIBL,AVDR,6
ADLL,AIBL,AWCL,7
ADLL,AIBL,ASKL,2
ADLL,AIBL,AWCR,2
ADLL,AIBL,ASIL,2
ADLL,AIBL,ASGL,2
ADLL,AIBL,RIBR,5
ADLL,AIBL,SMDDR,4
ADLL,AIBL,SMDVR,4
ADLL,AIBL,SAADL,4
ADLL,AIBL,RIMR,5
ADLL,AIBL,ADAR,2
ADLL,AIBL,DVC,2
ADLL,AIBL,AIZR,2
ADLL,AWCL,AVDR,6
ADLL,AWCL,AIYL,4
ADLL,AWCL,AWCR,5
ADLL,AWCL,ASIL,5
ADLL,AWCL,AIAR,4
ADLL,AWCL,ASIR,2
ADLL,AVDR,PVCL,2
AVDR,PVCL,AVER,6
AVDR,PVCL,ALML,4
AVDR,PVCL,AQR,4
AVDR,PVCL,PVPL,4
AVDR,PVCL,AVM,4
AWCL,ASIR,AIBL,4
AWCL,ASIR,AIAL,5
AWCL,ASIR,AIYL,4
AWCL,ASIR,AWCR,5
AWCL,ASIR,ASIL,5
AWCL,ASIR,AIAR,4
AWCL,AIAR,AIBL,6
AWCL,AIAR,AIAL,9
AWCL,AIAR,AIYL,6
AWCL,AIAR,AWCR,9
AWCL,AIAR,ASIL,9
AWCL,ASIL,AIBL,13
AWCL,ASIL,AIAL,14
AWCL,ASIL,AIYL,9
AWCL,ASIL,AWCR,14
AWCL,ASIL,ASGL,9
AWCL,AWCR,AIBL,13
AWCL,AWCR,AIAL,14
AWCL,AWCR,AIYL,9
AWCL,AIYL,AIBL,6
AWCL,AIYL,AIAL,9
AWCL,AIYL,ASEL,2
AWCL,AIYL,AFDL,5
AWCL,AIYL,AWAL,2
AWCL,AIYL,RIBL,4
AWCL,AIAL,AIBL,13
AWCL,AIAL,ASEL,10
AWCL,AIAL,RIFL,9
AWCL,AIAL,ASKL,5
AWCL,AIAL,AIML,5
AWCL,AIAL,PVQL,5
AWCL,AIAL,ASGL,5
AWCL,AIBL,ASEL,2
AWCL,AIBL,ASKL,2
AWCL,AIBL,ASGL,2
AWCL,AIBL,RIBR,5
AWCL,AIBL,SMDDR,4
AWCL,AIBL,SMDVR,4
AWCL,AIBL,SAADL,4
AWCL,AIBL,RIMR,5
AWCL,AIBL,ADAR,2
AWCL,AIBL,DVC,2
AWCL,AIBL,AIZR,2
AIBL,AIZR,AIAL,2
AIBL,AIZR,ASEL,2
AIBL,AIZR,ASKL,2
AIBL,AIZR,AWCR,2
AIBL,AIZR,ASIL,2
AIBL,AIZR,ASGL,2
AIBL,AIZR,RIBR,5
AIBL,AIZR,SMDDR,4
AIBL,AIZR,SMDVR,4
AIBL,AIZR,SAADL,4
AIBL,AIZR,RIMR,5
AIBL,AIZR,ADAR,2
AIBL,AIZR,DVC,2
AIBL,DVC,AIAL,2
AIBL,DVC,ASEL,2
AIBL,DVC,ASKL,2
AIBL,DVC,AWCR,2
AIBL,DVC,ASIL,2
AIBL,DVC,ASGL,2
AIBL,DVC,RIBR,5
AIBL,DVC,SMDDR,4
AIBL,DVC,SMDVR,4
AIBL,DVC,SAADL,4
AIBL,DVC,RIMR,5
AIBL,DVC,ADAR,2
AIBL,DVC,RIBL,6
AIBL,DVC,RMFL,6
AIBL,ADAR,AIAL,2
AIBL,ADAR,ASEL,2
AIBL,ADAR,ASKL,2
AIBL,ADAR,AWCR,2
AIBL,ADAR,ASIL,2
AIBL,ADAR,ASGL,2
AIBL,ADAR,RIBR,5
AIBL,ADAR,SMDDR,4
AIBL,ADAR,SMDVR,4
AIBL,ADAR,SAADL,4
AIBL,ADAR,RIMR,5
AIBL,ADAR,AVJL,6
AIBL,RIMR,AIAL,5
AIBL,RIMR,ASEL,5
AIBL,RIMR,ASKL,5
AIBL,RIMR,AWCR,5
AIBL,RIMR,ASIL,5
AIBL,RIMR,ASGL,5
AIBL,RIMR,RIBR,10
AIBL,RIMR,SMDDR,9
AIBL,RIMR,SMDVR,9
AIBL,RIMR,SAADL,12
AIBL,RIMR,SAAVL,10
AIBL,RIMR,AVKL,5
AIBL,RIMR,SMDDL,9
AIBL,SAADL,AIAL,4
AIBL,SAADL,ASEL,4
AIBL,SAADL,ASKL,4
AIBL,SAADL,AWCR,4
AIBL,SAADL,ASIL,4
AIBL,SAADL,ASGL,4
AIBL,SAADL,RIBR,9
AIBL,SAADL,SMDDR,6
AIBL,SAADL,SMDVR,6
AIBL,SAADL,OLLR,4
AIBL,SAADL,PLNL,2
AIBL,SAADL,RIVR,2
AIBL,SAADL,AVKR,2
AIBL,SMDVR,AIAL,4
AIBL,SMDVR,ASEL,4
AIBL,SMDVR,ASKL,4
AIBL,SMDVR,AWCR,4
AIBL,SMDVR,ASIL,4
AIBL,SMDVR,ASGL,4
AIBL,SMDVR,RIBR,9
AIBL,SMDVR,SMDDR,6
AIBL,SMDVR,RIBL,2
AIBL,SMDVR,RICL,2
AIBL,SMDVR,URYVL,2
AIBL,SMDVR,SMDDL,5
AIBL,SMDDR,AIAL,4
AIBL,SMDDR,ASEL,4
AIBL,SMDDR,ASKL,4
AIBL,SMDDR,AWCR,4
AIBL,SMDDR,ASIL,4
AIBL,SMDDR,ASGL,4
AIBL,SMDDR,RIBR,9
AIBL,SMDDR,SAAVL,2
AIBL,SMDDR,RICL,2
AIBL,SMDDR,URYDL,2
AIBL,SMDDR,SMDVL,5
AIBL,RIBR,AIAL,5
AIBL,RIBR,ASEL,5
AIBL,RIBR,ASKL,5
AIBL,RIBR,AWCR,5
AIBL,RIBR,ASIL,5
AIBL,RIBR,ASGL,5
AIBL,RIBR,AINL,5
AIBL,RIBR,BAGL,10
AIBL,RIBR,SMDVL,9
AIBL,ASGL,AIAL,7
AIBL,ASGL,ASEL,2
AIBL,ASGL,ASKL,2
AIBL,ASGL,AWCR,2
AIBL,ASGL,ASIL,7
AIBL,ASGL,AIML,4
AIBL,ASIL,AIAL,7
AIBL,ASIL,ASEL,2
AIBL,ASIL,ASKL,2
AIBL,ASIL,AWCR,7
AIBL,AWCR,AIAL,7
AIBL,AWCR,ASEL,2
AIBL,AWCR,ASKL,2
AIBL,ASKL,AIAL,7
AIBL,ASKL,ASEL,2
AIBL,ASKL,AIML,9
AIBL,ASKL,PVQL,4
AIBL,ASKL,ASJL,4
AIBL,ASEL,AIAL,13
AIBL,ASEL,AIYL,6
AIBL,AIAL,RIFL,6
AIBL,AIAL,AIML,4
AIBL,AIAL,PVQL,4
AIAL,ASGL,ASEL,5
AIAL,ASGL,RIFL,4
AIAL,ASGL,ASKL,2
AIAL,ASGL,AWCR,2
AIAL,ASGL,AIML,7
AIAL,ASGL,ASIL,7
AIAL,ASGL,PVQL,2
AIAL,PVQL,ASEL,5
AIAL,PVQL,RIFL,4
AIAL,PVQL,ASKL,7
AIAL,PVQL,AWCR,2
AIAL,PVQL,AIML,2
AIAL,PVQL,ASIL,2
AIAL,PVQL,ASJL,4
AIAL,ASIL,ASEL,5
AIAL,ASIL,RIFL,4
AIAL,ASIL,ASKL,2
AIAL,ASIL,AWCR,7
AIAL,ASIL,AIML,2
AIAL,AIML,ASEL,5
AIAL,AIML,RIFL,4
AIAL,AIML,ASKL,13
AIAL,AIML,AWCR,2
AIAL,AIML,ASJL,6
AIAL,AWCR,ASEL,5
AIAL,AWCR,RIFL,4
AIAL,AWCR,ASKL,2
AIAL,ASKL,ASEL,5
AIAL,ASKL,RIFL,4
AIAL,ASKL,ASJL,4
AIAL,RIFL,ASEL,9
AIAL,ASEL,AIYL,9
ASEL,AIYL,AFDL,5
ASEL,AIYL,AWAL,2
ASEL,AIYL,RIBL,4
AFDL,AINR,AIYL,5
AFDL,AINR,AWAL,2
AFDL,AINR,RIBL,6
AFDL,AWAL,AIYL,8
AFDL,AIYL,RIBL,9
AIYL,RIBL,AWAL,4
AIYL,RIBL,AINR,2
AIYL,RIBL,SMDVR,4
AIYL,RIBL,DVC,2
AIYL,RIBL,AVER,4
AIYL,RIBL,RIH,2
AIYL,RIBL,BAGR,5
AIYL,RIBL,RIS,5
AIYL,RIBL,URYVL,2
AINR,RIBL,SMDVR,4
AINR,RIBL,DVC,2
AINR,RIBL,AVER,4
AINR,RIBL,RIH,2
AINR,RIBL,BAGR,5
AINR,RIBL,RIS,5
AINR,RIBL,URYVL,2
ASKL,ASJL,AIML,12
ASKL,ASJL,PVQL,7
ASKL,PVQL,AIML,5
ASKL,AIML,ASGL,9
AWCR,ASIL,ASGL,6
AIML,ASJL,ASGL,6
AIML,ASJL,PVQL,4
AIML,ASGL,ASIL,2
RIBR,SMDVL,AINL,4
RIBR,SMDVL,BAGL,9
RIBR,SMDVL,SMDDR,5
RIBR,SMDVL,RICR,2
RIBR,SMDVL,OLLR,2
RIBR,SMDVL,RIS,2
RIBR,SMDVL,URYVR,2
RIBR,SMDVL,RIAR,5
RIBR,SMDVL,RIVL,2
RIBR,BAGL,AINL,8
RIBR,BAGL,AVER,9
RIBR,BAGL,AQR,5
RIBR,BAGL,RIAR,9
RIBR,AINL,AFDR,6
RIBR,AINL,AUAR,6
SMDDR,SMDVL,SAAVL,5
SMDDR,SMDVL,RICL,5
SMDDR,SMDVL,URYDL,5
SMDDR,SMDVL,RICR,5
SMDDR,SMDVL,OLLR,5
SMDDR,SMDVL,RIS,5
SMDDR,SMDVL,URYVR,5
SMDDR,SMDVL,RIAR,10
SMDDR,SMDVL,RIVL,5
SMDDR,URYDL,SAAVL,2
SMDDR,URYDL,RICL,2
SMDDR,URYDL,AVER,6
SMDDR,URYDL,CEPDL,4
SMDDR,URYDL,RMDVL,6
SMDDR,URYDL,RMDDR,6
SMDDR,RICL,SAAVL,2
SMDDR,RICL,SMDVR,6
SMDDR,RICL,CEPVL,4
SMDDR,RICL,CEPDL,4
SMDDR,RICL,URXL,4
SMDDR,RICL,CEPDR,4
SMDDR,RICL,CEPVR,4
SMDDR,RICL,OLQVL,4
SMDDR,RICL,SMDDL,6
SMDDR,RICL,OLQDR,4
SMDDR,RICL,URBR,4
SMDDR,SAAVL,RIMR,9
SMDDR,SAAVL,ALNL,4
SMDDR,SAAVL,SMBDR,4
SMDVR,SMDDL,RIBL,5
SMDVR,SMDDL,RICL,8
SMDVR,SMDDL,URYVL,5
SMDVR,SMDDL,RIMR,5
SMDVR,SMDDL,RICR,5
SMDVR,SMDDL,OLLR,5
SMDVR,SMDDL,URYDR,5
SMDVR,SMDDL,RIAR,10
SMDVR,SMDDL,SAAVR,5
SMDVR,SMDDL,RMED,5
SMDVR,URYVL,RIBL,7
SMDVR,URYVL,RICL,2
SMDVR,URYVL,AVER,6
SMDVR,URYVL,RMDDL,6
SMDVR,URYVL,IL1VL,6
SMDVR,URYVL,RMDVR,6
SMDVR,RICL,RIBL,2
SMDVR,RICL,CEPVL,4
SMDVR,RICL,CEPDL,4
SMDVR,RICL,URXL,4
SMDVR,RICL,CEPDR,4
SMDVR,RICL,CEPVR,4
SMDVR,RICL,OLQVL,4
SMDVR,RICL,OLQDR,4
SMDVR,RICL,URBR,4
SMDVR,RIBL,DVC,4
SMDVR,RIBL,AVER,6
SMDVR,RIBL,RIH,4
SMDVR,RIBL,BAGR,9
SMDVR,RIBL,RIS,9
SAADL,AVKR,RIMR,4
SAADL,AVKR,OLLR,4
SAADL,AVKR,PLNL,2
SAADL,AVKR,RIVR,2
SAADL,AVKR,RMFL,4
SAADL,RIVR,RIMR,4
SAADL,RIVR,OLLR,4
SAADL,RIVR,PLNL,2
SAADL,RIVR,SIAVL,6
SAADL,PLNL,RIMR,4
SAADL,PLNL,OLLR,4
SAADL,OLLR,RIMR,6
SAADL,OLLR,SMDDL,4
SAADL,OLLR,SMDVL,4
SAADL,RIMR,SAAVL,5
SAADL,RIMR,AVKL,2
SAADL,RIMR,SMDDL,4
RIMR,SMDDL,SAAVL,9
RIMR,SMDDL,AVKL,4
RIMR,SMDDL,RICL,2
RIMR,SMDDL,RICR,2
RIMR,SMDDL,OLLR,2
RIMR,SMDDL,URYDR,2
RIMR,SMDDL,RIAR,5
RIMR,SMDDL,SAAVR,2
RIMR,SMDDL,RMED,2
RIMR,AVKL,SAAVL,5
RIMR,AVKL,RIS,4
RIMR,AVKL,SAADR,6
RIMR,AVKL,RMFR,4
RIMR,AVKL,PVT,4
RIMR,AVKL,RMFL,4
RIMR,SAAVL,ALNL,5
RIMR,SAAVL,SMBDR,5
ADAR,AVJL,PVCR,4
ADAR,AVJL,RIFR,2
ADAR,AVJL,BDUR,2
DVC,RMFL,RIBL,6
DVC,RMFL,AVKL,4
DVC,RMFL,PVT,2
DVC,RMFL,RMDR,4
DVC,RMFL,AVKR,4
DVC,RIBL,AVER,4
DVC,RIBL,RIH,2
DVC,RIBL,BAGR,5
DVC,RIBL,RIS,5
DVC,RIBL,URYVL,2
AINL,BAGL,AFDR,6
AINL,BAGL,AUAR,6
AINL,BAGL,AVER,4
AINL,BAGL,AQR,2
AINL,BAGL,RIAR,4
AINL,AUAR,AFDR,6
BAGL,RIAR,AVER,6
BAGL,RIAR,AQR,4
BAGL,RIAR,RMDVL,4
BAGL,RIAR,RMDDL,4
BAGL,RIAR,SMDDL,5
BAGL,RIAR,SMDVL,5
BAGL,RIAR,RIVL,5
BAGL,AQR,AVER,4
BAGL,AQR,PVCL,6
BAGL,AQR,PVPL,6
BAGL,AVER,RIBL,2
BAGL,AVER,CEPVL,2
BAGL,AVER,PVCL,2
BAGL,AVER,CEPDL,2
BAGL,AVER,URYDL,2
BAGL,AVER,URYVL,2
RIBL,URYVL,AVER,7
RIBL,URYVL,RIH,2
RIBL,URYVL,BAGR,5
RIBL,URYVL,RIS,5
RIBL,URYVL,RMDDL,6
RIBL,URYVL,IL1VL,6
RIBL,URYVL,RMDVR,6
RIBL,RIS,AVER,9
RIBL,RIS,RIH,5
RIBL,RIS,BAGR,10
RIBL,RIS,CEPVL,9
RIBL,RIS,AVKL,9
RIBL,RIS,SMDVL,9
RIBL,BAGR,AVER,9
RIBL,BAGR,RIH,5
RIBL,RIH,AVER,4
RIBL,RIH,OLQVL,6
RIBL,RIH,IL2L,9
RIBL,AVER,CEPVL,2
RIBL,AVER,PVCL,2
RIBL,AVER,CEPDL,2
RIBL,AVER,URYDL,2
AVER,URYVL,CEPVL,2
AVER,URYVL,PVCL,2
AVER,URYVL,CEPDL,2
AVER,URYVL,URYDL,2
AVER,URYVL,RMDDL,6
AVER,URYVL,IL1VL,6
AVER,URYVL,RMDVR,6
AVER,URYDL,CEPVL,2
AVER,URYDL,PVCL,2
AVER,URYDL,CEPDL,7
AVER,URYDL,RMDVL,6
AVER,URYDL,RMDDR,6
AVER,CEPDL,CEPVL,2
AVER,CEPDL,PVCL,2
AVER,CEPDL,ALML,4
AVER,CEPDL,RICL,6
AVER,CEPDL,RICR,6
AVER,CEPDL,OLQDL,6
AVER,CEPDL,RMDVL,6
AVER,CEPDL,URADL,6
AVER,CEPDL,IL1DL,6
AVER,CEPDL,RMHR,6
AVER,CEPDL,URBL,4
AVER,PVCL,CEPVL,2
AVER,PVCL,ALML,4
AVER,PVCL,AQR,4
AVER,PVCL,PVPL,4
AVER,PVCL,AVM,4
AVER,CEPVL,ALML,4
AVER,CEPVL,RICL,6
AVER,CEPVL,RICR,6
AVER,CEPVL,RIS,4
AVER,CEPVL,RMDDL,6
AVER,CEPVL,IL1VL,6
AVER,CEPVL,URAVL,6
AVER,CEPVL,OLQVL,6
RIH,IL2L,OLQVL,9
RIH,IL2L,OLQDL,9
RIH,IL2L,IL1L,9
RIH,IL2L,RMDR,9
RIH,OLQVL,CEPVL,2
RIH,OLQVL,RICL,4
RIH,OLQVL,RMDVR,4
ALML,CEPDL,CEPVL,6
ALML,CEPDL,BDUL,9
ALML,CEPDL,PVCL,6
ALML,CEPDL,RICL,4
ALML,CEPDL,RICR,4
ALML,CEPDL,OLQDL,4
ALML,CEPDL,RMDVL,4
ALML,CEPDL,URADL,4
ALML,CEPDL,IL1DL,4
ALML,CEPDL,RMHR,4
ALML,CEPDL,URYDL,4
ALML,CEPDL,URBL,2
ALML,PVCL,CEPVL,6
ALML,PVCL,BDUL,9
ALML,PVCL,AQR,2
ALML,PVCL,PVPL,2
ALML,PVCL,AVM,2
ALML,BDUL,CEPVL,9
ALML,BDUL,AVM,5
ALML,CEPVL,RICL,4
ALML,CEPVL,RICR,4
ALML,CEPVL,RIS,2
ALML,CEPVL,RMDDL,4
ALML,CEPVL,IL1VL,4
ALML,CEPVL,URAVL,4
ALML,CEPVL,OLQVL,4
CEPVL,OLQVL,RICL,7
CEPVL,OLQVL,RICR,6
CEPVL,OLQVL,RIS,4
CEPVL,OLQVL,RMDDL,6
CEPVL,OLQVL,IL1VL,6
CEPVL,OLQVL,URAVL,6
CEPVL,OLQVL,RMDVR,4
CEPVL,URAVL,RICL,6
CEPVL,URAVL,RICR,6
CEPVL,URAVL,RIS,4
CEPVL,URAVL,RMDDL,6
CEPVL,URAVL,IL1VL,7
CEPVL,URAVL,IL2VL,2
CEPVL,URAVL,RMER,4
CEPVL,IL1VL,RICL,6
CEPVL,IL1VL,RICR,6
CEPVL,IL1VL,RIS,4
CEPVL,IL1VL,RMDDL,7
CEPVL,IL1VL,URYVL,2
CEPVL,IL1VL,IL2VL,2
CEPVL,RMDDL,RICL,6
CEPVL,RMDDL,RICR,6
CEPVL,RMDDL,RIS,4
CEPVL,RMDDL,URYDR,2
CEPVL,RMDDL,RIAR,2
CEPVL,RMDDL,IL1L,2
CEPVL,RMDDL,RMDVR,5
CEPVL,RMDDL,URYVL,2
CEPVL,RMDDL,OLQDR,2
CEPVL,RIS,RICL,4
CEPVL,RIS,RICR,4
CEPVL,RIS,AVKL,6
CEPVL,RIS,SMDVL,6
CEPVL,RICR,RICL,6
CEPVL,RICR,CEPDL,2
CEPVL,RICR,OLQDL,2
CEPVL,RICR,URBL,2
CEPVL,RICR,SMDDL,4
CEPVL,RICR,SMDVL,4
CEPVL,RICL,CEPDL,2
CEPVL,RICL,URXL,2
CEPVL,RICL,CEPDR,2
CEPVL,RICL,CEPVR,2
CEPVL,RICL,SMDDL,4
CEPVL,RICL,OLQDR,2
CEPVL,RICL,URBR,2
BDUL,AVM,PVCL,6
PVCL,AVM,AQR,2
PVCL,AVM,PVPL,2
PVCL,PVPL,AQR,7
PVCL,PVPL,AVHR,9
CEPDL,URBL,RICL,4
CEPDL,URBL,RICR,7
CEPDL,URBL,OLQDL,4
CEPDL,URBL,RMDVL,4
CEPDL,URBL,URADL,4
CEPDL,URBL,IL1DL,4
CEPDL,URBL,RMHR,4
CEPDL,URBL,URYDL,4
CEPDL,URBL,URXL,6
CEPDL,URBL,IL1L,6
CEPDL,URYDL,RICL,6
CEPDL,URYDL,RICR,6
CEPDL,URYDL,OLQDL,6
CEPDL,URYDL,RMDVL,7
CEPDL,URYDL,URADL,6
CEPDL,URYDL,IL1DL,6
CEPDL,URYDL,RMHR,6
CEPDL,URYDL,RMDDR,4
CEPDL,RMHR,RICL,6
CEPDL,RMHR,RICR,6
CEPDL,RMHR,OLQDL,6
CEPDL,RMHR,RMDVL,6
CEPDL,RMHR,URADL,6
CEPDL,RMHR,IL1DL,6
CEPDL,IL1DL,RICL,6
CEPDL,IL1DL,RICR,6
CEPDL,IL1DL,OLQDL,6
CEPDL,IL1DL,RMDVL,7
CEPDL,IL1DL,URADL,6
CEPDL,IL1DL,IL2DL,2
CEPDL,URADL,RICL,6
CEPDL,URADL,RICR,6
CEPDL,URADL,OLQDL,6
CEPDL,URADL,RMDVL,6
CEPDL,URADL,IL2DL,2
CEPDL,RMDVL,RICL,6
CEPDL,RMDVL,RICR,6
CEPDL,RMDVL,OLQDL,6
CEPDL,RMDVL,RMGL,2
CEPDL,RMDVL,URYVR,2
CEPDL,RMDVL,RIAR,2
CEPDL,RMDVL,IL1L,2
CEPDL,RMDVL,RMDR,2
CEPDL,RMDVL,RMDDR,5
CEPDL,RMDVL,RIVL,2
CEPDL,RMDVL,IL1R,2
CEPDL,RMDVL,OLQVR,2
CEPDL,OLQDL,RICL,6
CEPDL,OLQDL,RICR,7
CEPDL,OLQDL,IL2L,2
CEPDL,OLQDL,RMDDR,4
CEPDL,OLQDL,SIBVL,4
CEPDL,RICR,RICL,6
CEPDL,RICR,SMDDL,4
CEPDL,RICR,SMDVL,4
CEPDL,RICL,URXL,2
CEPDL,RICL,CEPDR,2
CEPDL,RICL,CEPVR,2
CEPDL,RICL,OLQVL,2
CEPDL,RICL,SMDDL,4
CEPDL,RICL,OLQDR,2
CEPDL,RICL,URBR,2
ALNL,SAAVL,SMBDR,7
URXL,URBL,RICL,4
URXL,URBL,RICR,6
URXL,URBL,IL1L,6
URXL,RICL,CEPDR,2
URXL,RICL,CEPVR,2
URXL,RICL,OLQVL,2
URXL,RICL,SMDDL,4
URXL,RICL,OLQDR,2
URXL,RICL,URBR,2
AQR,PVPL,AVHR,5
PVPR,AVHL,SMBVR,9
RICL,URBR,CEPDR,2
RICL,URBR,CEPVR,2
RICL,URBR,OLQVL,2
RICL,URBR,SMDDL,4
RICL,URBR,OLQDR,2
RICL,OLQDR,CEPDR,2
RICL,OLQDR,CEPVR,2
RICL,OLQDR,OLQVL,2
RICL,OLQDR,SMDDL,4
RICL,OLQDR,RMDDL,6
RICL,SMDDL,CEPDR,4
RICL,SMDDL,CEPVR,4
RICL,SMDDL,OLQVL,4
RICL,SMDDL,RICR,2
RICL,SMDDL,OLLR,2
RICL,SMDDL,URYDR,2
RICL,SMDDL,RIAR,5
RICL,SMDDL,SAAVR,2
RICL,SMDDL,RMED,2
RICL,OLQVL,CEPDR,2
RICL,OLQVL,CEPVR,2
RICL,OLQVL,RMDVR,6
RICL,CEPVR,CEPDR,2
RICL,CEPDR,RMHL,6
RICR,SMDVL,OLQDL,4
RICR,SMDVL,URBL,4
RICR,SMDVL,SMDDL,6
RICR,SMDVL,OLLR,2
RICR,SMDVL,RIS,2
RICR,SMDVL,URYVR,2
RICR,SMDVL,RIAR,5
RICR,SMDVL,RIVL,2
RICR,SMDDL,OLQDL,4
RICR,SMDDL,URBL,4
RICR,SMDDL,OLLR,2
RICR,SMDDL,URYDR,2
RICR,SMDDL,RIAR,5
RICR,SMDDL,SAAVR,2
RICR,SMDDL,RMED,2
RICR,URBL,OLQDL,2
RICR,URBL,IL1L,6
RICR,OLQDL,IL2L,4
RICR,OLQDL,RMDDR,6
RICR,OLQDL,SIBVL,6
PVCR,AVJL,RIFR,4
PVCR,AVJL,BDUR,4
RIFR,AVJL,BDUR,2
CEPDR,RMHL,RMDR,4
OLLR,SMDVL,SMDDL,6
OLLR,SMDVL,RIS,2
OLLR,SMDVL,URYVR,2
OLLR,SMDVL,RIAR,5
OLLR,SMDVL,RIVL,2
OLLR,SMDDL,URYDR,2
OLLR,SMDDL,RIAR,5
OLLR,SMDDL,SAAVR,2
OLLR,SMDDL,RMED,2
RIS,SMDVL,AVKL,6
RIS,SMDVL,URYVR,2
RIS,SMDVL,RIAR,5
RIS,SMDVL,RIVL,2
RIS,AVKL,SAADR,4
RIS,AVKL,RMFR,2
RIS,AVKL,PVT,2
RIS,AVKL,RMFL,2
RMGL,RMDR,RMDVL,7
RMGL,RMDR,RMFL,2
RMGL,RMDR,IL1L,5
RMGL,RMDR,IL2L,2
RMGL,RMDR,RMHL,2
RMGL,RMDVL,URYVR,2
RMGL,RMDVL,RIAR,2
RMGL,RMDVL,IL1DL,2
RMGL,RMDVL,URYDL,2
RMGL,RMDVL,IL1L,2
RMGL,RMDVL,RMDDR,5
RMGL,RMDVL,RIVL,2
RMGL,RMDVL,IL1R,2
RMGL,RMDVL,OLQVR,2
URYVR,SMDVL,RMDVL,6
URYVR,SMDVL,RIAR,5
URYVR,SMDVL,RIVL,2
URYVR,RMDVL,RIAR,2
URYVR,RMDVL,IL1DL,2
URYVR,RMDVL,URYDL,2
URYVR,RMDVL,IL1L,2
URYVR,RMDVL,RMDR,2
URYVR,RMDVL,RMDDR,5
URYVR,RMDVL,RIVL,2
URYVR,RMDVL,IL1R,2
URYVR,RMDVL,OLQVR,2
URYDR,SMDDL,RMDDL,6
URYDR,SMDDL,RIAR,5
URYDR,SMDDL,SAAVR,2
URYDR,SMDDL,RMED,2
URYDR,RMDDL,RIAR,2
URYDR,RMDDL,IL1VL,2
URYDR,RMDDL,IL1L,2
URYDR,RMDDL,RMDVR,5
URYDR,RMDDL,URYVL,2
URYDR,RMDDL,OLQDR,2
AVKL,RMFL,SAADR,4
AVKL,RMFL,RMFR,2
AVKL,RMFL,PVT,7
AVKL,RMFL,RMDR,6
AVKL,RMFL,AVKR,6
AVKL,PVT,SAADR,4
AVKL,PVT,RMFR,2
AVKL,RMFR,SAADR,4
AVKL,SAADR,RIVL,2
SAADR,RIVL,RIAR,9
SAADR,RIVL,RMDVL,6
SAADR,RIVL,SMDVL,6
SAADR,RIVL,SIAVR,6
PVT,RMFL,RMDR,4
PVT,RMFL,AVKR,4
RMFL,AVKR,RMDR,6
RMFL,RMDR,RMDVL,4
RMFL,RMDR,IL1L,5
RMFL,RMDR,IL2L,2
RMFL,RMDR,RMHL,2
RIAR,RIVL,RMDVL,13
RIAR,RIVL,RMDDL,9
RIAR,RIVL,SMDDL,10
RIAR,RIVL,SMDVL,14
RIAR,RIVL,SIAVR,9
RIAR,SMDVL,RMDVL,9
RIAR,SMDVL,RMDDL,9
RIAR,SMDVL,SMDDL,10
RIAR,SMDDL,RMDVL,9
RIAR,SMDDL,RMDDL,9
RIAR,SMDDL,SAAVR,5
RIAR,SMDDL,RMED,5
RIAR,RMDDL,RMDVL,6
RIAR,RMDDL,IL1VL,2
RIAR,RMDDL,IL1L,2
RIAR,RMDDL,RMDVR,5
RIAR,RMDDL,URYVL,2
RIAR,RMDDL,OLQDR,2
RIAR,RMDVL,IL1DL,2
RIAR,RMDVL,URYDL,2
RIAR,RMDVL,IL1L,2
RIAR,RMDVL,RMDR,2
RIAR,RMDVL,RMDDR,5
RIAR,RMDVL,IL1R,2
RIAR,RMDVL,OLQVR,2
OLQDL,SIBVL,IL2L,4
OLQDL,SIBVL,RMDDR,6
OLQDL,RMDDR,IL2L,4
OLQDL,RMDDR,RMDVL,5
OLQDL,RMDDR,URYDL,2
OLQDL,IL2L,IL1L,6
OLQDL,IL2L,RMDR,6
RMDVL,OLQVR,IL1DL,2
RMDVL,OLQVR,URYDL,2
RMDVL,OLQVR,IL1L,2
RMDVL,OLQVR,RMDR,2
RMDVL,OLQVR,RMDDR,5
RMDVL,OLQVR,RIVL,2
RMDVL,OLQVR,IL1R,2
RMDVL,IL1R,IL1DL,2
RMDVL,IL1R,URYDL,2
RMDVL,IL1R,IL1L,2
RMDVL,IL1R,RMDR,2
RMDVL,IL1R,RMDDR,5
RMDVL,IL1R,RIVL,2
RMDVL,RIVL,IL1DL,2
RMDVL,RIVL,URYDL,2
RMDVL,RIVL,IL1L,2
RMDVL,RIVL,RMDR,2
RMDVL,RIVL,RMDDR,5
RMDVL,RIVL,SMDVL,6
RMDVL,RIVL,SIAVR,6
RMDVL,RMDDR,IL1DL,5
RMDVL,RMDDR,URYDL,8
RMDVL,RMDDR,IL1L,5
RMDVL,RMDDR,RMDR,5
RMDVL,RMDR,IL1DL,2
RMDVL,RMDR,URYDL,2
RMDVL,RMDR,IL1L,13
RMDVL,RMDR,IL2L,4
RMDVL,RMDR,RMHL,4
RMDVL,IL1L,IL1DL,2
RMDVL,IL1L,URYDL,2
RMDVL,IL1L,URBL,4
RMDVL,IL1L,RMDDL,6
RMDVL,IL1L,RMDVR,6
RMDVL,IL1L,IL2L,4
RMDVL,URYDL,IL1DL,2
RMDVL,IL1DL,IL2DL,4
URADL,IL2DL,IL1DL,6
URBL,IL1L,RMDDL,4
URBL,IL1L,RMDR,5
URBL,IL1L,RMDVR,4
URBL,IL1L,IL2L,2
RMDDL,OLQDR,IL1VL,2
RMDDL,OLQDR,IL1L,2
RMDDL,OLQDR,RMDVR,5
RMDDL,OLQDR,URYVL,2
RMDDL,URYVL,IL1VL,7
RMDDL,URYVL,IL1L,2
RMDDL,URYVL,RMDVR,8
RMDDL,RMDVR,IL1VL,5
RMDDL,RMDVR,IL1L,8
RMDDL,RMDVR,OLQVL,5
RMDDL,IL1L,IL1VL,2
RMDDL,IL1L,RMDR,9
RMDDL,IL1L,IL2L,4
RMDDL,IL1VL,URAVL,6
RMDDL,IL1VL,IL2VL,4
IL1VL,IL2VL,URAVL,7
IL1VL,IL2VL,URYVL,2
IL1VL,IL2VL,RMEV,6
IL1VL,IL2VL,RMEL,6
IL1VL,IL2VL,RMER,6
IL1VL,URYVL,URAVL,4
IL1VL,URYVL,RMDVR,6
IL1VL,URAVL,RMER,4
URAVL,RMER,IL2VL,7
URAVL,IL2VL,RMEV,6
URAVL,IL2VL,RMEL,6
OLQVL,RMDVR,IL1L,2
OLQVL,RMDVR,URYVL,2
IL1L,IL2L,RMDR,8
IL1L,IL2L,RMDVR,4
IL1L,RMDVR,RMDR,9
IL1L,RMDVR,URYVL,2
IL1L,RMDR,RMHL,5
RMDR,RMHL,IL2L,2
IL2VL,RMER,RMEV,6
IL2VL,RMER,RMEL,6
IL2VL,RMEL,RMEV,6
IL2VL,RMEL,IL2VR,2
IL2VL,RMEL,URAVR,2
RMEL,URAVR,IL2VR,2
SMDDL,RMED,SAAVR,2
SMDVL,RIVL,SIAVR,6
