ADAL,ADFL,AVDR,4
ADAL,ADFL,ADLL,4
ADAL,ADFL,AVDL,4
ADAL,ADFL,RICL,4
ADAL,ADFL,RIFL,4
ADAL,ADFL,ASHL,4
ADAL,ADFL,AVAR,4
ADAL,ADFL,RICR,4
ADAL,ADFL,AIBL,4
ADAL,ADFL,URXL,11
ADAL,ADFL,RMGL,2
ADAL,ADFL,RIML,2
ADAL,ADFL,FLPR,2
ADAL,ADFL,FLPL,2
ADAL,ADFL,URYVL,2
ADAL,ADFL,AIBR,2
ADAL,ADFL,AVHR,6
ADAL,ADFL,AIYL,6
ADAL,ADFL,AFDL,6
ADAL,ADFL,AIZL,4
ADAL,AIBR,AVDR,4
ADAL,AIBR,ADLL,4
ADAL,AIBR,AVDL,4
ADAL,AIBR,RICL,11
ADAL,AIBR,RIFL,4
ADAL,AIBR,ASHL,4
ADAL,AIBR,AVAR,4
ADAL,AIBR,RICR,4
ADAL,AIBR,AIBL,4
ADAL,AIBR,URXL,4
ADAL,AIBR,RMGL,2
ADAL,AIBR,RIML,2
ADAL,AIBR,FLPR,2
ADAL,AIBR,FLPL,7
ADAL,AIBR,URYVL,2
ADAL,AIBR,SAADL,6
ADAL,URYVL,AVDR,4
ADAL,URYVL,ADLL,4
ADAL,URYVL,AVDL,4
ADAL,URYVL,RICL,4
ADAL,URYVL,RIFL,4
ADAL,URYVL,ASHL,4
ADAL,URYVL,AVAR,4
ADAL,URYVL,RICR,4
ADAL,URYVL,AIBL,4
ADAL,URYVL,URXL,4
ADAL,URYVL,RMGL,2
ADAL,URYVL,RIML,2
ADAL,URYVL,FLPR,2
ADAL,URYVL,FLPL,2
ADAL,URYVL,CEPVL,6
ADAL,URYVL,RIAL,6
ADAL,URYVL,OLLL,6
ADAL,URYVL,SIBDL,6
ADAL,URYVL,RIH,4
ADAL,URYVL,IL1VL,4
ADAL,URYVL,RIS,4
ADAL,URYVL,SIBVL,6
ADAL,URYVL,SIBVR,6
ADAL,FLPL,AVDR,4
ADAL,FLPL,ADLL,4
ADAL,FLPL,AVDL,4
ADAL,FLPL,RICL,4
ADAL,FLPL,RIFL,4
ADAL,FLPL,ASHL,4
ADAL,FLPL,AVAR,4
ADAL,FLPL,RICR,4
ADAL,FLPL,AIBL,4
ADAL,FLPL,URXL,4
ADAL,FLPL,RMGL,2
ADAL,FLPL,RIML,2
ADAL,FLPL,FLPR,2
ADAL,FLPL,ADAR,6
ADAL,FLPL,ADER,6
ADAL,FLPL,SDQL,4
ADAL,FLPL,AVEL,6
ADAL,FLPR,AVDR,4
ADAL,FLPR,ADLL,4
ADAL,FLPR,AVDL,4
ADAL,FLPR,RICL,4
ADAL,FLPR,RIFL,4
ADAL,FLPR,ASHL,4
ADAL,FLPR,AVAR,4
ADAL,FLPR,RICR,4
ADAL,FLPR,AIBL,7
ADAL,FLPR,URXL,4
ADAL,FLPR,RMGL,2
ADAL,FLPR,RIML,2
ADAL,FLPR,ADEL,6
ADAL,RIML,AVDR,4
ADAL,RIML,ADLL,4
ADAL,RIML,AVDL,4
ADAL,RIML,RICL,4
ADAL,RIML,RIFL,4
ADAL,RIML,ASHL,11
ADAL,RIML,AVAR,4
ADAL,RIML,RICR,4
ADAL,RIML,AIBL,4
ADAL,RIML,URXL,4
ADAL,RIML,RMGL,2
ADAL,RIML,AVHR,4
ADAL,RIML,SAADL,6
ADAL,RIML,HSNL,4
ADAL,RIML,RIBL,4
ADAL,RIML,RIGL,6
ADAL,RIML,AVKR,6
ADAL,RIML,AVER,6
ADAL,RIML,PVPL,4
ADAL,RMGL,AVDR,4
ADAL,RMGL,ADLL,4
ADAL,RMGL,AVDL,4
ADAL,RMGL,RICL,4
ADAL,RMGL,RIFL,4
ADAL,RMGL,ASHL,12
ADAL,RMGL,AVAR,4
ADAL,RMGL,RICR,4
ADAL,RMGL,AIBL,4
ADAL,RMGL,URXL,4
ADAL,RMGL,SIBDR,6
ADAL,RMGL,CEPVL,4
ADAL,RMGL,RMDR,4
ADAL,RMGL,AVBL,6
ADAL,RMGL,AVJR,6
ADAL,RMGL,SAADR,9
ADAL,RMGL,AIML,4
ADAL,RMGL,AVFR,9
ADAL,RMGL,RIR,4
ADAL,RMGL,RMDDR,6
ADAL,RMGL,AVBR,6
ADAL,RMGL,PVQL,4
ADAL,RMGL,AVEL,4
ADAL,RMGL,AVKR,4
ADAL,RMGL,RMFR,6
ADAL,RMGL,SIAVL,6
ADAL,RMGL,SIBVL,6
ADAL,RMGL,SIBVR,6
ADAL,URXL,AVDR,6
ADAL,URXL,ADLL,6
ADAL,URXL,AVDL,6
ADAL,URXL,RICL,6
ADAL,URXL,RIFL,6
ADAL,URXL,ASHL,7
ADAL,URXL,AVAR,6
ADAL,URXL,RICR,7
ADAL,URXL,AIBL,6
ADAL,URXL,CEPVL,2
ADAL,URXL,IL2L,2
ADAL,URXL,RMHR,2
ADAL,URXL,AVHR,2
ADAL,URXL,AVBL,4
ADAL,URXL,OLQVL,4
ADAL,URXL,AIML,4
ADAL,URXL,DVA,2
ADAL,URXL,RIGL,2
ADAL,URXL,AVAL,4
ADAL,URXL,CEPDL,4
ADAL,URXL,IL2VL,2
ADAL,AIBL,AVDR,6
ADAL,AIBL,ADLL,6
ADAL,AIBL,AVDL,6
ADAL,AIBL,RICL,8
ADAL,AIBL,RIFL,6
ADAL,AIBL,ASHL,6
ADAL,AIBL,AVAR,6
ADAL,AIBL,RICR,7
ADAL,AIBL,AIYL,2
ADAL,AIBL,AIAL,4
ADAL,AIBL,ADAR,4
ADAL,AIBL,AWCL,4
ADAL,AIBL,DVC,4
ADAL,AIBL,SIBDL,4
ADAL,AIBL,SAAVL,5
ADAL,AIBL,SAADR,4
ADAL,AIBL,RMFL,2
ADAL,AIBL,AIML,2
ADAL,AIBL,SAADL,2
ADAL,RICR,AVDR,6
ADAL,RICR,ADLL,6
ADAL,RICR,AVDL,6
ADAL,RICR,RICL,6
ADAL,RICR,RIFL,6
ADAL,RICR,ASHL,6
ADAL,RICR,AVAR,6
ADAL,RICR,ALML,2
ADAL,RICR,RMFL,4
ADAL,RICR,SDQL,2
ADAL,AVAR,AVDR,6
ADAL,AVAR,ADLL,7
ADAL,AVAR,AVDL,6
ADAL,AVAR,RICL,6
ADAL,AVAR,RIFL,6
ADAL,AVAR,ASHL,7
ADAL,AVAR,ADEL,4
ADAL,AVAR,AVHL,2
ADAL,AVAR,SAADL,2
ADAL,AVAR,RIGL,4
ADAL,ASHL,AVDR,6
ADAL,ASHL,ADLL,6
ADAL,ASHL,AVDL,6
ADAL,ASHL,RICL,6
ADAL,ASHL,RIFL,8
ADAL,ASHL,AVHR,5
ADAL,ASHL,AWAL,2
ADAL,ASHL,AWBL,2
ADAL,ASHL,ASEL,2
ADAL,ASHL,AIAL,2
ADAL,ASHL,RIR,5
ADAL,ASHL,HSNR,2
ADAL,ASHL,HSNL,4
ADAL,ASHL,AVBR,4
ADAL,ASHL,ASHR,5
ADAL,RIFL,AVDR,6
ADAL,RIFL,ADLL,7
ADAL,RIFL,AVDL,6
ADAL,RIFL,RICL,6
ADAL,RIFL,RIAL,4
ADAL,RIFL,ALML,2
ADAL,RIFL,AVHR,4
ADAL,RIFL,AWAL,2
ADAL,RIFL,AIML,2
ADAL,RIFL,AVFR,4
ADAL,RIFL,AVJL,4
ADAL,RIFL,HSNL,4
ADAL,RIFL,PVCR,4
ADAL,RICL,AVDR,6
ADAL,RICL,ADLL,6
ADAL,RICL,AVDL,6
ADAL,RICL,ADAR,2
ADAL,RICL,SAAVL,4
ADAL,RICL,URXR,2
ADAL,RICL,CEPDL,4
ADAL,RICL,RMFR,4
ADAL,RICL,ALMR,2
ADAL,RICL,SDQR,2
ADAL,AVDL,AVDR,6
ADAL,AVDL,ADLL,6
ADAL,AVDL,ALML,2
ADAL,AVDL,ADAR,2
ADAL,AVDL,AVJL,2
ADAL,AVDL,PVPR,2
ADAL,AVDL,AUAR,2
ADAL,AVDL,RIBR,2
ADAL,ADLL,AVDR,6
ADAL,ADLL,SMBVL,4
ADAL,ADLL,ASER,4
ADAL,ADLL,AVBL,4
ADAL,ADLL,OLQVL,4
ADAL,ADLL,AWAL,4
ADAL,ADLL,AVJR,4
ADAL,ADLL,ASKL,4
ADAL,ADLL,AWBL,4
ADAL,ADLL,RIPL,4
ADAL,ADLL,ASIL,2
ADAL,ADLL,ASEL,2
ADAL,AVDR,AUAL,2
ADAL,AVDR,RIBL,2
ADAL,AVDR,PVPL,2
AVDR,PVPL,AUAL,2
AVDR,PVPL,RIBL,2
AVDR,PVPL,RIML,6
AVDR,PVPL,RIR,4
AVDR,PVPL,DVA,4
AVDR,RIBL,AUAL,2
AVDR,RIBL,RIML,6
AVDR,RIBL,CEPVL,4
AVDR,RIBL,AIZL,6
AVDR,RIBL,RIH,6
AVDR,RIBL,SMDDR,6
AVDR,RIBL,RIGL,6
AVDR,RIBL,IL2DL,4
AVDR,RIBL,URYDL,9
AVDR,RIBL,CEPDL,4
AVDR,RIBL,RMED,4
AVDR,AUAL,AIYL,6
AVDR,AUAL,AIZL,6
AVDR,AUAL,IL2DL,4
ADLL,ASEL,RIFL,4
ADLL,ASEL,AVAR,4
ADLL,ASEL,SMBVL,4
ADLL,ASEL,ASER,12
ADLL,ASEL,AVBL,4
ADLL,ASEL,OLQVL,4
ADLL,ASEL,AWAL,4
ADLL,ASEL,AVJR,4
ADLL,ASEL,ASKL,4
ADLL,ASEL,AWBL,4
ADLL,ASEL,RIPL,4
ADLL,ASEL,ASIL,2
ADLL,ASEL,ASHL,6
ADLL,ASEL,AFDL,9
ADLL,ASEL,ASIR,4
ADLL,ASEL,AIAR,9
ADLL,ASEL,RIAR,6
ADLL,ASEL,AFDR,4
ADLL,ASEL,ADLR,4
ADLL,ASEL,AIYR,4
ADLL,ASIL,RIFL,4
ADLL,ASIL,AVAR,4
ADLL,ASIL,SMBVL,4
ADLL,ASIL,ASER,7
ADLL,ASIL,AVBL,4
ADLL,ASIL,OLQVL,4
ADLL,ASIL,AWAL,4
ADLL,ASIL,AVJR,4
ADLL,ASIL,ASKL,7
ADLL,ASIL,AWBL,4
ADLL,ASIL,RIPL,4
ADLL,ASIL,AIAL,4
ADLL,ASIL,AIAR,6
ADLL,RIPL,RIFL,6
ADLL,RIPL,AVAR,6
ADLL,RIPL,SMBVL,6
ADLL,RIPL,ASER,6
ADLL,RIPL,AVBL,6
ADLL,RIPL,OLQVL,6
ADLL,RIPL,AWAL,6
ADLL,RIPL,AVJR,6
ADLL,RIPL,ASKL,6
ADLL,RIPL,AWBL,6
ADLL,RIPL,CEPDL,2
ADLL,AWBL,RIFL,6
ADLL,AWBL,AVAR,6
ADLL,AWBL,SMBVL,6
ADLL,AWBL,ASER,6
ADLL,AWBL,AVBL,7
ADLL,AWBL,OLQVL,6
ADLL,AWBL,AWAL,6
ADLL,AWBL,AVJR,6
ADLL,AWBL,ASKL,6
ADLL,AWBL,ASHL,4
ADLL,AWBL,AVHR,4
ADLL,AWBL,AIYL,2
ADLL,AWBL,RIR,4
ADLL,AWBL,HSNR,2
ADLL,AWBL,HSNL,4
ADLL,AWBL,SMBDL,4
ADLL,ASKL,RIFL,6
ADLL,ASKL,AVAR,6
ADLL,ASKL,SMBVL,6
ADLL,ASKL,ASER,6
ADLL,ASKL,AVBL,6
ADLL,ASKL,OLQVL,6
ADLL,ASKL,AWAL,6
ADLL,ASKL,AVJR,6
ADLL,AVJR,RIFL,6
ADLL,AVJR,AVAR,6
ADLL,AVJR,SMBVL,6
ADLL,AVJR,ASER,6
ADLL,AVJR,AVBL,6
ADLL,AVJR,OLQVL,6
ADLL,AVJR,AWAL,6
ADLL,AVJR,RMGL,2
ADLL,AWAL,RIFL,7
ADLL,AWAL,AVAR,6
ADLL,AWAL,SMBVL,6
ADLL,AWAL,ASER,6
ADLL,AWAL,AVBL,6
ADLL,AWAL,OLQVL,6
ADLL,AWAL,ASHL,4
ADLL,AWAL,AIZL,2
ADLL,AWAL,ASGL,4
ADLL,OLQVL,RIFL,6
ADLL,OLQVL,AVAR,6
ADLL,OLQVL,SMBVL,6
ADLL,OLQVL,ASER,6
ADLL,OLQVL,AVBL,6
ADLL,OLQVL,URXL,2
ADLL,OLQVL,IL2L,4
ADLL,OLQVL,RMDVR,2
ADLL,OLQVL,IL1VL,2
ADLL,OLQVL,RMHL,4
ADLL,AVBL,RIFL,6
ADLL,AVBL,AVAR,6
ADLL,AVBL,SMBVL,6
ADLL,AVBL,ASER,6
ADLL,AVBL,URXL,2
ADLL,AVBL,RMGL,2
ADLL,AVBL,AVHL,2
ADLL,AVBL,BDUL,2
ADLL,AVBL,URBL,2
ADLL,AVBL,AVHR,2
ADLL,AVBL,AVFR,2
ADLL,AVBL,ASHR,2
ADLL,AVBL,PVQL,2
ADLL,AVBL,RMGR,2
ADLL,ASER,RIFL,6
ADLL,ASER,AVAR,6
ADLL,ASER,SMBVL,6
ADLL,ASER,RIAL,4
ADLL,ASER,AIYL,2
ADLL,ASER,AFDL,2
ADLL,ASER,AIAL,5
ADLL,SMBVL,RIFL,6
ADLL,SMBVL,AVAR,6
ADLL,SMBVL,ADEL,2
ADLL,SMBVL,CEPVL,2
ADLL,SMBVL,RIAL,4
ADLL,SMBVL,URBL,2
ADLL,SMBVL,AVHR,4
ADLL,SMBVL,SAADL,2
ADLL,SMBVL,DVA,2
ADLL,SMBVL,SMBDL,4
ADLL,SMBVL,RMDVR,2
ADLL,AVAR,RIFL,6
ADLL,AVAR,ASHL,2
ADLL,AVAR,ADEL,4
ADLL,AVAR,AVHL,2
ADLL,AVAR,SAADL,2
ADLL,AVAR,RIGL,4
ADLL,RIFL,ASHL,5
ADLL,RIFL,RIAL,4
ADLL,RIFL,ALML,2
ADLL,RIFL,AVHR,4
ADLL,RIFL,AIML,2
ADLL,RIFL,AVFR,4
ADLL,RIFL,AVJL,4
ADLL,RIFL,HSNL,4
ADLL,RIFL,PVCR,4
AVDL,RIBR,ALML,2
AVDL,RIBR,ADAR,2
AVDL,RIBR,AVJL,2
AVDL,RIBR,PVPR,2
AVDL,RIBR,AUAR,2
AVDL,RIBR,SMDDL,6
AVDL,AUAR,ALML,2
AVDL,AUAR,ADAR,2
AVDL,AUAR,AVJL,2
AVDL,AUAR,PVPR,2
AVDL,PVPR,ALML,2
AVDL,PVPR,ADAR,2
AVDL,PVPR,AVJL,2
AVDL,AVJL,ALML,2
AVDL,AVJL,ADAR,2
AVDL,AVJL,RIFL,4
AVDL,AVJL,AIML,4
AVDL,AVJL,ADLR,4
AVDL,AVJL,RMGR,4
AVDL,AVJL,PVNL,4
AVDL,ADAR,ALML,2
AVDL,ADAR,RICL,6
AVDL,ADAR,AIBL,4
AVDL,ADAR,FLPL,4
AVDL,ADAR,AVAL,6
AVDL,ALML,RIFL,6
AVDL,ALML,RICR,6
AVDL,ALML,ADEL,6
AVDL,ALML,PVCR,6
AVDL,ALML,RMDDR,6
AVDL,ALML,PVNR,4
RICL,SDQR,AIBL,5
RICL,SDQR,AIBR,4
RICL,SDQR,ADAR,2
RICL,SDQR,SAAVL,4
RICL,SDQR,URXR,2
RICL,SDQR,CEPDL,4
RICL,SDQR,RMFR,4
RICL,SDQR,ALMR,2
RICL,SDQR,SDQL,9
RICL,ALMR,AIBL,5
RICL,ALMR,AIBR,4
RICL,ALMR,ADAR,2
RICL,ALMR,SAAVL,4
RICL,ALMR,URXR,2
RICL,ALMR,CEPDL,4
RICL,ALMR,RMFR,4
RICL,ALMR,PVCL,6
RICL,ALMR,PVNL,4
RICL,ALMR,RMDDL,6
RICL,RMFR,AIBL,9
RICL,RMFR,AIBR,6
RICL,RMFR,ADAR,4
RICL,RMFR,SAAVL,6
RICL,RMFR,URXR,4
RICL,RMFR,CEPDL,6
RICL,RMFR,RMGL,2
RICL,RMFR,CEPVL,2
RICL,RMFR,SAADL,2
RICL,CEPDL,AIBL,9
RICL,CEPDL,AIBR,6
RICL,CEPDL,ADAR,4
RICL,CEPDL,SAAVL,6
RICL,CEPDL,URXR,4
RICL,CEPDL,URXL,2
RICL,CEPDL,SIBDR,4
RICL,CEPDL,IL1L,4
RICL,CEPDL,RIPL,4
RICL,CEPDL,RIH,4
RICL,CEPDL,RIBL,4
RICL,CEPDL,SMDDR,2
RICL,CEPDL,IL2DL,4
RICL,URXR,AIBL,5
RICL,URXR,AIBR,4
RICL,URXR,ADAR,2
RICL,URXR,SAAVL,4
RICL,URXR,AVHL,4
RICL,URXR,RMHL,4
RICL,SAAVL,AIBL,14
RICL,SAAVL,AIBR,6
RICL,SAAVL,ADAR,4
RICL,SAAVL,DVA,2
RICL,SAAVL,SMBDR,4
RICL,ADAR,AIBL,12
RICL,ADAR,AIBR,4
RICL,ADAR,FLPL,4
RICL,ADAR,AVAL,6
RICL,AIBR,AIBL,9
RICL,AIBR,FLPL,2
RICL,AIBR,SAADL,4
RICL,AIBL,RICR,5
RICL,AIBL,FLPR,5
RICL,AIBL,AIYL,5
RICL,AIBL,AIAL,9
RICL,AIBL,AWCL,9
RICL,AIBL,DVC,9
RICL,AIBL,SIBDL,9
RICL,AIBL,SAADR,9
RICL,AIBL,RMFL,5
RICL,AIBL,AIML,5
RICL,AIBL,SAADL,5
RIFL,PVCR,ASHL,9
RIFL,PVCR,RIAL,6
RIFL,PVCR,ALML,7
RIFL,PVCR,AVHR,6
RIFL,PVCR,AWAL,4
RIFL,PVCR,AIML,4
RIFL,PVCR,AVFR,6
RIFL,PVCR,AVJL,6
RIFL,PVCR,HSNL,6
RIFL,HSNL,ASHL,13
RIFL,HSNL,RIAL,6
RIFL,HSNL,ALML,4
RIFL,HSNL,AVHR,6
RIFL,HSNL,AWAL,4
RIFL,HSNL,AIML,4
RIFL,HSNL,AVFR,8
RIFL,HSNL,AVJL,6
RIFL,HSNL,RIML,4
RIFL,HSNL,BDUL,5
RIFL,HSNL,AIZL,4
RIFL,HSNL,AWBL,2
RIFL,HSNL,HSNR,5
RIFL,HSNL,ASHR,4
RIFL,HSNL,ASJL,2
RIFL,HSNL,PVQL,4
RIFL,HSNL,AWBR,4
RIFL,HSNL,AIZR,4
RIFL,AVJL,ASHL,9
RIFL,AVJL,RIAL,6
RIFL,AVJL,ALML,4
RIFL,AVJL,AVHR,6
RIFL,AVJL,AWAL,4
RIFL,AVJL,AIML,7
RIFL,AVJL,AVFR,6
RIFL,AVJL,ADLR,2
RIFL,AVJL,RMGR,2
RIFL,AVJL,PVNL,2
RIFL,AVFR,ASHL,9
RIFL,AVFR,RIAL,6
RIFL,AVFR,ALML,4
RIFL,AVFR,AVHR,6
RIFL,AVFR,AWAL,4
RIFL,AVFR,AIML,7
RIFL,AVFR,RMGL,5
RIFL,AVFR,AVBL,4
RIFL,AIML,ASHL,5
RIFL,AIML,RIAL,4
RIFL,AIML,ALML,2
RIFL,AIML,AVHR,4
RIFL,AIML,AWAL,2
RIFL,AIML,AIBL,6
RIFL,AIML,URXL,4
RIFL,AIML,RMGL,6
RIFL,AIML,AVHL,6
RIFL,AIML,ASGL,4
RIFL,AWAL,ASHL,8
RIFL,AWAL,RIAL,4
RIFL,AWAL,ALML,2
RIFL,AWAL,AVHR,4
RIFL,AWAL,AIZL,4
RIFL,AWAL,ASGL,6
RIFL,AVHR,ASHL,14
RIFL,AVHR,RIAL,6
RIFL,AVHR,ALML,4
RIFL,AVHR,URXL,4
RIFL,AVHR,RIML,4
RIFL,AVHR,ADFL,2
RIFL,AVHR,SMBVL,2
RIFL,AVHR,AVBL,4
RIFL,AVHR,AWBL,2
RIFL,AVHR,AVAL,4
RIFL,AVHR,SMBDL,4
RIFL,ALML,ASHL,5
RIFL,ALML,RIAL,4
RIFL,ALML,RICR,6
RIFL,ALML,ADEL,6
RIFL,ALML,RMDDR,6
RIFL,ALML,PVNR,4
RIFL,RIAL,ASHL,9
RIFL,RIAL,URYVL,2
RIFL,RIAL,ADEL,2
RIFL,RIAL,CEPVL,5
RIFL,RIAL,IL1L,4
RIFL,RIAL,SMBVL,2
RIFL,RIAL,AIZL,4
RIFL,RIAL,ASER,2
RIFL,RIAL,BAGR,4
RIFL,RIAL,SAADL,4
RIFL,RIAL,AWCR,2
RIFL,RIAL,RIR,4
RIFL,RIAL,RIGL,2
RIFL,RIAL,SDQL,4
RIFL,RIAL,SMBDR,4
RIFL,ASHL,AVAR,9
RIFL,ASHL,URXL,5
RIFL,ASHL,RMGL,10
RIFL,ASHL,RIML,9
RIFL,ASHL,AWBL,5
RIFL,ASHL,ASEL,5
RIFL,ASHL,AIAL,5
RIFL,ASHL,RIR,10
RIFL,ASHL,HSNR,5
RIFL,ASHL,AVBR,9
RIFL,ASHL,ASHR,10
ASHL,ASHR,AVAR,9
ASHL,ASHR,URXL,5
ASHL,ASHR,RMGL,10
ASHL,ASHR,RIML,9
ASHL,ASHR,AVHR,10
ASHL,ASHR,AWAL,5
ASHL,ASHR,AWBL,5
ASHL,ASHR,ASEL,5
ASHL,ASHR,AIAL,5
ASHL,ASHR,RIR,10
ASHL,ASHR,HSNR,5
ASHL,ASHR,HSNL,12
ASHL,ASHR,AVBR,9
ASHL,ASHR,AVHL,10
ASHL,ASHR,AVBL,9
ASHL,ASHR,AVAL,9
ASHL,AVBR,AVAR,6
ASHL,AVBR,URXL,4
ASHL,AVBR,RMGL,13
ASHL,AVBR,RIML,6
ASHL,AVBR,AVHR,9
ASHL,AVBR,AWAL,4
ASHL,AVBR,AWBL,4
ASHL,AVBR,ASEL,4
ASHL,AVBR,AIAL,4
ASHL,AVBR,RIR,9
ASHL,AVBR,HSNR,4
ASHL,AVBR,HSNL,6
ASHL,AVBR,AVHL,2
ASHL,AVBR,AVFL,2
ASHL,HSNL,AVAR,6
ASHL,HSNL,URXL,4
ASHL,HSNL,RMGL,9
ASHL,HSNL,RIML,7
ASHL,HSNL,AVHR,9
ASHL,HSNL,AWAL,4
ASHL,HSNL,AWBL,7
ASHL,HSNL,ASEL,4
ASHL,HSNL,AIAL,4
ASHL,HSNL,RIR,9
ASHL,HSNL,HSNR,12
ASHL,HSNL,BDUL,5
ASHL,HSNL,AIZL,4
ASHL,HSNL,AVFR,5
ASHL,HSNL,ASJL,2
ASHL,HSNL,PVQL,4
ASHL,HSNL,AWBR,4
ASHL,HSNL,AIZR,4
ASHL,HSNR,AVAR,4
ASHL,HSNR,URXL,2
ASHL,HSNR,RMGL,5
ASHL,HSNR,RIML,4
ASHL,HSNR,AVHR,5
ASHL,HSNR,AWAL,2
ASHL,HSNR,AWBL,7
ASHL,HSNR,ASEL,2
ASHL,HSNR,AIAL,2
ASHL,HSNR,RIR,5
ASHL,HSNR,AIZL,6
ASHL,HSNR,AVFL,9
ASHL,RIR,AVAR,9
ASHL,RIR,URXL,5
ASHL,RIR,RMGL,14
ASHL,RIR,RIML,9
ASHL,RIR,AVHR,10
ASHL,RIR,AWAL,5
ASHL,RIR,AWBL,8
ASHL,RIR,ASEL,5
ASHL,RIR,AIAL,5
ASHL,RIR,RIAL,5
ASHL,RIR,AIYL,5
ASHL,RIR,AVEL,9
ASHL,RIR,BAGL,9
ASHL,RIR,PVPL,9
ASHL,AIAL,AVAR,4
ASHL,AIAL,URXL,2
ASHL,AIAL,RMGL,5
ASHL,AIAL,RIML,4
ASHL,AIAL,AVHR,5
ASHL,AIAL,AWAL,2
ASHL,AIAL,AWBL,2
ASHL,AIAL,ASEL,2
ASHL,AIAL,AIBL,4
ASHL,AIAL,AIZL,6
ASHL,AIAL,ASER,9
ASHL,AIAL,ASIL,6
ASHL,AIAL,AINR,4
ASHL,AIAL,ASIR,4
ASHL,ASEL,AVAR,4
ASHL,ASEL,URXL,2
ASHL,ASEL,RMGL,5
ASHL,ASEL,RIML,4
ASHL,ASEL,AVHR,5
ASHL,ASEL,AWAL,2
ASHL,ASEL,AWBL,2
ASHL,ASEL,AFDL,9
ASHL,ASEL,ASER,9
ASHL,ASEL,ASIR,4
ASHL,ASEL,AIAR,9
ASHL,ASEL,RIAR,6
ASHL,ASEL,AFDR,4
ASHL,ASEL,ADLR,4
ASHL,ASEL,AIYR,4
ASHL,AWBL,AVAR,4
ASHL,AWBL,URXL,2
ASHL,AWBL,RMGL,5
ASHL,AWBL,RIML,4
ASHL,AWBL,AVHR,8
ASHL,AWBL,AWAL,2
ASHL,AWBL,AIYL,4
ASHL,AWBL,AVBL,6
ASHL,AWBL,SMBDL,6
ASHL,AWAL,AVAR,4
ASHL,AWAL,URXL,2
ASHL,AWAL,RMGL,5
ASHL,AWAL,RIML,4
ASHL,AWAL,AVHR,5
ASHL,AWAL,AIZL,4
ASHL,AWAL,ASGL,6
ASHL,AVHR,AVAR,9
ASHL,AVHR,URXL,12
ASHL,AVHR,RMGL,10
ASHL,AVHR,RIML,13
ASHL,AVHR,ADFL,5
ASHL,AVHR,SMBVL,5
ASHL,AVHR,AVBL,9
ASHL,AVHR,AVAL,9
ASHL,AVHR,SMBDL,9
ASHL,RIML,AVAR,6
ASHL,RIML,URXL,4
ASHL,RIML,RMGL,9
ASHL,RIML,SAADL,4
ASHL,RIML,RIBL,2
ASHL,RIML,RIGL,4
ASHL,RIML,AVKR,4
ASHL,RIML,AVER,4
ASHL,RIML,PVPL,2
ASHL,RMGL,AVAR,9
ASHL,RMGL,URXL,5
ASHL,RMGL,SIBDR,9
ASHL,RMGL,CEPVL,5
ASHL,RMGL,RMDR,5
ASHL,RMGL,AVBL,9
ASHL,RMGL,AVJR,9
ASHL,RMGL,SAADR,10
ASHL,RMGL,AIML,5
ASHL,RMGL,AVFR,10
ASHL,RMGL,RMDDR,9
ASHL,RMGL,PVQL,5
ASHL,RMGL,AVEL,5
ASHL,RMGL,AVKR,5
ASHL,RMGL,RMFR,9
ASHL,RMGL,SIAVL,9
ASHL,RMGL,SIBVL,9
ASHL,RMGL,SIBVR,9
ASHL,URXL,AVAR,4
ASHL,URXL,RICR,6
ASHL,URXL,ADFL,6
ASHL,URXL,CEPVL,4
ASHL,URXL,IL2L,4
ASHL,URXL,RMHR,4
ASHL,URXL,AVBL,6
ASHL,URXL,OLQVL,6
ASHL,URXL,AIML,6
ASHL,URXL,DVA,4
ASHL,URXL,RIGL,4
ASHL,URXL,AVAL,6
ASHL,URXL,CEPDL,6
ASHL,URXL,IL2VL,4
ASHL,AVAR,ADEL,4
ASHL,AVAR,AVHL,2
ASHL,AVAR,SAADL,2
ASHL,AVAR,RIGL,4
AVAR,RIGL,ADEL,6
AVAR,RIGL,AVHL,4
AVAR,RIGL,SAADL,4
AVAR,RIGL,URXL,4
AVAR,RIGL,RIML,2
AVAR,RIGL,RIAL,4
AVAR,RIGL,RMHR,2
AVAR,RIGL,ALNL,4
AVAR,RIGL,DVC,4
AVAR,RIGL,DVA,4
AVAR,RIGL,RIBL,2
AVAR,RIGL,AVKL,4
AVAR,RIGL,AVER,4
AVAR,RIGL,AIZR,4
AVAR,RIGL,AQR,2
AVAR,SAADL,ADEL,4
AVAR,SAADL,AVHL,2
AVAR,SAADL,AIBL,6
AVAR,SAADL,RIML,4
AVAR,SAADL,AIBR,4
AVAR,SAADL,RIAL,4
AVAR,SAADL,SMBVL,6
AVAR,SAADL,RMGR,9
AVAR,SAADL,RMFR,6
AVAR,SAADL,PLNL,6
AVAR,AVHL,ADEL,11
AVAR,AVHL,AVBL,6
AVAR,AVHL,AIML,4
AVAR,AVHL,DVA,6
AVAR,AVHL,AVBR,6
AVAR,AVHL,ASHR,9
AVAR,AVHL,RIMR,6
AVAR,AVHL,RIFR,4
AVAR,AVHL,SMBDR,6
AVAR,AVHL,URXR,6
AVAR,AVHL,SMBVR,4
AVAR,AVHL,ADFR,4
AVAR,AVHL,AWBR,4
AVAR,ADEL,FLPR,2
AVAR,ADEL,SIBDR,4
AVAR,ADEL,CEPVL,4
AVAR,ADEL,SIADR,4
AVAR,ADEL,IL1L,4
AVAR,ADEL,RIAL,4
AVAR,ADEL,IL2L,5
AVAR,ADEL,SMBVL,4
AVAR,ADEL,BDUL,4
AVAR,ADEL,RMHR,4
AVAR,ADEL,ALNL,4
AVAR,ADEL,RMDR,5
AVAR,ADEL,URBL,4
AVAR,ADEL,ALML,2
AVAR,ADEL,OLLL,2
RICR,SDQL,AIBL,4
RICR,SDQL,URXL,2
RICR,SDQL,ALML,2
RICR,SDQL,RMFL,4
RICR,SDQL,FLPL,6
RICR,SDQL,RIAL,4
RICR,SDQL,AVAL,6
RICR,SDQL,SDQR,9
RICR,RMFL,AIBL,7
RICR,RMFL,URXL,4
RICR,RMFL,ALML,4
RICR,RMFL,DVC,4
RICR,RMFL,SAADR,2
RICR,RMFL,RMGR,2
RICR,RMFL,RMDL,5
RICR,RMFL,CEPVR,2
RICR,ALML,AIBL,4
RICR,ALML,URXL,2
RICR,ALML,ADEL,6
RICR,ALML,PVCR,6
RICR,ALML,RMDDR,6
RICR,ALML,PVNR,4
RICR,URXL,AIBL,4
RICR,URXL,ADFL,6
RICR,URXL,CEPVL,4
RICR,URXL,IL2L,4
RICR,URXL,RMHR,4
RICR,URXL,AVHR,4
RICR,URXL,AVBL,6
RICR,URXL,OLQVL,6
RICR,URXL,AIML,6
RICR,URXL,DVA,4
RICR,URXL,RIGL,4
RICR,URXL,AVAL,6
RICR,URXL,CEPDL,6
RICR,URXL,IL2VL,4
RICR,AIBL,FLPR,2
RICR,AIBL,AIYL,2
RICR,AIBL,AIAL,4
RICR,AIBL,ADAR,4
RICR,AIBL,AWCL,4
RICR,AIBL,DVC,4
RICR,AIBL,SIBDL,4
RICR,AIBL,SAAVL,5
RICR,AIBL,SAADR,4
RICR,AIBL,AIML,2
RICR,AIBL,SAADL,2
AIBL,SAADL,FLPR,2
AIBL,SAADL,AIYL,2
AIBL,SAADL,AIAL,4
AIBL,SAADL,ADAR,4
AIBL,SAADL,AWCL,4
AIBL,SAADL,DVC,4
AIBL,SAADL,SIBDL,4
AIBL,SAADL,SAAVL,5
AIBL,SAADL,SAADR,4
AIBL,SAADL,RMFL,2
AIBL,SAADL,AIML,2
AIBL,SAADL,RIML,4
AIBL,SAADL,AIBR,4
AIBL,SAADL,RIAL,4
AIBL,SAADL,SMBVL,6
AIBL,SAADL,RMGR,9
AIBL,SAADL,RMFR,6
AIBL,SAADL,PLNL,6
AIBL,AIML,FLPR,2
AIBL,AIML,AIYL,2
AIBL,AIML,AIAL,4
AIBL,AIML,ADAR,4
AIBL,AIML,AWCL,4
AIBL,AIML,DVC,4
AIBL,AIML,SIBDL,4
AIBL,AIML,SAAVL,5
AIBL,AIML,SAADR,4
AIBL,AIML,RMFL,2
AIBL,AIML,URXL,4
AIBL,AIML,RMGL,6
AIBL,AIML,AVHL,6
AIBL,AIML,AVFR,6
AIBL,AIML,AVJL,6
AIBL,AIML,ASGL,4
AIBL,RMFL,FLPR,2
AIBL,RMFL,AIYL,2
AIBL,RMFL,AIAL,4
AIBL,RMFL,ADAR,4
AIBL,RMFL,AWCL,4
AIBL,RMFL,DVC,7
AIBL,RMFL,SIBDL,4
AIBL,RMFL,SAAVL,5
AIBL,RMFL,SAADR,11
AIBL,RMFL,RMGR,4
AIBL,RMFL,RMDL,9
AIBL,RMFL,CEPVR,4
AIBL,SAADR,FLPR,4
AIBL,SAADR,AIYL,4
AIBL,SAADR,AIAL,6
AIBL,SAADR,ADAR,6
AIBL,SAADR,AWCL,6
AIBL,SAADR,DVC,6
AIBL,SAADR,SIBDL,6
AIBL,SAADR,SAAVL,9
AIBL,SAADR,RMGL,5
AIBL,SAADR,AVAL,4
AIBL,SAAVL,FLPR,5
AIBL,SAAVL,AIYL,5
AIBL,SAAVL,AIAL,9
AIBL,SAAVL,ADAR,9
AIBL,SAAVL,AWCL,9
AIBL,SAAVL,DVC,9
AIBL,SAAVL,SIBDL,9
AIBL,SAAVL,DVA,5
AIBL,SAAVL,SMBDR,9
AIBL,SIBDL,FLPR,4
AIBL,SIBDL,AIYL,4
AIBL,SIBDL,AIAL,6
AIBL,SIBDL,ADAR,6
AIBL,SIBDL,AWCL,6
AIBL,SIBDL,DVC,6
AIBL,SIBDL,URYVL,2
AIBL,SIBDL,ADER,2
AIBL,SIBDL,RMGR,2
AIBL,SIBDL,SMDDL,2
AIBL,SIBDL,CEPDR,2
AIBL,DVC,FLPR,4
AIBL,DVC,AIYL,4
AIBL,DVC,AIAL,6
AIBL,DVC,ADAR,6
AIBL,DVC,AWCL,6
AIBL,DVC,RIGL,2
AIBL,DVC,AVEL,4
AIBL,DVC,AVKL,4
AIBL,DVC,RIVL,4
AIBL,AWCL,FLPR,4
AIBL,AWCL,AIYL,4
AIBL,AWCL,AIAL,6
AIBL,AWCL,ADAR,6
AIBL,AWCL,RIAR,4
AIBL,AWCL,AIYR,2
AIBL,AWCL,AIZR,4
AIBL,ADAR,FLPR,4
AIBL,ADAR,AIYL,4
AIBL,ADAR,AIAL,6
AIBL,ADAR,FLPL,2
AIBL,ADAR,AVAL,4
AIBL,AIAL,FLPR,4
AIBL,AIAL,AIYL,4
AIBL,AIAL,AIZL,4
AIBL,AIAL,ASER,5
AIBL,AIAL,ASIL,4
AIBL,AIAL,AINR,2
AIBL,AIAL,ASIR,2
AIBL,AIYL,FLPR,2
AIBL,AIYL,ADFL,4
AIBL,AIYL,AIZL,4
AIBL,AIYL,ASER,6
AIBL,AIYL,AWBL,6
AIBL,AIYL,RIH,9
AIBL,AIYL,AWCR,6
AIBL,AIYL,RIR,6
AIBL,AIYL,AUAL,4
AIBL,FLPR,ADEL,6
URXL,IL2VL,ADFL,4
URXL,IL2VL,CEPVL,2
URXL,IL2VL,IL2L,2
URXL,IL2VL,RMHR,2
URXL,IL2VL,AVHR,2
URXL,IL2VL,AVBL,4
URXL,IL2VL,OLQVL,4
URXL,IL2VL,AIML,4
URXL,IL2VL,DVA,2
URXL,IL2VL,RIGL,2
URXL,IL2VL,AVAL,4
URXL,IL2VL,CEPDL,4
URXL,IL2VL,RMED,6
URXL,CEPDL,ADFL,6
URXL,CEPDL,CEPVL,4
URXL,CEPDL,IL2L,4
URXL,CEPDL,RMHR,4
URXL,CEPDL,AVHR,4
URXL,CEPDL,AVBL,6
URXL,CEPDL,OLQVL,6
URXL,CEPDL,AIML,6
URXL,CEPDL,DVA,4
URXL,CEPDL,RIGL,4
URXL,CEPDL,AVAL,6
URXL,CEPDL,SIBDR,4
URXL,CEPDL,IL1L,4
URXL,CEPDL,RIPL,4
URXL,CEPDL,RIH,4
URXL,CEPDL,RIBL,4
URXL,CEPDL,SMDDR,2
URXL,CEPDL,IL2DL,4
URXL,AVAL,ADFL,6
URXL,AVAL,CEPVL,4
URXL,AVAL,IL2L,4
URXL,AVAL,RMHR,4
URXL,AVAL,AVHR,7
URXL,AVAL,AVBL,6
URXL,AVAL,OLQVL,6
URXL,AVAL,AIML,6
URXL,AVAL,DVA,4
URXL,AVAL,RIGL,4
URXL,AVAL,ADAR,2
URXL,AVAL,SAADR,2
URXL,AVAL,RIGR,4
URXL,AVAL,ADLR,2
URXL,AVAL,ASHR,2
URXL,AVAL,ADER,4
URXL,AVAL,SDQL,2
URXL,AVAL,ALA,2
URXL,AVAL,PVCL,2
URXL,RIGL,ADFL,4
URXL,RIGL,CEPVL,2
URXL,RIGL,IL2L,2
URXL,RIGL,RMHR,7
URXL,RIGL,AVHR,2
URXL,RIGL,AVBL,4
URXL,RIGL,OLQVL,4
URXL,RIGL,AIML,4
URXL,RIGL,DVA,7
URXL,RIGL,RIML,4
URXL,RIGL,RIAL,6
URXL,RIGL,ALNL,6
URXL,RIGL,DVC,6
URXL,RIGL,RIBL,4
URXL,RIGL,AVKL,6
URXL,RIGL,AVER,6
URXL,RIGL,AIZR,6
URXL,RIGL,AQR,4
URXL,DVA,ADFL,4
URXL,DVA,CEPVL,2
URXL,DVA,IL2L,2
URXL,DVA,RMHR,2
URXL,DVA,AVHR,2
URXL,DVA,AVBL,4
URXL,DVA,OLQVL,4
URXL,DVA,AIML,4
URXL,DVA,AVHL,4
URXL,DVA,SMBVL,6
URXL,DVA,AIZL,4
URXL,DVA,SAAVL,6
URXL,DVA,SMBDL,6
URXL,DVA,PVPL,6
URXL,AIML,ADFL,6
URXL,AIML,CEPVL,4
URXL,AIML,IL2L,4
URXL,AIML,RMHR,4
URXL,AIML,AVHR,4
URXL,AIML,AVBL,6
URXL,AIML,OLQVL,6
URXL,AIML,RMGL,4
URXL,AIML,AVHL,4
URXL,AIML,AVFR,4
URXL,AIML,AVJL,4
URXL,AIML,ASGL,2
URXL,OLQVL,ADFL,6
URXL,OLQVL,CEPVL,4
URXL,OLQVL,IL2L,11
URXL,OLQVL,RMHR,4
URXL,OLQVL,AVHR,4
URXL,OLQVL,AVBL,6
URXL,OLQVL,RMDVR,2
URXL,OLQVL,IL1VL,2
URXL,OLQVL,RMHL,4
URXL,AVBL,ADFL,6
URXL,AVBL,CEPVL,4
URXL,AVBL,IL2L,4
URXL,AVBL,RMHR,4
URXL,AVBL,AVHR,7
URXL,AVBL,RMGL,2
URXL,AVBL,AVHL,2
URXL,AVBL,BDUL,2
URXL,AVBL,URBL,2
URXL,AVBL,AWBL,2
URXL,AVBL,AVFR,2
URXL,AVBL,ASHR,2
URXL,AVBL,PVQL,2
URXL,AVBL,RMGR,2
URXL,AVHR,ADFL,11
URXL,AVHR,CEPVL,2
URXL,AVHR,IL2L,2
URXL,AVHR,RMHR,2
URXL,AVHR,RIML,6
URXL,AVHR,SMBVL,4
URXL,AVHR,AWBL,4
URXL,AVHR,SMBDL,6
URXL,RMHR,ADFL,4
URXL,RMHR,CEPVL,2
URXL,RMHR,IL2L,2
URXL,RMHR,ADEL,4
URXL,RMHR,IL1L,4
URXL,RMHR,URBL,4
URXL,IL2L,ADFL,4
URXL,IL2L,CEPVL,2
URXL,IL2L,ADEL,9
URXL,IL2L,RMDR,4
URXL,IL2L,OLLL,9
URXL,IL2L,AVEL,6
URXL,IL2L,RMEL,6
URXL,IL2L,RMER,6
URXL,IL2L,OLQDL,4
URXL,CEPVL,ADFL,4
URXL,CEPVL,RMGL,6
URXL,CEPVL,URYVL,4
URXL,CEPVL,ADEL,4
URXL,CEPVL,RIAL,9
URXL,CEPVL,SMBVL,6
URXL,CEPVL,URBL,4
URXL,CEPVL,RIBL,6
URXL,CEPVL,SMDVR,6
URXL,CEPVL,RMFR,6
URXL,CEPVL,SIAVL,6
URXL,ADFL,AIYL,4
URXL,ADFL,AFDL,4
URXL,ADFL,AIZL,2
RMGL,SIBVR,SIBDR,6
RMGL,SIBVR,CEPVL,4
RMGL,SIBVR,RMDR,4
RMGL,SIBVR,AVBL,6
RMGL,SIBVR,AVJR,6
RMGL,SIBVR,SAADR,9
RMGL,SIBVR,AIML,4
RMGL,SIBVR,AVFR,9
RMGL,SIBVR,RIR,4
RMGL,SIBVR,RMDDR,6
RMGL,SIBVR,AVBR,6
RMGL,SIBVR,PVQL,4
RMGL,SIBVR,AVEL,4
RMGL,SIBVR,AVKR,4
RMGL,SIBVR,RMFR,6
RMGL,SIBVR,SIAVL,6
RMGL,SIBVR,SIBVL,6
RMGL,SIBVR,URYVL,2
RMGL,SIBVL,SIBDR,6
RMGL,SIBVL,CEPVL,4
RMGL,SIBVL,RMDR,4
RMGL,SIBVL,AVBL,6
RMGL,SIBVL,AVJR,6
RMGL,SIBVL,SAADR,9
RMGL,SIBVL,AIML,4
RMGL,SIBVL,AVFR,9
RMGL,SIBVL,RIR,4
RMGL,SIBVL,RMDDR,6
RMGL,SIBVL,AVBR,6
RMGL,SIBVL,PVQL,4
RMGL,SIBVL,AVEL,4
RMGL,SIBVL,AVKR,4
RMGL,SIBVL,RMFR,6
RMGL,SIBVL,SIAVL,6
RMGL,SIBVL,URYVL,2
RMGL,SIBVL,RMGR,2
RMGL,SIBVL,URYVR,2
RMGL,SIAVL,SIBDR,6
RMGL,SIAVL,CEPVL,7
RMGL,SIAVL,RMDR,4
RMGL,SIAVL,AVBL,6
RMGL,SIAVL,AVJR,6
RMGL,SIAVL,SAADR,9
RMGL,SIAVL,AIML,4
RMGL,SIAVL,AVFR,9
RMGL,SIAVL,RIR,4
RMGL,SIAVL,RMDDR,6
RMGL,SIAVL,AVBR,6
RMGL,SIAVL,PVQL,4
RMGL,SIAVL,AVEL,4
RMGL,SIAVL,AVKR,4
RMGL,SIAVL,RMFR,6
RMGL,SIAVL,URBL,2
RMGL,SIAVL,SMBDL,2
RMGL,RMFR,SIBDR,6
RMGL,RMFR,CEPVL,7
RMGL,RMFR,RMDR,4
RMGL,RMFR,AVBL,6
RMGL,RMFR,AVJR,6
RMGL,RMFR,SAADR,9
RMGL,RMFR,AIML,4
RMGL,RMFR,AVFR,9
RMGL,RMFR,RIR,4
RMGL,RMFR,RMDDR,6
RMGL,RMFR,AVBR,6
RMGL,RMFR,PVQL,4
RMGL,RMFR,AVEL,4
RMGL,RMFR,AVKR,4
RMGL,RMFR,SAADL,2
RMGL,AVKR,SIBDR,4
RMGL,AVKR,CEPVL,2
RMGL,AVKR,RMDR,2
RMGL,AVKR,AVBL,4
RMGL,AVKR,AVJR,4
RMGL,AVKR,SAADR,5
RMGL,AVKR,AIML,2
RMGL,AVKR,AVFR,5
RMGL,AVKR,RIR,2
RMGL,AVKR,RMDDR,4
RMGL,AVKR,AVBR,4
RMGL,AVKR,PVQL,2
RMGL,AVKR,AVEL,7
RMGL,AVKR,RIML,4
RMGL,AVKR,RMDL,6
RMGL,AVKR,SMBDL,6
RMGL,AVKR,SIADL,6
RMGL,AVEL,SIBDR,4
RMGL,AVEL,CEPVL,2
RMGL,AVEL,RMDR,2
RMGL,AVEL,AVBL,4
RMGL,AVEL,AVJR,4
RMGL,AVEL,SAADR,5
RMGL,AVEL,AIML,2
RMGL,AVEL,AVFR,5
RMGL,AVEL,RIR,7
RMGL,AVEL,RMDDR,4
RMGL,AVEL,AVBR,4
RMGL,AVEL,PVQL,2
RMGL,AVEL,FLPL,4
RMGL,AVEL,IL2L,4
RMGL,AVEL,DVC,4
RMGL,AVEL,RIGR,4
RMGL,AVEL,RIMR,4
RMGL,AVEL,URYDL,4
RMGL,AVEL,IL1R,4
RMGL,AVEL,SMDDL,4
RMGL,PVQL,SIBDR,4
RMGL,PVQL,CEPVL,2
RMGL,PVQL,RMDR,2
RMGL,PVQL,AVBL,7
RMGL,PVQL,AVJR,4
RMGL,PVQL,SAADR,5
RMGL,PVQL,AIML,2
RMGL,PVQL,AVFR,5
RMGL,PVQL,RIR,2
RMGL,PVQL,RMDDR,4
RMGL,PVQL,AVBR,4
RMGL,PVQL,HSNL,4
RMGL,AVBR,SIBDR,6
RMGL,AVBR,CEPVL,4
RMGL,AVBR,RMDR,4
RMGL,AVBR,AVBL,6
RMGL,AVBR,AVJR,6
RMGL,AVBR,SAADR,9
RMGL,AVBR,AIML,4
RMGL,AVBR,AVFR,9
RMGL,AVBR,RIR,4
RMGL,AVBR,RMDDR,6
RMGL,AVBR,AVHL,2
RMGL,AVBR,AVFL,2
RMGL,RMDDR,SIBDR,6
RMGL,RMDDR,CEPVL,4
RMGL,RMDDR,RMDR,4
RMGL,RMDDR,AVBL,6
RMGL,RMDDR,AVJR,6
RMGL,RMDDR,SAADR,9
RMGL,RMDDR,AIML,4
RMGL,RMDDR,AVFR,9
RMGL,RMDDR,RIR,4
RMGL,RMDDR,IL1L,5
RMGL,RMDDR,ALML,2
RMGL,RMDDR,SMDVL,2
RMGL,RIR,SIBDR,4
RMGL,RIR,CEPVL,2
RMGL,RIR,RMDR,2
RMGL,RIR,AVBL,4
RMGL,RIR,AVJR,4
RMGL,RIR,SAADR,5
RMGL,RIR,AIML,2
RMGL,RIR,AVFR,5
RMGL,RIR,RIAL,4
RMGL,RIR,AIYL,4
RMGL,RIR,AWBL,4
RMGL,RIR,BAGL,6
RMGL,RIR,PVPL,6
RMGL,AVFR,SIBDR,9
RMGL,AVFR,CEPVL,5
RMGL,AVFR,RMDR,5
RMGL,AVFR,AVBL,13
RMGL,AVFR,AVJR,9
RMGL,AVFR,SAADR,10
RMGL,AVFR,AIML,8
RMGL,AVFR,HSNL,10
RMGL,AIML,SIBDR,4
RMGL,AIML,CEPVL,2
RMGL,AIML,RMDR,2
RMGL,AIML,AVBL,4
RMGL,AIML,AVJR,4
RMGL,AIML,SAADR,5
RMGL,AIML,AVHL,6
RMGL,AIML,AVJL,6
RMGL,AIML,ASGL,4
RMGL,SAADR,SIBDR,9
RMGL,SAADR,CEPVL,5
RMGL,SAADR,RMDR,5
RMGL,SAADR,AVBL,9
RMGL,SAADR,AVJR,9
RMGL,SAADR,RMFL,9
RMGL,SAADR,AVAL,9
RMGL,AVJR,SIBDR,6
RMGL,AVJR,CEPVL,4
RMGL,AVJR,RMDR,4
RMGL,AVJR,AVBL,6
RMGL,AVBL,SIBDR,6
RMGL,AVBL,CEPVL,4
RMGL,AVBL,RMDR,4
RMGL,AVBL,AVHL,2
RMGL,AVBL,BDUL,2
RMGL,AVBL,URBL,2
RMGL,AVBL,AVHR,2
RMGL,AVBL,AWBL,2
RMGL,AVBL,ASHR,2
RMGL,AVBL,RMGR,2
RMGL,RMDR,SIBDR,4
RMGL,RMDR,CEPVL,2
RMGL,RMDR,ADEL,9
RMGL,RMDR,IL2L,6
RMGL,RMDR,AVKL,4
RMGL,RMDR,RMDVL,4
RMGL,CEPVL,SIBDR,4
RMGL,CEPVL,URYVL,4
RMGL,CEPVL,ADEL,4
RMGL,CEPVL,RIAL,9
RMGL,CEPVL,SMBVL,6
RMGL,CEPVL,URBL,4
RMGL,CEPVL,RIBL,6
RMGL,CEPVL,SMDVR,6
RMGL,SIBDR,ADEL,2
RMGL,SIBDR,CEPDL,2
RIML,PVPL,AVHR,2
RIML,PVPL,SAADL,4
RIML,PVPL,HSNL,2
RIML,PVPL,RIBL,2
RIML,PVPL,RIGL,4
RIML,PVPL,AVKR,4
RIML,PVPL,AVER,4
RIML,PVPL,RIR,4
RIML,PVPL,DVA,4
RIML,AVER,AVHR,4
RIML,AVER,SAADL,6
RIML,AVER,HSNL,4
RIML,AVER,RIBL,4
RIML,AVER,RIGL,7
RIML,AVER,AVKR,6
RIML,AVER,IL1L,2
RIML,AVER,AVKL,2
RIML,AVKR,AVHR,4
RIML,AVKR,SAADL,6
RIML,AVKR,HSNL,4
RIML,AVKR,RIBL,4
RIML,AVKR,RIGL,6
RIML,AVKR,AVEL,4
RIML,AVKR,RMDL,4
RIML,AVKR,SMBDL,4
RIML,AVKR,SIADL,4
RIML,RIGL,AVHR,4
RIML,RIGL,SAADL,6
RIML,RIGL,HSNL,4
RIML,RIGL,RIBL,7
RIML,RIGL,RIAL,4
RIML,RIGL,RMHR,2
RIML,RIGL,ALNL,4
RIML,RIGL,DVC,4
RIML,RIGL,DVA,4
RIML,RIGL,AVKL,4
RIML,RIGL,AIZR,4
RIML,RIGL,AQR,2
RIML,RIBL,AVHR,2
RIML,RIBL,SAADL,4
RIML,RIBL,HSNL,2
RIML,RIBL,CEPVL,4
RIML,RIBL,AIZL,6
RIML,RIBL,RIH,6
RIML,RIBL,SMDDR,6
RIML,RIBL,IL2DL,4
RIML,RIBL,URYDL,9
RIML,RIBL,CEPDL,4
RIML,RIBL,RMED,4
RIML,HSNL,AVHR,2
RIML,HSNL,SAADL,4
RIML,HSNL,BDUL,9
RIML,HSNL,AIZL,6
RIML,HSNL,AWBL,4
RIML,HSNL,AVFR,9
RIML,HSNL,HSNR,9
RIML,HSNL,ASHR,6
RIML,HSNL,ASJL,4
RIML,HSNL,PVQL,6
RIML,HSNL,AWBR,6
RIML,HSNL,AIZR,6
RIML,SAADL,AVHR,4
RIML,SAADL,AIBR,2
RIML,SAADL,RIAL,2
RIML,SAADL,SMBVL,4
RIML,SAADL,RMGR,5
RIML,SAADL,RMFR,4
RIML,SAADL,PLNL,4
RIML,AVHR,ADFL,4
RIML,AVHR,SMBVL,4
RIML,AVHR,AVBL,6
RIML,AVHR,AWBL,4
RIML,AVHR,AVAL,6
RIML,AVHR,SMBDL,6
FLPR,ADEL,AVHL,4
FLPR,ADEL,SIBDR,4
FLPR,ADEL,CEPVL,4
FLPR,ADEL,SIADR,4
FLPR,ADEL,IL1L,4
FLPR,ADEL,RIAL,4
FLPR,ADEL,IL2L,5
FLPR,ADEL,SMBVL,4
FLPR,ADEL,BDUL,4
FLPR,ADEL,RMHR,4
FLPR,ADEL,ALNL,4
FLPR,ADEL,RMDR,5
FLPR,ADEL,URBL,4
FLPR,ADEL,ALML,2
FLPR,ADEL,OLLL,2
FLPL,AVEL,AIBR,6
FLPL,AVEL,ADAR,6
FLPL,AVEL,ADER,6
FLPL,AVEL,SDQL,4
FLPL,AVEL,IL2L,2
FLPL,AVEL,DVC,2
FLPL,AVEL,RIR,2
FLPL,AVEL,RIGR,2
FLPL,AVEL,RIMR,2
FLPL,AVEL,URYDL,2
FLPL,AVEL,AVKR,2
FLPL,AVEL,IL1R,2
FLPL,AVEL,SMDDL,2
FLPL,SDQL,AIBR,4
FLPL,SDQL,ADAR,4
FLPL,SDQL,ADER,4
FLPL,SDQL,RIAL,4
FLPL,SDQL,AVAL,6
FLPL,SDQL,SDQR,9
FLPL,ADER,AIBR,6
FLPL,ADER,ADAR,6
FLPL,ADER,SIBDL,4
FLPL,ADER,AVAL,2
FLPL,ADER,RMDL,5
FLPL,ADER,RMHL,4
FLPL,ADER,SIADL,4
FLPL,ADAR,AIBR,6
FLPL,ADAR,AVAL,4
FLPL,AIBR,SAADL,4
URYVL,SIBVR,CEPVL,6
URYVL,SIBVR,RIAL,6
URYVL,SIBVR,OLLL,6
URYVL,SIBVR,SIBDL,6
URYVL,SIBVR,RIH,4
URYVL,SIBVR,IL1VL,4
URYVL,SIBVR,RIS,4
URYVL,SIBVR,SIBVL,6
URYVL,SIBVL,CEPVL,6
URYVL,SIBVL,RIAL,6
URYVL,SIBVL,OLLL,6
URYVL,SIBVL,SIBDL,6
URYVL,SIBVL,RIH,4
URYVL,SIBVL,IL1VL,4
URYVL,SIBVL,RIS,4
URYVL,SIBVL,RMGR,2
URYVL,SIBVL,URYVR,2
URYVL,RIS,CEPVL,4
URYVL,RIS,RIAL,4
URYVL,RIS,OLLL,7
URYVL,RIS,SIBDL,4
URYVL,RIS,RIH,2
URYVL,RIS,IL1VL,2
URYVL,RIS,URYDL,6
URYVL,RIS,SMDDL,4
URYVL,RIS,RMDDL,6
URYVL,IL1VL,CEPVL,4
URYVL,IL1VL,RIAL,4
URYVL,IL1VL,OLLL,4
URYVL,IL1VL,SIBDL,4
URYVL,IL1VL,RIH,2
URYVL,IL1VL,IL1L,6
URYVL,IL1VL,OLQVL,6
URYVL,IL1VL,RMDVR,9
URYVL,RIH,CEPVL,4
URYVL,RIH,RIAL,4
URYVL,RIH,OLLL,4
URYVL,RIH,SIBDL,4
URYVL,RIH,AIYL,9
URYVL,RIH,RIBL,4
URYVL,RIH,CEPDL,4
URYVL,RIH,URAVL,9
URYVL,RIH,OLQDL,4
URYVL,SIBDL,CEPVL,6
URYVL,SIBDL,RIAL,6
URYVL,SIBDL,OLLL,6
URYVL,SIBDL,ADER,2
URYVL,SIBDL,RMGR,2
URYVL,SIBDL,SMDDL,2
URYVL,SIBDL,CEPDR,2
URYVL,OLLL,CEPVL,6
URYVL,OLLL,RIAL,6
URYVL,OLLL,ADEL,4
URYVL,OLLL,IL1L,5
URYVL,OLLL,IL2L,5
URYVL,OLLL,URYDL,2
URYVL,OLLL,SMDDL,4
URYVL,OLLL,RMDL,4
URYVL,OLLL,RMED,4
URYVL,OLLL,RMDVL,2
URYVL,RIAL,CEPVL,8
URYVL,RIAL,ADEL,2
URYVL,RIAL,IL1L,4
URYVL,RIAL,SMBVL,2
URYVL,RIAL,AIZL,4
URYVL,RIAL,ASER,2
URYVL,RIAL,BAGR,4
URYVL,RIAL,SAADL,4
URYVL,RIAL,AWCR,2
URYVL,RIAL,RIR,4
URYVL,RIAL,RIGL,2
URYVL,RIAL,SDQL,4
URYVL,RIAL,SMBDR,4
URYVL,CEPVL,ADEL,2
URYVL,CEPVL,SMBVL,4
URYVL,CEPVL,URBL,2
URYVL,CEPVL,RIBL,4
URYVL,CEPVL,SMDVR,4
URYVL,CEPVL,RMFR,4
URYVL,CEPVL,SIAVL,4
AIBR,SAADL,RIAL,2
AIBR,SAADL,SMBVL,4
AIBR,SAADL,RMGR,5
AIBR,SAADL,RMFR,4
AIBR,SAADL,PLNL,4
ADFL,AIZL,AVHR,4
ADFL,AIZL,AIYL,7
ADFL,AIZL,AFDL,4
ADFL,AIZL,RIAL,4
ADFL,AIZL,AWAL,6
ADFL,AIZL,AIAL,4
ADFL,AIZL,AWCR,4
ADFL,AIZL,AUAL,4
ADFL,AIZL,DVA,6
ADFL,AIZL,HSNR,4
ADFL,AIZL,RIGR,4
ADFL,AIZL,HSNL,4
ADFL,AIZL,RIBL,4
ADFL,AFDL,AVHR,6
ADFL,AFDL,AIYL,6
ADFL,AFDL,ASER,4
ADFL,AFDL,ASEL,5
ADFL,AFDL,BAGR,2
ADFL,AIYL,AVHR,6
ADFL,AIYL,ASER,4
ADFL,AIYL,AWBL,4
ADFL,AIYL,RIH,5
ADFL,AIYL,AWCR,4
ADFL,AIYL,RIR,4
ADFL,AIYL,AUAL,2
ADFL,AVHR,SMBVL,2
ADFL,AVHR,AVBL,4
ADFL,AVHR,AWBL,2
ADFL,AVHR,AVAL,4
ADFL,AVHR,SMBDL,4
ADEL,OLLL,AVHL,4
ADEL,OLLL,SIBDR,4
ADEL,OLLL,CEPVL,4
ADEL,OLLL,SIADR,4
ADEL,OLLL,IL1L,12
ADEL,OLLL,RIAL,4
ADEL,OLLL,IL2L,14
ADEL,OLLL,SMBVL,4
ADEL,OLLL,BDUL,4
ADEL,OLLL,RMHR,4
ADEL,OLLL,ALNL,4
ADEL,OLLL,RMDR,5
ADEL,OLLL,URBL,4
ADEL,OLLL,ALML,2
ADEL,OLLL,URYDL,4
ADEL,OLLL,SMDDL,6
ADEL,OLLL,RMDL,6
ADEL,OLLL,RMED,6
ADEL,OLLL,RMDVL,4
ADEL,OLLL,RIS,4
ADEL,ALML,AVHL,4
ADEL,ALML,SIBDR,4
ADEL,ALML,CEPVL,4
ADEL,ALML,SIADR,4
ADEL,ALML,IL1L,4
ADEL,ALML,RIAL,4
ADEL,ALML,IL2L,5
ADEL,ALML,SMBVL,4
ADEL,ALML,BDUL,4
ADEL,ALML,RMHR,4
ADEL,ALML,ALNL,4
ADEL,ALML,RMDR,5
ADEL,ALML,URBL,4
ADEL,ALML,PVCR,6
ADEL,ALML,RMDDR,6
ADEL,ALML,PVNR,4
ADEL,URBL,AVHL,6
ADEL,URBL,SIBDR,6
ADEL,URBL,CEPVL,7
ADEL,URBL,SIADR,7
ADEL,URBL,IL1L,6
ADEL,URBL,RIAL,6
ADEL,URBL,IL2L,9
ADEL,URBL,SMBVL,7
ADEL,URBL,BDUL,6
ADEL,URBL,RMHR,7
ADEL,URBL,ALNL,6
ADEL,URBL,RMDR,9
ADEL,URBL,AVBL,4
ADEL,URBL,SIAVL,4
ADEL,RMDR,AVHL,9
ADEL,RMDR,SIBDR,9
ADEL,RMDR,CEPVL,9
ADEL,RMDR,SIADR,9
ADEL,RMDR,IL1L,9
ADEL,RMDR,RIAL,9
ADEL,RMDR,IL2L,14
ADEL,RMDR,SMBVL,9
ADEL,RMDR,BDUL,9
ADEL,RMDR,RMHR,9
ADEL,RMDR,ALNL,9
ADEL,RMDR,AVKL,5
ADEL,RMDR,RMDVL,5
ADEL,ALNL,AVHL,6
ADEL,ALNL,SIBDR,6
ADEL,ALNL,CEPVL,6
ADEL,ALNL,SIADR,6
ADEL,ALNL,IL1L,6
ADEL,ALNL,RIAL,6
ADEL,ALNL,IL2L,9
ADEL,ALNL,SMBVL,6
ADEL,ALNL,BDUL,6
ADEL,ALNL,RMHR,6
ADEL,ALNL,RIVR,4
ADEL,ALNL,SMDVR,4
ADEL,ALNL,SMDDR,2
ADEL,ALNL,RIGL,2
ADEL,RMHR,AVHL,6
ADEL,RMHR,SIBDR,6
ADEL,RMHR,CEPVL,6
ADEL,RMHR,SIADR,6
ADEL,RMHR,IL1L,7
ADEL,RMHR,RIAL,6
ADEL,RMHR,IL2L,9
ADEL,RMHR,SMBVL,6
ADEL,RMHR,BDUL,6
ADEL,RMHR,RIGL,4
ADEL,BDUL,AVHL,6
ADEL,BDUL,SIBDR,6
ADEL,BDUL,CEPVL,6
ADEL,BDUL,SIADR,6
ADEL,BDUL,IL1L,6
ADEL,BDUL,RIAL,6
ADEL,BDUL,IL2L,9
ADEL,BDUL,SMBVL,6
ADEL,BDUL,AVBL,4
ADEL,BDUL,HSNL,5
ADEL,BDUL,URADL,4
ADEL,SMBVL,AVHL,6
ADEL,SMBVL,SIBDR,6
ADEL,SMBVL,CEPVL,7
ADEL,SMBVL,SIADR,6
ADEL,SMBVL,IL1L,6
ADEL,SMBVL,RIAL,7
ADEL,SMBVL,IL2L,9
ADEL,SMBVL,AVHR,4
ADEL,SMBVL,SAADL,2
ADEL,SMBVL,DVA,2
ADEL,SMBVL,SMBDL,4
ADEL,SMBVL,RMDVR,2
ADEL,IL2L,AVHL,9
ADEL,IL2L,SIBDR,9
ADEL,IL2L,CEPVL,9
ADEL,IL2L,SIADR,9
ADEL,IL2L,IL1L,9
ADEL,IL2L,RIAL,9
ADEL,IL2L,OLQVL,5
ADEL,IL2L,AVEL,9
ADEL,IL2L,RMEL,9
ADEL,IL2L,RMER,9
ADEL,IL2L,OLQDL,5
ADEL,RIAL,AVHL,6
ADEL,RIAL,SIBDR,6
ADEL,RIAL,CEPVL,8
ADEL,RIAL,SIADR,6
ADEL,RIAL,IL1L,7
ADEL,RIAL,AIZL,4
ADEL,RIAL,ASER,2
ADEL,RIAL,BAGR,4
ADEL,RIAL,SAADL,4
ADEL,RIAL,AWCR,2
ADEL,RIAL,RIR,4
ADEL,RIAL,RIGL,2
ADEL,RIAL,SDQL,4
ADEL,RIAL,SMBDR,4
ADEL,IL1L,AVHL,6
ADEL,IL1L,SIBDR,6
ADEL,IL1L,CEPVL,6
ADEL,IL1L,SIADR,6
ADEL,IL1L,RMDDR,5
ADEL,IL1L,AVER,4
ADEL,IL1L,CEPDL,2
ADEL,IL1L,RMEL,4
ADEL,IL1L,RMER,5
ADEL,IL1L,RMDVR,2
ADEL,IL1L,URAVL,2
ADEL,IL1L,IL1VL,2
ADEL,SIADR,AVHL,6
ADEL,SIADR,SIBDR,6
ADEL,SIADR,CEPVL,6
ADEL,SIADR,AVKL,2
ADEL,CEPVL,AVHL,6
ADEL,CEPVL,SIBDR,6
ADEL,CEPVL,RIBL,4
ADEL,CEPVL,SMDVR,4
ADEL,CEPVL,RMFR,4
ADEL,CEPVL,SIAVL,4
ADEL,SIBDR,AVHL,6
ADEL,SIBDR,CEPDL,2
ADEL,AVHL,AVBL,4
ADEL,AVHL,AIML,2
ADEL,AVHL,DVA,4
ADEL,AVHL,AVBR,4
ADEL,AVHL,ASHR,5
ADEL,AVHL,RIMR,4
ADEL,AVHL,RIFR,2
ADEL,AVHL,SMBDR,4
ADEL,AVHL,URXR,4
ADEL,AVHL,SMBVR,2
ADEL,AVHL,ADFR,2
ADEL,AVHL,AWBR,2
AVHL,AWBR,AVBL,4
AVHL,AWBR,AIML,2
AVHL,AWBR,DVA,4
AVHL,AWBR,AVBR,4
AVHL,AWBR,ASHR,5
AVHL,AWBR,RIMR,4
AVHL,AWBR,RIFR,2
AVHL,AWBR,SMBDR,4
AVHL,AWBR,URXR,4
AVHL,AWBR,SMBVR,2
AVHL,AWBR,ADFR,2
AVHL,AWBR,HSNL,4
AVHL,ADFR,AVBL,4
AVHL,ADFR,AIML,2
AVHL,ADFR,DVA,4
AVHL,ADFR,AVBR,4
AVHL,ADFR,ASHR,5
AVHL,ADFR,RIMR,4
AVHL,ADFR,RIFR,2
AVHL,ADFR,SMBDR,4
AVHL,ADFR,URXR,4
AVHL,ADFR,SMBVR,2
AVHL,SMBVR,AVBL,4
AVHL,SMBVR,AIML,2
AVHL,SMBVR,DVA,4
AVHL,SMBVR,AVBR,4
AVHL,SMBVR,ASHR,5
AVHL,SMBVR,RIMR,4
AVHL,SMBVR,RIFR,2
AVHL,SMBVR,SMBDR,4
AVHL,SMBVR,URXR,4
AVHL,SMBVR,RMDVL,4
AVHL,URXR,AVBL,6
AVHL,URXR,AIML,4
AVHL,URXR,DVA,6
AVHL,URXR,AVBR,6
AVHL,URXR,ASHR,9
AVHL,URXR,RIMR,6
AVHL,URXR,RIFR,4
AVHL,URXR,SMBDR,6
AVHL,URXR,RMHL,2
AVHL,SMBDR,AVBL,6
AVHL,SMBDR,AIML,4
AVHL,SMBDR,DVA,6
AVHL,SMBDR,AVBR,6
AVHL,SMBDR,ASHR,9
AVHL,SMBDR,RIMR,6
AVHL,SMBDR,RIFR,4
AVHL,SMBDR,RIAL,2
AVHL,SMBDR,SAAVL,2
AVHL,SMBDR,AVKL,2
AVHL,RIFR,AVBL,4
AVHL,RIFR,AIML,2
AVHL,RIFR,DVA,4
AVHL,RIFR,AVBR,4
AVHL,RIFR,ASHR,5
AVHL,RIFR,RIMR,4
AVHL,RIFR,PVCL,6
AVHL,RIFR,AVFL,6
AVHL,RIMR,AVBL,6
AVHL,RIMR,AIML,4
AVHL,RIMR,DVA,6
AVHL,RIMR,AVBR,6
AVHL,RIMR,ASHR,9
AVHL,RIMR,AVEL,4
AVHL,RIMR,AVKL,4
AVHL,ASHR,AVBL,13
AVHL,ASHR,AIML,5
AVHL,ASHR,DVA,9
AVHL,ASHR,AVBR,9
AVHL,ASHR,HSNL,5
AVHL,ASHR,AVAL,9
AVHL,AVBR,AVBL,6
AVHL,AVBR,AIML,4
AVHL,AVBR,DVA,6
AVHL,AVBR,AVFL,2
AVHL,DVA,AVBL,6
AVHL,DVA,AIML,4
AVHL,DVA,SMBVL,4
AVHL,DVA,AIZL,2
AVHL,DVA,SAAVL,4
AVHL,DVA,RIGL,2
AVHL,DVA,SMBDL,4
AVHL,DVA,PVPL,4
AVHL,AIML,AVBL,4
AVHL,AIML,AVFR,6
AVHL,AIML,AVJL,6
AVHL,AIML,ASGL,4
AVHL,AVBL,BDUL,2
AVHL,AVBL,URBL,2
AVHL,AVBL,AVHR,2
AVHL,AVBL,AWBL,2
AVHL,AVBL,AVFR,2
AVHL,AVBL,PVQL,2
AVHL,AVBL,RMGR,2
SIBDR,CEPDL,IL1L,6
SIBDR,CEPDL,RIPL,6
SIBDR,CEPDL,RIH,6
SIBDR,CEPDL,RIBL,6
SIBDR,CEPDL,SMDDR,4
SIBDR,CEPDL,IL2DL,6
CEPVL,SIAVL,RIAL,9
CEPVL,SIAVL,SMBVL,6
CEPVL,SIAVL,URBL,7
CEPVL,SIAVL,RIBL,6
CEPVL,SIAVL,SMDVR,6
CEPVL,SIAVL,RMFR,6
CEPVL,SIAVL,SMBDL,2
CEPVL,RMFR,RIAL,9
CEPVL,RMFR,SMBVL,6
CEPVL,RMFR,URBL,4
CEPVL,RMFR,RIBL,6
CEPVL,RMFR,SMDVR,6
CEPVL,RMFR,SAADL,2
CEPVL,SMDVR,RIAL,9
CEPVL,SMDVR,SMBVL,6
CEPVL,SMDVR,URBL,4
CEPVL,SMDVR,RIBL,6
CEPVL,SMDVR,ALNL,2
CEPVL,SMDVR,SMDVL,5
CEPVL,SMDVR,RMDDL,4
CEPVL,RIBL,RIAL,9
CEPVL,RIBL,SMBVL,6
CEPVL,RIBL,URBL,4
CEPVL,RIBL,AIZL,4
CEPVL,RIBL,RIH,4
CEPVL,RIBL,SMDDR,4
CEPVL,RIBL,RIGL,4
CEPVL,RIBL,IL2DL,2
CEPVL,RIBL,URYDL,5
CEPVL,RIBL,CEPDL,2
CEPVL,RIBL,RMED,2
CEPVL,URBL,RIAL,5
CEPVL,URBL,SMBVL,7
CEPVL,URBL,SIADR,6
CEPVL,URBL,RMHR,6
CEPVL,URBL,AVBL,6
CEPVL,SMBVL,RIAL,12
CEPVL,SMBVL,AVHR,4
CEPVL,SMBVL,SAADL,2
CEPVL,SMBVL,DVA,2
CEPVL,SMBVL,SMBDL,4
CEPVL,SMBVL,RMDVR,2
CEPVL,RIAL,IL1L,9
CEPVL,RIAL,AIZL,9
CEPVL,RIAL,ASER,5
CEPVL,RIAL,BAGR,9
CEPVL,RIAL,SAADL,9
CEPVL,RIAL,AWCR,5
CEPVL,RIAL,RIR,9
CEPVL,RIAL,RIGL,5
CEPVL,RIAL,SDQL,9
CEPVL,RIAL,SMBDR,9
SIADR,AVKL,URBL,2
SIADR,AVKL,RMDR,6
SIADR,AVKL,DVC,4
SIADR,AVKL,RIGL,4
SIADR,AVKL,RMGR,6
SIADR,AVKL,RIMR,4
SIADR,AVKL,SMDDL,6
SIADR,AVKL,SMBDR,6
SIADR,AVKL,SMDVL,6
SIADR,AVKL,AVER,6
SIADR,AVKL,RMDL,4
SIADR,URBL,SMBVL,6
SIADR,URBL,RMHR,6
SIADR,URBL,AVBL,6
SIADR,URBL,SIAVL,6
IL1L,IL1VL,RIAL,2
IL1L,IL1VL,RMHR,4
IL1L,IL1VL,OLLL,5
IL1L,IL1VL,RMDDR,5
IL1L,IL1VL,AVER,4
IL1L,IL1VL,CEPDL,2
IL1L,IL1VL,RMEL,4
IL1L,IL1VL,RMER,5
IL1L,IL1VL,RMDVR,13
IL1L,IL1VL,URAVL,2
IL1L,IL1VL,OLQVL,6
IL1L,URAVL,RIAL,2
IL1L,URAVL,RMHR,4
IL1L,URAVL,OLLL,5
IL1L,URAVL,RMDDR,5
IL1L,URAVL,AVER,4
IL1L,URAVL,CEPDL,2
IL1L,URAVL,RMEL,4
IL1L,URAVL,RMER,5
IL1L,URAVL,RMDVR,2
IL1L,URAVL,RIH,9
IL1L,URAVL,RMDDL,6
IL1L,RMDVR,RIAL,2
IL1L,RMDVR,RMHR,4
IL1L,RMDVR,OLLL,5
IL1L,RMDVR,RMDDR,5
IL1L,RMDVR,AVER,4
IL1L,RMDVR,CEPDL,2
IL1L,RMDVR,RMEL,4
IL1L,RMDVR,RMER,5
IL1L,RMDVR,SMBVL,6
IL1L,RMDVR,OLQVL,6
IL1L,RMDVR,RMDL,6
IL1L,RMDVR,RMDVL,9
IL1L,RMER,RIAL,5
IL1L,RMER,RMHR,9
IL1L,RMER,OLLL,10
IL1L,RMER,RMDDR,10
IL1L,RMER,AVER,9
IL1L,RMER,CEPDL,5
IL1L,RMER,RMEL,14
IL1L,RMER,IL2L,5
IL1L,RMEL,RIAL,4
IL1L,RMEL,RMHR,6
IL1L,RMEL,OLLL,9
IL1L,RMEL,RMDDR,9
IL1L,RMEL,AVER,6
IL1L,RMEL,CEPDL,4
IL1L,RMEL,IL2L,2
IL1L,RMEL,IL2DL,2
IL1L,RMEL,IL1R,5
IL1L,RMEL,URADL,2
IL1L,RMEL,OLQDL,2
IL1L,RMEL,IL2R,2
IL1L,CEPDL,RIAL,2
IL1L,CEPDL,RMHR,4
IL1L,CEPDL,OLLL,5
IL1L,CEPDL,RMDDR,5
IL1L,CEPDL,AVER,4
IL1L,CEPDL,RIPL,6
IL1L,CEPDL,RIH,6
IL1L,CEPDL,RIBL,6
IL1L,CEPDL,SMDDR,4
IL1L,CEPDL,IL2DL,6
IL1L,AVER,RIAL,4
IL1L,AVER,RMHR,6
IL1L,AVER,OLLL,9
IL1L,AVER,RMDDR,9
IL1L,AVER,RIGL,2
IL1L,AVER,AVKL,2
IL1L,RMDDR,RIAL,5
IL1L,RMDDR,RMHR,9
IL1L,RMDDR,OLLL,10
IL1L,RMDDR,ALML,5
IL1L,RMDDR,SMDVL,5
IL1L,OLLL,RIAL,5
IL1L,OLLL,RMHR,9
IL1L,OLLL,IL2L,10
IL1L,OLLL,URYDL,5
IL1L,OLLL,SMDDL,9
IL1L,OLLL,RMDL,9
IL1L,OLLL,RMED,9
IL1L,OLLL,RMDVL,5
IL1L,OLLL,RIS,5
IL1L,RMHR,RIAL,4
IL1L,RMHR,URBL,2
IL1L,RMHR,RIGL,4
IL1L,RIAL,SMBVL,4
IL1L,RIAL,AIZL,6
IL1L,RIAL,ASER,4
IL1L,RIAL,BAGR,6
IL1L,RIAL,SAADL,6
IL1L,RIAL,AWCR,4
IL1L,RIAL,RIR,6
IL1L,RIAL,RIGL,4
IL1L,RIAL,SDQL,6
IL1L,RIAL,SMBDR,6
RIAL,SMBDR,SMBVL,4
RIAL,SMBDR,AIZL,6
RIAL,SMBDR,ASER,4
RIAL,SMBDR,BAGR,6
RIAL,SMBDR,SAADL,6
RIAL,SMBDR,AWCR,4
RIAL,SMBDR,RIR,6
RIAL,SMBDR,RIGL,4
RIAL,SMBDR,SDQL,6
RIAL,SMBDR,SAAVL,2
RIAL,SMBDR,AVKL,2
RIAL,SDQL,SMBVL,4
RIAL,SDQL,AIZL,6
RIAL,SDQL,ASER,4
RIAL,SDQL,BAGR,6
RIAL,SDQL,SAADL,6
RIAL,SDQL,AWCR,4
RIAL,SDQL,RIR,6
RIAL,SDQL,RIGL,4
RIAL,SDQL,AVAL,4
RIAL,SDQL,SDQR,5
RIAL,RIGL,SMBVL,2
RIAL,RIGL,AIZL,4
RIAL,RIGL,ASER,2
RIAL,RIGL,BAGR,4
RIAL,RIGL,SAADL,4
RIAL,RIGL,AWCR,2
RIAL,RIGL,RIR,4
RIAL,RIGL,RMHR,4
RIAL,RIGL,ALNL,6
RIAL,RIGL,DVC,6
RIAL,RIGL,DVA,6
RIAL,RIGL,RIBL,4
RIAL,RIGL,AVKL,6
RIAL,RIGL,AVER,6
RIAL,RIGL,AIZR,6
RIAL,RIGL,AQR,4
RIAL,RIR,SMBVL,4
RIAL,RIR,AIZL,6
RIAL,RIR,ASER,4
RIAL,RIR,BAGR,6
RIAL,RIR,SAADL,6
RIAL,RIR,AWCR,4
RIAL,RIR,AIYL,2
RIAL,RIR,AWBL,2
RIAL,RIR,AVEL,4
RIAL,RIR,BAGL,4
RIAL,RIR,PVPL,4
RIAL,AWCR,SMBVL,2
RIAL,AWCR,AIZL,7
RIAL,AWCR,ASER,2
RIAL,AWCR,BAGR,4
RIAL,AWCR,SAADL,4
RIAL,AWCR,AIYL,4
RIAL,SAADL,SMBVL,11
RIAL,SAADL,AIZL,6
RIAL,SAADL,ASER,4
RIAL,SAADL,BAGR,6
RIAL,SAADL,RMGR,5
RIAL,SAADL,RMFR,4
RIAL,SAADL,PLNL,4
RIAL,BAGR,SMBVL,4
RIAL,BAGR,AIZL,6
RIAL,BAGR,ASER,4
RIAL,BAGR,AFDL,4
RIAL,BAGR,AINL,2
RIAL,BAGR,BAGL,5
RIAL,ASER,SMBVL,2
RIAL,ASER,AIZL,4
RIAL,ASER,AIYL,4
RIAL,ASER,AFDL,4
RIAL,ASER,ASIL,4
RIAL,ASER,ASEL,9
RIAL,ASER,AIAL,9
RIAL,AIZL,SMBVL,4
RIAL,AIZL,AIYL,4
RIAL,AIZL,AWAL,4
RIAL,AIZL,AIAL,2
RIAL,AIZL,AUAL,2
RIAL,AIZL,DVA,4
RIAL,AIZL,HSNR,2
RIAL,AIZL,RIGR,2
RIAL,AIZL,HSNL,2
RIAL,AIZL,RIBL,2
RIAL,SMBVL,URBL,4
RIAL,SMBVL,AVHR,6
RIAL,SMBVL,DVA,4
RIAL,SMBVL,SMBDL,6
RIAL,SMBVL,RMDVR,4
IL2L,OLQDL,RMDR,2
IL2L,OLQDL,OLLL,5
IL2L,OLQDL,OLQVL,2
IL2L,OLQDL,AVEL,4
IL2L,OLQDL,RMEL,7
IL2L,OLQDL,RMER,4
IL2L,OLQDL,RIH,6
IL2L,OLQDL,IL2DL,4
IL2L,OLQDL,URYDL,4
IL2L,OLQDL,RMHL,6
IL2L,RMER,RMDR,4
IL2L,RMER,OLLL,9
IL2L,RMER,OLQVL,4
IL2L,RMER,AVEL,6
IL2L,RMER,RMEL,8
IL2L,RMEL,RMDR,4
IL2L,RMEL,OLLL,9
IL2L,RMEL,OLQVL,4
IL2L,RMEL,AVEL,6
IL2L,RMEL,IL2DL,2
IL2L,RMEL,IL1R,5
IL2L,RMEL,URADL,2
IL2L,RMEL,IL2R,2
IL2L,AVEL,RMDR,4
IL2L,AVEL,OLLL,9
IL2L,AVEL,OLQVL,4
IL2L,AVEL,DVC,2
IL2L,AVEL,RIR,2
IL2L,AVEL,RIGR,2
IL2L,AVEL,RIMR,2
IL2L,AVEL,URYDL,2
IL2L,AVEL,AVKR,2
IL2L,AVEL,IL1R,2
IL2L,AVEL,SMDDL,2
IL2L,OLQVL,RMDR,2
IL2L,OLQVL,OLLL,5
IL2L,OLQVL,RMDVR,4
IL2L,OLQVL,IL1VL,4
IL2L,OLQVL,RMHL,6
IL2L,OLLL,RMDR,5
IL2L,OLLL,URYDL,5
IL2L,OLLL,SMDDL,9
IL2L,OLLL,RMDL,9
IL2L,OLLL,RMED,9
IL2L,OLLL,RMDVL,5
IL2L,OLLL,RIS,5
IL2L,RMDR,AVKL,4
IL2L,RMDR,RMDVL,4
SMBVL,RMDVR,URBL,2
SMBVL,RMDVR,AVHR,4
SMBVL,RMDVR,SAADL,2
SMBVL,RMDVR,DVA,2
SMBVL,RMDVR,SMBDL,4
SMBVL,RMDVR,OLQVL,6
SMBVL,RMDVR,RMDL,6
SMBVL,RMDVR,IL1VL,9
SMBVL,RMDVR,RMDVL,9
SMBVL,SMBDL,URBL,4
SMBVL,SMBDL,AVHR,7
SMBVL,SMBDL,SAADL,4
SMBVL,SMBDL,DVA,7
SMBVL,SMBDL,AWBL,2
SMBVL,SMBDL,RIAR,2
SMBVL,SMBDL,AVKR,2
SMBVL,SMBDL,SMDDL,4
SMBVL,SMBDL,SIAVL,4
SMBVL,SMBDL,SIADL,5
SMBVL,SMBDL,SAAVR,2
SMBVL,DVA,URBL,2
SMBVL,DVA,AVHR,4
SMBVL,DVA,SAADL,2
SMBVL,DVA,AIZL,4
SMBVL,DVA,SAAVL,6
SMBVL,DVA,RIGL,4
SMBVL,DVA,PVPL,6
SMBVL,SAADL,URBL,2
SMBVL,SAADL,AVHR,4
SMBVL,SAADL,RMGR,9
SMBVL,SAADL,RMFR,6
SMBVL,SAADL,PLNL,6
SMBVL,AVHR,URBL,4
SMBVL,AVHR,AVBL,4
SMBVL,AVHR,AWBL,2
SMBVL,AVHR,AVAL,4
SMBVL,URBL,RMHR,6
SMBVL,URBL,AVBL,6
SMBVL,URBL,SIAVL,6
BDUL,URADL,AVBL,6
BDUL,URADL,HSNL,9
BDUL,URADL,IL1DL,2
BDUL,URADL,RMEL,4
BDUL,HSNL,AVBL,9
BDUL,HSNL,AIZL,9
BDUL,HSNL,AWBL,5
BDUL,HSNL,AVFR,10
BDUL,HSNL,HSNR,10
BDUL,HSNL,ASHR,9
BDUL,HSNL,ASJL,5
BDUL,HSNL,PVQL,9
BDUL,HSNL,AWBR,9
BDUL,HSNL,AIZR,9
BDUL,AVBL,URBL,2
BDUL,AVBL,AVHR,2
BDUL,AVBL,AWBL,2
BDUL,AVBL,AVFR,2
BDUL,AVBL,ASHR,2
BDUL,AVBL,PVQL,2
BDUL,AVBL,RMGR,2
RMHR,RIGL,URBL,4
RMHR,RIGL,ALNL,4
RMHR,RIGL,DVC,4
RMHR,RIGL,DVA,4
RMHR,RIGL,RIBL,2
RMHR,RIGL,AVKL,4
RMHR,RIGL,AVER,4
RMHR,RIGL,AIZR,4
RMHR,RIGL,AQR,2
RMHR,URBL,AVBL,6
RMHR,URBL,SIAVL,6
ALNL,RIGL,RIVR,4
ALNL,RIGL,SMDVR,4
ALNL,RIGL,SMDDR,2
ALNL,RIGL,DVC,6
ALNL,RIGL,DVA,6
ALNL,RIGL,RIBL,4
ALNL,RIGL,AVKL,6
ALNL,RIGL,AVER,6
ALNL,RIGL,AIZR,6
ALNL,RIGL,AQR,4
ALNL,SMDDR,RIVR,4
ALNL,SMDDR,SMDVR,4
ALNL,SMDDR,RIBL,4
ALNL,SMDDR,SMDDL,9
ALNL,SMDDR,CEPDL,6
ALNL,SMDDR,RIVL,6
ALNL,SMDVR,RIVR,6
ALNL,SMDVR,SMDVL,5
ALNL,SMDVR,RMDDL,4
ALNL,RIVR,SMDDL,2
RMDR,RMDVL,AVKL,2
RMDR,RMDVL,OLLL,6
RMDR,RMDVL,IL1R,6
RMDR,RMDVL,SMBVR,6
RMDR,RMDVL,RMDVR,9
RMDR,RMDVL,RMED,9
RMDR,RMDVL,RMDDL,4
RMDR,RMDVL,OLQVR,6
RMDR,RMDVL,IL1VR,9
RMDR,AVKL,DVC,4
RMDR,AVKL,RIGL,4
RMDR,AVKL,RMGR,6
RMDR,AVKL,RIMR,4
RMDR,AVKL,SMDDL,6
RMDR,AVKL,SMBDR,6
RMDR,AVKL,SMDVL,6
RMDR,AVKL,AVER,6
RMDR,AVKL,RMDL,4
URBL,SIAVL,AVBL,6
URBL,SIAVL,SMBDL,2
URBL,AVBL,AVHR,2
URBL,AVBL,AWBL,2
URBL,AVBL,AVFR,2
URBL,AVBL,ASHR,2
URBL,AVBL,PVQL,2
URBL,AVBL,RMGR,2
ALML,PVNR,PVCR,4
ALML,PVNR,RMDDR,4
ALML,RMDDR,PVCR,6
ALML,RMDDR,SMDVL,2
OLLL,RIS,URYDL,7
OLLL,RIS,SMDDL,11
OLLL,RIS,RMDL,4
OLLL,RIS,RMED,4
OLLL,RIS,RMDVL,2
OLLL,RIS,RMDDL,6
OLLL,RMDVL,URYDL,2
OLLL,RMDVL,SMDDL,4
OLLL,RMDVL,RMDL,4
OLLL,RMDVL,RMED,12
OLLL,RMDVL,IL1R,6
OLLL,RMDVL,SMBVR,6
OLLL,RMDVL,RMDVR,9
OLLL,RMDVL,RMDDL,4
OLLL,RMDVL,OLQVR,6
OLLL,RMDVL,IL1VR,9
OLLL,RMED,URYDL,4
OLLL,RMED,SMDDL,7
OLLL,RMED,RMDL,6
OLLL,RMED,RIBL,4
OLLL,RMED,IL2VL,2
OLLL,RMDL,URYDL,4
OLLL,RMDL,SMDDL,7
OLLL,RMDL,RMFL,5
OLLL,RMDL,ADER,5
OLLL,RMDL,RMGR,4
OLLL,RMDL,AVKR,2
OLLL,RMDL,AVKL,4
OLLL,RMDL,RMDVR,2
OLLL,RMDL,RMHL,2
OLLL,RMDL,IL2R,4
OLLL,SMDDL,URYDL,4
OLLL,SMDDL,SIBDL,4
OLLL,SMDDL,RIVR,4
OLLL,SMDDL,SMDDR,5
OLLL,SMDDL,RIBR,2
OLLL,SMDDL,AVEL,4
OLLL,SMDDL,AVKL,2
OLLL,SMDDL,SMBDL,2
OLLL,SMDDL,ALNR,4
OLLL,SMDDL,CEPDR,4
OLLL,URYDL,RIBL,9
OLLL,URYDL,AVEL,6
OLLL,URYDL,OLQDL,6
AVHR,SMBDL,AVBL,6
AVHR,SMBDL,AWBL,7
AVHR,SMBDL,AVAL,6
AVHR,SMBDL,DVA,2
AVHR,SMBDL,RIAR,2
AVHR,SMBDL,AVKR,2
AVHR,SMBDL,SMDDL,4
AVHR,SMBDL,SIAVL,4
AVHR,SMBDL,SIADL,5
AVHR,SMBDL,SAAVR,2
AVHR,AVAL,AVBL,6
AVHR,AVAL,AWBL,4
AVHR,AVAL,ADAR,2
AVHR,AVAL,SAADR,2
AVHR,AVAL,RIGR,4
AVHR,AVAL,ADLR,2
AVHR,AVAL,ASHR,2
AVHR,AVAL,ADER,4
AVHR,AVAL,SDQL,2
AVHR,AVAL,ALA,2
AVHR,AVAL,PVCL,2
AVHR,AWBL,AVBL,7
AVHR,AWBL,AIYL,4
AVHR,AWBL,RIR,6
AVHR,AWBL,HSNR,4
AVHR,AWBL,HSNL,6
AVHR,AVBL,AVFR,2
AVHR,AVBL,ASHR,2
AVHR,AVBL,PVQL,2
AVHR,AVBL,RMGR,2
AIYL,AUAL,AIZL,7
AIYL,AUAL,ASER,4
AIYL,AUAL,AWBL,4
AIYL,AUAL,RIH,5
AIYL,AUAL,AWCR,4
AIYL,AUAL,RIR,4
AIYL,AUAL,IL2DL,4
AIYL,RIR,AIZL,4
AIYL,RIR,ASER,6
AIYL,RIR,AWBL,7
AIYL,RIR,RIH,9
AIYL,RIR,AWCR,6
AIYL,RIR,AVEL,4
AIYL,RIR,BAGL,4
AIYL,RIR,PVPL,4
AIYL,AWCR,AIZL,11
AIYL,AWCR,ASER,6
AIYL,AWCR,AWBL,6
AIYL,AWCR,RIH,9
AIYL,RIH,AIZL,5
AIYL,RIH,ASER,9
AIYL,RIH,AWBL,9
AIYL,RIH,RIBL,5
AIYL,RIH,CEPDL,5
AIYL,RIH,URAVL,10
AIYL,RIH,OLQDL,5
AIYL,AWBL,AIZL,4
AIYL,AWBL,ASER,6
AIYL,AWBL,AVBL,4
AIYL,AWBL,HSNR,2
AIYL,AWBL,HSNL,4
AIYL,AWBL,SMBDL,4
AIYL,ASER,AIZL,4
AIYL,ASER,AFDL,2
AIYL,ASER,ASIL,2
AIYL,ASER,ASEL,5
AIYL,ASER,AIAL,5
AIYL,AIZL,AWAL,6
AIYL,AIZL,AIAL,4
AIYL,AIZL,DVA,6
AIYL,AIZL,HSNR,4
AIYL,AIZL,RIGR,4
AIYL,AIZL,HSNL,4
AIYL,AIZL,RIBL,4
AFDL,BAGR,ASER,4
AFDL,BAGR,ASEL,5
AFDL,BAGR,AINL,4
AFDL,BAGR,BAGL,9
AFDL,ASEL,ASER,14
AFDL,ASEL,ASIR,5
AFDL,ASEL,AIAR,10
AFDL,ASEL,RIAR,9
AFDL,ASEL,AFDR,5
AFDL,ASEL,ADLR,5
AFDL,ASEL,AIYR,5
AFDL,ASER,ASIL,2
AFDL,ASER,AIAL,5
AIZL,RIBL,AWAL,4
AIZL,RIBL,AIAL,2
AIZL,RIBL,AWCR,2
AIZL,RIBL,AUAL,2
AIZL,RIBL,DVA,4
AIZL,RIBL,HSNR,2
AIZL,RIBL,RIGR,2
AIZL,RIBL,HSNL,2
AIZL,RIBL,RIH,6
AIZL,RIBL,SMDDR,6
AIZL,RIBL,RIGL,6
AIZL,RIBL,IL2DL,4
AIZL,RIBL,URYDL,9
AIZL,RIBL,CEPDL,4
AIZL,RIBL,RMED,4
AIZL,HSNL,AWAL,4
AIZL,HSNL,AIAL,2
AIZL,HSNL,AWCR,2
AIZL,HSNL,AUAL,2
AIZL,HSNL,DVA,4
AIZL,HSNL,HSNR,13
AIZL,HSNL,RIGR,2
AIZL,HSNL,AWBL,4
AIZL,HSNL,AVFR,9
AIZL,HSNL,ASHR,6
AIZL,HSNL,ASJL,4
AIZL,HSNL,PVQL,6
AIZL,HSNL,AWBR,6
AIZL,HSNL,AIZR,6
AIZL,RIGR,AWAL,4
AIZL,RIGR,AIAL,2
AIZL,RIGR,AWCR,2
AIZL,RIGR,AUAL,2
AIZL,RIGR,DVA,4
AIZL,RIGR,HSNR,2
AIZL,RIGR,AVAL,4
AIZL,RIGR,AVEL,6
AIZL,RIGR,RMHL,4
AIZL,HSNR,AWAL,4
AIZL,HSNR,AIAL,2
AIZL,HSNR,AWCR,2
AIZL,HSNR,AUAL,2
AIZL,HSNR,DVA,4
AIZL,HSNR,AWBL,6
AIZL,HSNR,AVFL,9
AIZL,DVA,AWAL,6
AIZL,DVA,AIAL,4
AIZL,DVA,AWCR,4
AIZL,DVA,AUAL,4
AIZL,DVA,SAAVL,4
AIZL,DVA,RIGL,2
AIZL,DVA,SMBDL,4
AIZL,DVA,PVPL,4
AIZL,AUAL,AWAL,4
AIZL,AUAL,AIAL,2
AIZL,AUAL,AWCR,2
AIZL,AUAL,IL2DL,4
AIZL,AWCR,AWAL,4
AIZL,AWCR,AIAL,2
AIZL,AIAL,AWAL,4
AIZL,AIAL,ASER,9
AIZL,AIAL,ASIL,6
AIZL,AIAL,AINR,4
AIZL,AIAL,ASIR,4
AIZL,AWAL,ASGL,4
ASER,AIAL,ASIL,12
ASER,AIAL,ASEL,10
ASER,AIAL,AINR,5
ASER,AIAL,ASIR,5
ASER,ASEL,ASIL,5
ASER,ASEL,ASIR,5
ASER,ASEL,AIAR,10
ASER,ASEL,RIAR,9
ASER,ASEL,AFDR,5
ASER,ASEL,ADLR,5
ASER,ASEL,AIYR,5
ASER,ASIL,ASKL,6
ASER,ASIL,AIAR,6
AVBL,RMGR,AWBL,2
AVBL,RMGR,AVFR,2
AVBL,RMGR,ASHR,2
AVBL,RMGR,PVQL,2
AVBL,RMGR,SIBDL,6
AVBL,RMGR,RMFL,6
AVBL,RMGR,SAADL,9
AVBL,RMGR,AVJL,6
AVBL,RMGR,AVFL,9
AVBL,RMGR,AVKL,4
AVBL,RMGR,RMDL,4
AVBL,RMGR,RMDDL,6
AVBL,RMGR,SIBVL,6
AVBL,PVQL,AWBL,2
AVBL,PVQL,AVFR,2
AVBL,PVQL,ASHR,2
AVBL,PVQL,HSNL,4
AVBL,ASHR,AWBL,2
AVBL,ASHR,AVFR,2
AVBL,ASHR,HSNL,4
AVBL,ASHR,AVAL,6
AVBL,AVFR,AWBL,2
AVBL,AVFR,AIML,4
AVBL,AVFR,HSNL,9
AVBL,AWBL,RIR,6
AVBL,AWBL,HSNR,4
AVBL,AWBL,HSNL,6
AVBL,AWBL,SMBDL,6
OLQVL,RMHL,RMDVR,4
OLQVL,RMHL,IL1VL,4
OLQVL,RMHL,RIGR,4
OLQVL,RMHL,IL2DL,2
OLQVL,RMHL,ADER,2
OLQVL,RMHL,IL1R,2
OLQVL,RMHL,URXR,4
OLQVL,RMHL,RMDL,4
OLQVL,RMHL,OLQDL,2
OLQVL,RMHL,URBR,2
OLQVL,IL1VL,RMDVR,13
OLQVL,RMDVR,RMDL,6
OLQVL,RMDVR,RMDVL,9
AWAL,ASGL,AINR,2
AWAL,ASGL,AIML,4
ASKL,ASIL,AIAL,4
ASKL,ASIL,AIAR,6
AWBL,SMBDL,RIR,6
AWBL,SMBDL,HSNR,4
AWBL,SMBDL,HSNL,6
AWBL,SMBDL,DVA,2
AWBL,SMBDL,RIAR,2
AWBL,SMBDL,AVKR,2
AWBL,SMBDL,SMDDL,4
AWBL,SMBDL,SIAVL,4
AWBL,SMBDL,SIADL,5
AWBL,SMBDL,SAAVR,2
AWBL,HSNL,RIR,6
AWBL,HSNL,HSNR,12
AWBL,HSNL,AVFR,5
AWBL,HSNL,ASHR,4
AWBL,HSNL,ASJL,2
AWBL,HSNL,PVQL,4
AWBL,HSNL,AWBR,4
AWBL,HSNL,AIZR,4
AWBL,HSNR,RIR,4
AWBL,HSNR,AVFL,9
AWBL,RIR,AVEL,4
AWBL,RIR,BAGL,4
AWBL,RIR,PVPL,4
RIPL,CEPDL,RIH,6
RIPL,CEPDL,RIBL,6
RIPL,CEPDL,SMDDR,4
RIPL,CEPDL,IL2DL,6
ASIL,AIAR,AIAL,4
ASIL,AIAR,ASEL,5
ASIL,AIAR,AINL,2
ASIL,AIAL,AINR,4
ASIL,AIAL,ASIR,4
ASEL,AIYR,ASIR,2
ASEL,AIYR,AIAR,5
ASEL,AIYR,RIAR,4
ASEL,AIYR,AFDR,2
ASEL,AIYR,ADLR,2
ASEL,AIYR,AWCL,6
ASEL,ADLR,ASIR,2
ASEL,ADLR,AIAR,5
ASEL,ADLR,RIAR,4
ASEL,ADLR,AFDR,2
ASEL,ADLR,AVJL,6
ASEL,ADLR,AVAL,6
ASEL,AFDR,ASIR,2
ASEL,AFDR,AIAR,5
ASEL,AFDR,RIAR,4
ASEL,AFDR,BAGL,4
ASEL,RIAR,ASIR,4
ASEL,RIAR,AIAR,9
ASEL,RIAR,AWCL,2
ASEL,RIAR,SMBDL,4
ASEL,RIAR,BAGL,4
ASEL,AIAR,ASIR,5
ASEL,AIAR,AINL,5
ASEL,ASIR,AIAL,6
BAGR,BAGL,AINL,5
BAGR,BAGL,AINR,5
BAGR,BAGL,RIR,5
BAGR,BAGL,RIAR,5
BAGR,BAGL,AFDR,9
BAGR,BAGL,AQR,9
BAGR,AINL,AIAR,6
BAGR,AINL,RID,6
BAGR,AINL,ASGR,6
AIAL,ASIR,AINR,2
AIAL,AINR,ASGL,6
AIAL,AINR,BAGL,6
AINR,BAGL,ASGL,6
AINR,BAGL,RIR,2
AINR,BAGL,RIAR,2
AINR,BAGL,AFDR,4
AINR,BAGL,AQR,4
AINR,ASGL,AIML,4
ADAR,AVAL,SAADR,2
ADAR,AVAL,RIGR,4
ADAR,AVAL,ADLR,2
ADAR,AVAL,ASHR,2
ADAR,AVAL,ADER,4
ADAR,AVAL,SDQL,2
ADAR,AVAL,ALA,2
ADAR,AVAL,PVCL,2
AWCL,AIZR,RIAR,6
AWCL,AIZR,AIYR,4
AWCL,AIZR,HSNL,2
AWCL,AIZR,RIGL,2
AWCL,AIYR,RIAR,4
AWCL,RIAR,SMBDL,4
AWCL,RIAR,BAGL,4
DVC,RIVL,RMFL,4
DVC,RIVL,RIGL,4
DVC,RIVL,AVEL,6
DVC,RIVL,AVKL,6
DVC,RIVL,SMDDR,2
DVC,RIVL,ALNR,2
DVC,AVKL,RMFL,4
DVC,AVKL,RIGL,7
DVC,AVKL,AVEL,6
DVC,AVKL,RMGR,4
DVC,AVKL,RIMR,2
DVC,AVKL,SMDDL,4
DVC,AVKL,SMBDR,4
DVC,AVKL,SMDVL,4
DVC,AVKL,AVER,4
DVC,AVKL,RMDL,2
DVC,AVEL,RMFL,4
DVC,AVEL,RIGL,4
DVC,AVEL,RIR,2
DVC,AVEL,RIGR,2
DVC,AVEL,RIMR,2
DVC,AVEL,URYDL,2
DVC,AVEL,AVKR,2
DVC,AVEL,IL1R,2
DVC,AVEL,SMDDL,2
DVC,RIGL,RMFL,2
DVC,RIGL,DVA,6
DVC,RIGL,RIBL,4
DVC,RIGL,AVER,6
DVC,RIGL,AIZR,6
DVC,RIGL,AQR,4
DVC,RMFL,SAADR,4
DVC,RMFL,RMGR,4
DVC,RMFL,RMDL,9
DVC,RMFL,CEPVR,4
SIBDL,CEPDR,ADER,2
SIBDL,CEPDR,RMGR,2
SIBDL,CEPDR,SMDDL,7
SIBDL,SMDDL,ADER,2
SIBDL,SMDDL,RMGR,2
SIBDL,SMDDL,RIVR,6
SIBDL,SMDDL,SMDDR,9
SIBDL,SMDDL,RIBR,4
SIBDL,SMDDL,AVEL,6
SIBDL,SMDDL,AVKL,4
SIBDL,SMDDL,RMDL,6
SIBDL,SMDDL,SMBDL,4
SIBDL,SMDDL,RMED,6
SIBDL,SMDDL,RIS,6
SIBDL,SMDDL,ALNR,6
SIBDL,RMGR,ADER,2
SIBDL,RMGR,RMFL,6
SIBDL,RMGR,SAADL,9
SIBDL,RMGR,AVJL,6
SIBDL,RMGR,AVFL,9
SIBDL,RMGR,AVKL,4
SIBDL,RMGR,RMDL,4
SIBDL,RMGR,RMDDL,6
SIBDL,RMGR,SIBVL,6
SIBDL,ADER,AVAL,4
SIBDL,ADER,RMDL,9
SIBDL,ADER,RMHL,6
SIBDL,ADER,SIADL,6
SAAVL,SMBDR,DVA,4
SAAVL,SMBDR,AVKL,2
SAAVL,DVA,RIGL,4
SAAVL,DVA,SMBDL,6
SAAVL,DVA,PVPL,6
SAADR,AVAL,RMFL,6
SAADR,AVAL,RIGR,4
SAADR,AVAL,ADLR,2
SAADR,AVAL,ASHR,2
SAADR,AVAL,ADER,4
SAADR,AVAL,SDQL,2
SAADR,AVAL,ALA,2
SAADR,AVAL,PVCL,2
SAADR,RMFL,RMGR,2
SAADR,RMFL,RMDL,5
SAADR,RMFL,CEPVR,2
RMFL,CEPVR,RMGR,2
RMFL,CEPVR,RMDL,5
RMFL,CEPVR,SMDVL,6
RMFL,RMDL,RMGR,12
RMFL,RMDL,ADER,10
RMFL,RMDL,AVKR,5
RMFL,RMDL,SMDDL,5
RMFL,RMDL,AVKL,9
RMFL,RMDL,RMDVR,5
RMFL,RMDL,RMHL,5
RMFL,RMDL,IL2R,9
RMFL,RMGR,SAADL,9
RMFL,RMGR,AVJL,6
RMFL,RMGR,AVFL,9
RMFL,RMGR,AVKL,4
RMFL,RMGR,RMDDL,6
RMFL,RMGR,SIBVL,6
AIML,ASGL,AVFR,4
AIML,ASGL,AVJL,4
AIML,AVJL,AVFR,6
AIML,AVJL,ADLR,2
AIML,AVJL,RMGR,2
AIML,AVJL,PVNL,2
AIML,AVFR,HSNL,5
SAADL,PLNL,RMGR,9
SAADL,PLNL,RMFR,6
SAADL,RMFR,RMGR,9
SAADL,RMGR,AVJL,9
SAADL,RMGR,AVFL,10
SAADL,RMGR,AVKL,5
SAADL,RMGR,RMDL,5
SAADL,RMGR,RMDDL,9
SAADL,RMGR,SIBVL,9
AVFR,HSNL,HSNR,10
AVFR,HSNL,ASHR,9
AVFR,HSNL,ASJL,5
AVFR,HSNL,PVQL,9
AVFR,HSNL,AWBR,9
AVFR,HSNL,AIZR,9
AVJL,PVNL,ADLR,2
AVJL,PVNL,RMGR,2
AVJL,PVNL,ALMR,6
AVJL,RMGR,ADLR,2
AVJL,RMGR,AVFL,9
AVJL,RMGR,AVKL,4
AVJL,RMGR,RMDL,4
AVJL,RMGR,RMDDL,6
AVJL,RMGR,SIBVL,6
AVJL,ADLR,AVAL,6
AINL,ASGR,AIAR,6
AINL,ASGR,RID,6
AINL,RID,AIAR,6
RIH,OLQDL,RIBL,2
RIH,OLQDL,CEPDL,2
RIH,OLQDL,URAVL,5
RIH,OLQDL,IL2DL,4
RIH,OLQDL,URYDL,4
RIH,OLQDL,RMEL,6
RIH,OLQDL,RMHL,6
RIH,URAVL,RIBL,5
RIH,URAVL,CEPDL,5
RIH,URAVL,RMDDL,9
RIH,CEPDL,RIBL,7
RIH,CEPDL,SMDDR,4
RIH,CEPDL,IL2DL,6
RIH,RIBL,SMDDR,6
RIH,RIBL,RIGL,6
RIH,RIBL,IL2DL,4
RIH,RIBL,URYDL,9
RIH,RIBL,RMED,4
RIR,PVPL,AVEL,6
RIR,PVPL,BAGL,6
RIR,PVPL,DVA,2
RIR,BAGL,AVEL,6
RIR,BAGL,RIAR,2
RIR,BAGL,AFDR,4
RIR,BAGL,AQR,4
RIR,AVEL,RIGR,2
RIR,AVEL,RIMR,2
RIR,AVEL,URYDL,2
RIR,AVEL,AVKR,2
RIR,AVEL,IL1R,2
RIR,AVEL,SMDDL,2
AUAL,IL2DL,RIBL,6
AUAL,IL2DL,CEPDL,4
AUAL,IL2DL,RMEL,6
AUAL,IL2DL,OLQDL,6
AUAL,IL2DL,RMEV,6
AUAL,IL2DL,RMHL,6
DVA,PVPL,RIGL,4
DVA,PVPL,SMBDL,6
DVA,SMBDL,RIGL,4
DVA,SMBDL,RIAR,2
DVA,SMBDL,AVKR,2
DVA,SMBDL,SMDDL,4
DVA,SMBDL,SIAVL,4
DVA,SMBDL,SIADL,5
DVA,SMBDL,SAAVR,2
DVA,RIGL,RIBL,4
DVA,RIGL,AVKL,6
DVA,RIGL,AVER,6
DVA,RIGL,AIZR,6
DVA,RIGL,AQR,4
HSNR,AVFL,HSNL,10
HSNR,AVFL,AVBR,9
HSNR,AVFL,RMGR,10
HSNR,AVFL,AIMR,5
HSNR,AVFL,RIFR,5
HSNR,HSNL,ASHR,9
HSNR,HSNL,ASJL,5
HSNR,HSNL,PVQL,9
HSNR,HSNL,AWBR,9
HSNR,HSNL,AIZR,9
RIGR,RMHL,AVAL,2
RIGR,RMHL,AVEL,4
RIGR,RMHL,IL2DL,4
RIGR,RMHL,ADER,4
RIGR,RMHL,IL1R,4
RIGR,RMHL,URXR,6
RIGR,RMHL,RMDL,6
RIGR,RMHL,OLQDL,4
RIGR,RMHL,URBR,4
RIGR,AVEL,AVAL,4
RIGR,AVEL,RIMR,2
RIGR,AVEL,URYDL,2
RIGR,AVEL,AVKR,2
RIGR,AVEL,IL1R,2
RIGR,AVEL,SMDDL,2
RIGR,AVAL,ADLR,4
RIGR,AVAL,ASHR,4
RIGR,AVAL,ADER,6
RIGR,AVAL,SDQL,4
RIGR,AVAL,ALA,4
RIGR,AVAL,PVCL,4
HSNL,AIZR,ASHR,6
HSNL,AIZR,ASJL,4
HSNL,AIZR,PVQL,6
HSNL,AIZR,AWBR,6
HSNL,AIZR,RIGL,2
HSNL,AWBR,ASHR,6
HSNL,AWBR,ASJL,4
HSNL,AWBR,PVQL,6
HSNL,PVQL,ASHR,6
HSNL,PVQL,ASJL,4
HSNL,ASJL,ASHR,4
HSNL,ASHR,AVAL,4
RIBL,RMED,SMDDR,4
RIBL,RMED,RIGL,4
RIBL,RMED,IL2DL,2
RIBL,RMED,URYDL,5
RIBL,RMED,CEPDL,2
RIBL,RMED,SMDDL,4
RIBL,RMED,IL2VL,4
RIBL,RMED,RMDVL,9
RIBL,CEPDL,SMDDR,11
RIBL,CEPDL,RIGL,4
RIBL,CEPDL,IL2DL,7
RIBL,CEPDL,URYDL,5
RIBL,URYDL,SMDDR,9
RIBL,URYDL,RIGL,9
RIBL,URYDL,IL2DL,5
RIBL,URYDL,AVEL,9
RIBL,URYDL,OLQDL,9
RIBL,URYDL,RIS,5
RIBL,IL2DL,SMDDR,4
RIBL,IL2DL,RIGL,4
RIBL,IL2DL,RMEL,6
RIBL,IL2DL,OLQDL,6
RIBL,IL2DL,RMEV,6
RIBL,IL2DL,RMHL,6
RIBL,RIGL,SMDDR,6
RIBL,RIGL,AVKL,4
RIBL,RIGL,AVER,4
RIBL,RIGL,AIZR,4
RIBL,RIGL,AQR,2
RIBL,SMDDR,SMDDL,5
RIBL,SMDDR,RIVL,4
RMDDR,SMDVL,SMDVR,9
RMDDR,SMDVL,AVKL,4
RMDDR,SMDVL,ALNR,4
RMDDR,SMDVL,CEPVR,4
RIVR,SMDDL,SMDDR,9
RIVR,SMDDL,RIBR,4
RIVR,SMDDL,AVEL,6
RIVR,SMDDL,AVKL,4
RIVR,SMDDL,RMDL,6
RIVR,SMDDL,SMBDL,4
RIVR,SMDDL,RMED,6
RIVR,SMDDL,RIS,6
RIVR,SMDDL,ALNR,6
RIVR,SMDDL,CEPDR,6
SMDVR,RMDDL,SMDVL,9
SMDVR,RMDDL,RMGR,2
SMDVR,RMDDL,IL1R,5
SMDVR,RMDDL,URAVL,2
SMDVR,RMDDL,RMEV,5
SMDVR,RMDDL,RMDVL,4
SMDVR,RMDDL,RIS,2
SMDVR,RMDDL,ALMR,2
SMDVR,SMDVL,AVKL,5
SMDVR,SMDVL,ALNR,5
SMDVR,SMDVL,CEPVR,5
SMDDR,RIVL,SMDDL,9
SMDDR,RIVL,CEPDL,6
SMDDR,RIVL,ALNR,2
SMDDR,CEPDL,SMDDL,9
SMDDR,CEPDL,IL2DL,4
SMDDR,SMDDL,RIBR,5
SMDDR,SMDDL,AVEL,9
SMDDR,SMDDL,AVKL,5
SMDDR,SMDDL,RMDL,9
SMDDR,SMDDL,SMBDL,5
SMDDR,SMDDL,RMED,9
SMDDR,SMDDL,RIS,9
SMDDR,SMDDL,ALNR,9
SMDDR,SMDDL,CEPDR,9
RIGL,AQR,AVKL,4
RIGL,AQR,AVER,4
RIGL,AQR,AIZR,4
RIGL,AQR,BAGL,4
RIGL,AIZR,AVKL,6
RIGL,AIZR,AVER,6
RIGL,AVER,AVKL,7
RIGL,AVKL,RMGR,4
RIGL,AVKL,RIMR,2
RIGL,AVKL,SMDDL,4
RIGL,AVKL,SMBDR,4
RIGL,AVKL,SMDVL,4
RIGL,AVKL,RMDL,2
RIAR,BAGL,SMBDL,6
RIAR,BAGL,AFDR,4
RIAR,BAGL,AQR,4
RIAR,SMBDL,AVKR,2
RIAR,SMBDL,SMDDL,4
RIAR,SMBDL,SIAVL,4
RIAR,SMBDL,SIADL,5
RIAR,SMBDL,SAAVR,2
AFDR,BAGL,AQR,6
ADLR,AVAL,ASHR,2
ADLR,AVAL,ADER,4
ADLR,AVAL,SDQL,2
ADLR,AVAL,ALA,2
ADLR,AVAL,PVCL,2
AVBR,AVFL,RMGR,9
AVBR,AVFL,AIMR,4
AVBR,AVFL,RIFR,4
ASHR,AVAL,ADER,4
ASHR,AVAL,SDQL,2
ASHR,AVAL,ALA,2
ASHR,AVAL,PVCL,2
IL2DL,RMHL,CEPDL,4
IL2DL,RMHL,RMEL,6
IL2DL,RMHL,OLQDL,7
IL2DL,RMHL,RMEV,6
IL2DL,RMHL,ADER,2
IL2DL,RMHL,IL1R,2
IL2DL,RMHL,URXR,4
IL2DL,RMHL,RMDL,4
IL2DL,RMHL,URBR,2
IL2DL,RMEV,CEPDL,4
IL2DL,RMEV,RMEL,6
IL2DL,RMEV,OLQDL,6
IL2DL,RMEV,RMDDL,5
IL2DL,OLQDL,CEPDL,4
IL2DL,OLQDL,RMEL,7
IL2DL,OLQDL,URYDL,2
IL2DL,RMEL,CEPDL,4
IL2DL,RMEL,IL1R,5
IL2DL,RMEL,URADL,2
IL2DL,RMEL,RMER,5
IL2DL,RMEL,IL2R,2
AVAL,PVCL,ADER,4
AVAL,PVCL,SDQL,2
AVAL,PVCL,ALA,2
AVAL,PVCL,RIFR,4
AVAL,PVCL,ALMR,4
AVAL,ALA,ADER,4
AVAL,ALA,SDQL,2
AVAL,SDQL,ADER,4
AVAL,SDQL,SDQR,9
AVAL,ADER,RMDL,5
AVAL,ADER,RMHL,4
AVAL,ADER,SIADL,4
ADER,SIADL,RMDL,9
ADER,SIADL,RMHL,6
ADER,SIADL,AVKR,2
ADER,SIADL,SMBDL,5
ADER,SIADL,URBR,2
ADER,RMHL,RMDL,12
ADER,RMHL,IL1R,2
ADER,RMHL,URXR,4
ADER,RMHL,OLQDL,2
ADER,RMHL,URBR,2
ADER,RMDL,RMGR,9
ADER,RMDL,AVKR,5
ADER,RMDL,SMDDL,5
ADER,RMDL,AVKL,9
ADER,RMDL,RMDVR,5
ADER,RMDL,IL2R,9
PVCL,ALMR,RIFR,2
PVCL,ALMR,PVNL,4
PVCL,ALMR,RMDDL,6
PVCL,RIFR,AVFL,6
RMGR,SIBVL,AVFL,9
RMGR,SIBVL,AVKL,4
RMGR,SIBVL,RMDL,4
RMGR,SIBVL,RMDDL,6
RMGR,SIBVL,URYVR,2
RMGR,RMDDL,AVFL,9
RMGR,RMDDL,AVKL,4
RMGR,RMDDL,RMDL,4
RMGR,RMDDL,IL1R,5
RMGR,RMDDL,URAVL,2
RMGR,RMDDL,RMEV,5
RMGR,RMDDL,RMDVL,4
RMGR,RMDDL,RIS,2
RMGR,RMDDL,ALMR,2
RMGR,RMDL,AVFL,5
RMGR,RMDL,AVKL,7
RMGR,RMDL,AVKR,4
RMGR,RMDL,SMDDL,4
RMGR,RMDL,RMDVR,4
RMGR,RMDL,RMHL,4
RMGR,RMDL,IL2R,6
RMGR,AVKL,AVFL,5
RMGR,AVKL,RIMR,4
RMGR,AVKL,SMDDL,6
RMGR,AVKL,SMBDR,6
RMGR,AVKL,SMDVL,6
RMGR,AVKL,AVER,6
RMGR,AVFL,AIMR,5
RMGR,AVFL,RIFR,5
RIBR,SMDDL,AVEL,4
RIBR,SMDDL,AVKL,2
RIBR,SMDDL,RMDL,4
RIBR,SMDDL,SMBDL,2
RIBR,SMDDL,RMED,4
RIBR,SMDDL,RIS,4
RIBR,SMDDL,ALNR,4
RIBR,SMDDL,CEPDR,4
AVEL,SMDDL,RIMR,2
AVEL,SMDDL,URYDL,2
AVEL,SMDDL,AVKR,2
AVEL,SMDDL,IL1R,2
AVEL,SMDDL,AVKL,4
AVEL,SMDDL,RMDL,6
AVEL,SMDDL,SMBDL,4
AVEL,SMDDL,RMED,6
AVEL,SMDDL,RIS,6
AVEL,SMDDL,ALNR,6
AVEL,SMDDL,CEPDR,6
AVEL,IL1R,RIMR,2
AVEL,IL1R,URYDL,2
AVEL,IL1R,AVKR,2
AVEL,IL1R,RMEL,9
AVEL,IL1R,RMHL,6
AVEL,IL1R,RMDVL,4
AVEL,IL1R,RMDDL,9
AVEL,AVKR,RIMR,2
AVEL,AVKR,URYDL,2
AVEL,AVKR,RMDL,6
AVEL,AVKR,SMBDL,6
AVEL,AVKR,SIADL,6
AVEL,URYDL,RIMR,2
AVEL,URYDL,OLQDL,6
AVEL,URYDL,RIS,4
AVEL,RIMR,AVKL,6
RIMR,AVKL,SMDDL,4
RIMR,AVKL,SMBDR,4
RIMR,AVKL,SMDVL,4
RIMR,AVKL,AVER,4
RIMR,AVKL,RMDL,2
URYDL,RIS,OLQDL,4
URYDL,RIS,SMDDL,4
URYDL,RIS,RMDDL,6
URYDL,OLQDL,RMEL,4
URYDL,OLQDL,RMHL,4
AVKR,SIADL,RMDL,6
AVKR,SIADL,SMBDL,8
AVKR,SIADL,URBR,2
AVKR,SMBDL,RMDL,6
AVKR,SMBDL,SMDDL,4
AVKR,SMBDL,SIAVL,4
AVKR,SMBDL,SAAVR,2
AVKR,RMDL,SMDDL,2
AVKR,RMDL,AVKL,4
AVKR,RMDL,RMDVR,2
AVKR,RMDL,RMHL,2
AVKR,RMDL,IL2R,4
IL1R,RMDDL,RMEL,10
IL1R,RMDDL,RMHL,9
IL1R,RMDDL,RMDVL,12
IL1R,RMDDL,URAVL,5
IL1R,RMDDL,RMEV,10
IL1R,RMDDL,RIS,5
IL1R,RMDDL,ALMR,5
IL1R,RMDVL,RMEL,5
IL1R,RMDVL,RMHL,4
IL1R,RMDVL,SMBVR,6
IL1R,RMDVL,RMDVR,9
IL1R,RMDVL,RMED,9
IL1R,RMDVL,OLQVR,6
IL1R,RMDVL,IL1VR,9
IL1R,RMHL,RMEL,9
IL1R,RMHL,URXR,4
IL1R,RMHL,RMDL,4
IL1R,RMHL,OLQDL,2
IL1R,RMHL,URBR,2
IL1R,RMEL,URADL,5
IL1R,RMEL,RMER,10
IL1R,RMEL,OLQDL,5
IL1R,RMEL,IL2R,5
SMDDL,CEPDR,AVKL,4
SMDDL,CEPDR,RMDL,6
SMDDL,CEPDR,SMBDL,4
SMDDL,CEPDR,RMED,6
SMDDL,CEPDR,RIS,6
SMDDL,CEPDR,ALNR,6
SMDDL,ALNR,AVKL,4
SMDDL,ALNR,RMDL,6
SMDDL,ALNR,SMBDL,4
SMDDL,ALNR,RMED,6
SMDDL,ALNR,RIS,6
SMDDL,ALNR,SMDVL,4
SMDDL,ALNR,RIVL,4
SMDDL,RIS,AVKL,4
SMDDL,RIS,RMDL,6
SMDDL,RIS,SMBDL,4
SMDDL,RIS,RMED,6
SMDDL,RIS,RMDDL,4
SMDDL,RMED,AVKL,4
SMDDL,RMED,RMDL,6
SMDDL,RMED,SMBDL,4
SMDDL,RMED,IL2VL,2
SMDDL,RMED,RMDVL,5
SMDDL,SMBDL,AVKL,2
SMDDL,SMBDL,RMDL,4
SMDDL,SMBDL,SIAVL,6
SMDDL,SMBDL,SIADL,9
SMDDL,SMBDL,SAAVR,4
SMDDL,RMDL,AVKL,11
SMDDL,RMDL,RMDVR,2
SMDDL,RMDL,RMHL,2
SMDDL,RMDL,IL2R,4
SMDDL,AVKL,SMBDR,6
SMDDL,AVKL,SMDVL,6
SMDDL,AVKL,AVER,6
AVFL,RIFR,AIMR,2
SMBDR,AVKL,SMDVL,6
SMBDR,AVKL,AVER,6
SMBDR,AVKL,RMDL,4
URXR,RMHL,RMDL,6
URXR,RMHL,OLQDL,4
URXR,RMHL,URBR,4
SMBVR,RMDVL,RMDVR,9
SMBVR,RMDVL,RMED,9
SMBVR,RMDVL,RMDDL,4
SMBVR,RMDVL,OLQVR,6
SMBVR,RMDVL,IL1VR,9
PVNL,ALMR,RMDDL,4
AVKL,RMDL,SMDVL,4
AVKL,RMDL,AVER,4
AVKL,RMDL,RMDVR,4
AVKL,RMDL,RMHL,4
AVKL,RMDL,IL2R,6
AVKL,AVER,SMDVL,6
AVKL,SMDVL,ALNR,2
AVKL,SMDVL,CEPVR,2
SMDVL,CEPVR,ALNR,2
SMDVL,ALNR,RIVL,6
RMDL,IL2R,RMDVR,4
RMDL,IL2R,RMHL,4
RMDL,IL2R,RMEL,4
RMDL,RMHL,RMDVR,2
RMDL,RMHL,OLQDL,4
RMDL,RMHL,URBR,4
RMDL,RMDVR,IL1VL,9
RMDL,RMDVR,RMDVL,9
SMBDL,SAAVR,SIAVL,4
SMBDL,SAAVR,SIADL,5
SMBDL,SIADL,SIAVL,9
SMBDL,SIADL,URBR,5
URADL,RMEL,IL1DL,4
URADL,RMEL,RMER,5
URADL,RMEL,OLQDL,2
URADL,RMEL,IL2R,2
RMEL,IL2R,RMER,5
RMEL,IL2R,OLQDL,2
RMEL,OLQDL,RMER,5
RMEL,OLQDL,RMHL,6
RMDVR,RMDVL,IL1VL,10
RMDVR,RMDVL,RMED,10
RMDVR,RMDVL,RMDDL,5
RMDVR,RMDVL,OLQVR,9
RMDVR,RMDVL,IL1VR,10
URAVL,RMDDL,RMEV,5
URAVL,RMDDL,RMDVL,4
URAVL,RMDDL,RIS,2
URAVL,RMDDL,ALMR,2
OLQDL,RMHL,URBR,2
RMEV,RMDDL,RMDVL,9
RMEV,RMDDL,RIS,5
RMEV,RMDDL,ALMR,5
RMHL,URBR,SIADL,6
IL2VL,RMED,RMDVL,5
RMED,RMDVL,RMDDL,5
RMED,RMDVL,OLQVR,9
RMED,RMDVL,IL1VR,10
RMDVL,IL1VR,RMDDL,5
RMDVL,IL1VR,OLQVR,9
RMDVL,OLQVR,RMDDL,4
RMDVL,RMDDL,RIS,4
RMDVL,RMDDL,ALMR,4
RIS,RMDDL,ALMR,2
