ADAL,AIBR,AIZL
ADAL,AIBR,AWCL
ADAL,AVBL,AIBL
ADAL,AVBL,RIFL
ADAL,AVBL,RIMR
ADAL,AVBL,ADAR
ADAL,AVBL,PVCL
ADAL,AVBL,AQR
ADAL,AVBL,PVPR
ADAL,AVBL,PVPL
ADAL,AVBL,AVM
ADAL,AVBL,PVCR
ADAL,AVBL,AVFL
ADAL,AVBL,RIFR
ADAL,AVBL,AVJL
ADAL,AVAL,ADEL
ADAL,AVAL,ADER
ADAL,AVAL,FLPL
ADAL,AVAL,AUAL
ADAL,AVAL,SAADL
ADAL,AVAL,DVC
ADAL,AVAL,RIBL
ADAL,AVAL,SAAVL
ADAL,AVAL,BAGR
ADAL,AVAL,AQR
ADAL,AVAL,PVPR
ADAL,AVAL,RICL
ADAL,AVAL,FLPR
ADAL,AVAL,PVPL
ADAL,AVAL,SDQR
ADAL,AVAL,RICR
ADAL,RIPL,CEPVL
ADAL,RIPL,URADL
ADAL,RIPL,IL1DL
ADAL,RIPL,IL1VL
ADAL,RIPL,URAVL
ADAL,RIPL,IL2DL
ADAL,RIPL,IL2VL
ADAL,RIML,AIZL
ADAL,RIML,AIBL
ADAL,RIML,RIFL
ADAL,RIML,SAADL
ADAL,RIML,RIS
ADAL,RIML,AVKL
ADAL,RIML,SAADR
ADAL,RIML,AVKR
ADAL,AVBR,RIFL
ADAL,AVBR,PVCL
ADAL,AVBR,PVPL
ADAL,AVBR,AVJL
ADAL,AVJR,RIFL
ADAL,AVJR,BDUL
AVJR,PVCL,ALML
AVJR,PVCL,AQR
AVJR,PVCL,PVPL
AVJR,PVCL,AVM
AVJR,BDUL,RIFL
AVJR,AVBL,RIML
AVJR,AVBL,ASHL
AVJR,AVBL,AIBL
AVJR,AVBL,RIMR
AVJR,AVBL,ADAR
AVJR,AVBL,AQR
AVJR,AVBL,PVPR
AVJR,AVBL,PVPL
AVJR,AVBL,AVM
AVJR,AVBL,PVCR
AVJR,AVBL,AVFL
AVJR,AVBL,RIFR
AVJR,AVBL,AVJL
AVBR,AVJL,RIML
AVBR,AVJL,RIFL
AVBR,AVJL,PVCL
AVBR,AVJL,PVPL
AVBR,PVPL,RIML
AVBR,PVPL,RIFL
AVBR,PVCL,RIML
AVBR,PVCL,RIFL
RIML,AVKR,AIZL
RIML,AVKR,AIBL
RIML,AVKR,RIFL
RIML,AVKR,RIS
RIML,AVKR,AVKL
RIML,AVKR,SAADR
RIML,SMDVL,RIBR
RIML,SMDVL,RICR
RIML,SMDVL,OLLR
RIML,SMDVL,URYVR
RIML,SMDVL,RIVL
RIML,RMDR,RMGL
RIML,RMDR,RMFL
RIML,RMDR,IL2L
RIML,RMDR,RMHL
RIML,SAADR,AIZL
RIML,SAADR,AIBL
RIML,SAADR,RIFL
RIML,SAADR,SAADL
RIML,SAADR,RIS
RIML,AVKL,AIZL
RIML,AVKL,AIBL
RIML,AVKL,RIFL
RIML,AVKL,SAADL
RIML,RIS,AIZL
RIML,RIS,AIBL
RIML,RIS,RIFL
RIML,RIS,SAADL
RIML,RIBL,OLLL
RIML,RIBL,RIGL
RIML,RIBL,AIYL
RIML,RIBL,AINR
RIML,RIBL,DVC
RIML,RIBL,RIH
RIML,RIBL,URYVL
RIML,SAADL,AIZL
RIML,SAADL,RIFL
RIML,SMDDR,OLLL
RIML,SMDDR,RICL
RIML,SMDDR,URYDL
RIML,RIFL,AIZL
RIML,RIFL,AIBL
RIML,RMDL,ADEL
RIML,RMDL,RIMR
RIML,RMDL,RMGL
RIML,RMDL,RMFR
RIML,RMDL,RMHR
RIML,RMDL,RIVL
RIML,RMDL,IL2R
RIML,RMDL,RMGR
RIML,AVBL,ASHL
RIML,AVBL,RIMR
RIML,AVBL,ADAR
RIML,AVBL,PVCL
RIML,AVBL,AQR
RIML,AVBL,PVPR
RIML,AVBL,PVPL
RIML,AVBL,AVM
RIML,AVBL,PVCR
RIML,AVBL,AVFL
RIML,AVBL,RIFR
RIML,AVBL,AVJL
RIPL,IL2VL,CEPVL
RIPL,IL2VL,URADL
RIPL,IL2VL,IL1DL
RIPL,IL2VL,IL2DL
RIPL,IL2DL,CEPVL
RIPL,IL2DL,IL1VL
RIPL,IL2DL,URAVL
RIPL,URAVL,URADL
RIPL,URAVL,IL1DL
RIPL,IL1VL,URADL
RIPL,IL1VL,IL1DL
RIPL,IL1DL,CEPVL
RIPL,IL1DL,URADL
RIPL,URADL,CEPVL
AVAL,RICR,ASHL
AVAL,RICR,ADEL
AVAL,RICR,ADER
AVAL,RICR,FLPL
AVAL,RICR,AUAL
AVAL,RICR,SAADL
AVAL,RICR,DVC
AVAL,RICR,RIBL
AVAL,RICR,SAAVL
AVAL,RICR,BAGR
AVAL,RICR,AQR
AVAL,RICR,PVPR
AVAL,RICR,RICL
AVAL,RICR,FLPR
AVAL,RICR,PVPL
AVAL,RICR,SDQR
AVAL,SDQR,ASHL
AVAL,SDQR,ADEL
AVAL,SDQR,ADER
AVAL,SDQR,FLPL
AVAL,SDQR,AUAL
AVAL,SDQR,SAADL
AVAL,SDQR,DVC
AVAL,SDQR,RIBL
AVAL,SDQR,SAAVL
AVAL,SDQR,BAGR
AVAL,SDQR,AQR
AVAL,SDQR,PVPR
AVAL,SDQR,RICL
AVAL,SDQR,FLPR
AVAL,SDQR,PVPL
AVAL,PVPL,ASHL
AVAL,PVPL,ADEL
AVAL,PVPL,ADER
AVAL,PVPL,FLPL
AVAL,PVPL,AUAL
AVAL,PVPL,SAADL
AVAL,PVPL,DVC
AVAL,PVPL,RIBL
AVAL,PVPL,SAAVL
AVAL,PVPL,BAGR
AVAL,PVPL,PVPR
AVAL,PVPL,RICL
AVAL,PVPL,FLPR
AVAL,FLPR,ASHL
AVAL,FLPR,ADEL
AVAL,FLPR,ADER
AVAL,FLPR,FLPL
AVAL,FLPR,AUAL
AVAL,FLPR,SAADL
AVAL,FLPR,DVC
AVAL,FLPR,RIBL
AVAL,FLPR,SAAVL
AVAL,FLPR,BAGR
AVAL,FLPR,AQR
AVAL,FLPR,PVPR
AVAL,FLPR,RICL
AVAL,RICL,ASHL
AVAL,RICL,ADEL
AVAL,RICL,ADER
AVAL,RICL,FLPL
AVAL,RICL,AUAL
AVAL,RICL,SAADL
AVAL,RICL,DVC
AVAL,RICL,RIBL
AVAL,RICL,SAAVL
AVAL,RICL,BAGR
AVAL,RICL,AQR
AVAL,RICL,PVPR
AVAL,PVPR,ASHL
AVAL,PVPR,ADEL
AVAL,PVPR,ADER
AVAL,PVPR,FLPL
AVAL,PVPR,AUAL
AVAL,PVPR,SAADL
AVAL,PVPR,DVC
AVAL,PVPR,RIBL
AVAL,PVPR,SAAVL
AVAL,PVPR,BAGR
AVAL,PVPR,AQR
AVAL,AQR,ASHL
AVAL,AQR,ADEL
AVAL,AQR,ADER
AVAL,AQR,FLPL
AVAL,AQR,AUAL
AVAL,AQR,SAADL
AVAL,AQR,DVC
AVAL,AQR,RIBL
AVAL,AQR,SAAVL
AVAL,AQR,BAGR
AVAL,BAGR,ASHL
AVAL,BAGR,ADEL
AVAL,BAGR,ADER
AVAL,BAGR,FLPL
AVAL,BAGR,AUAL
AVAL,BAGR,SAADL
AVAL,BAGR,DVC
AVAL,BAGR,SAAVL
AVAL,SAAVL,ASHL
AVAL,SAAVL,ADEL
AVAL,SAAVL,ADER
AVAL,SAAVL,FLPL
AVAL,SAAVL,AUAL
AVAL,SAAVL,SAADL
AVAL,SAAVL,DVC
AVAL,SAAVL,RIBL
AVAL,RIBL,ASHL
AVAL,RIBL,ADEL
AVAL,RIBL,ADER
AVAL,RIBL,FLPL
AVAL,RIBL,SAADL
AVAL,DVC,ASHL
AVAL,DVC,ADEL
AVAL,DVC,ADER
AVAL,DVC,FLPL
AVAL,DVC,AUAL
AVAL,DVC,SAADL
AVAL,SAADL,ASHL
AVAL,SAADL,ADEL
AVAL,SAADL,ADER
AVAL,SAADL,FLPL
AVAL,SAADL,AUAL
AVAL,AUAL,ASHL
AVAL,AUAL,ADEL
AVAL,AUAL,ADER
AVAL,AUAL,FLPL
AVAL,FLPL,ASHL
AVAL,FLPL,ADER
AVAL,ADER,ASHL
AVAL,ADEL,ASHL
AVBL,AVJL,ASHL
AVBL,AVJL,AIBL
AVBL,AVJL,RIFL
AVBL,AVJL,RIMR
AVBL,AVJL,PVCL
AVBL,AVJL,AQR
AVBL,AVJL,PVPR
AVBL,AVJL,PVPL
AVBL,AVJL,AVM
AVBL,AVJL,AVFL
AVBL,RIFR,ASHL
AVBL,RIFR,AIBL
AVBL,RIFR,RIFL
AVBL,RIFR,RIMR
AVBL,RIFR,ADAR
AVBL,RIFR,PVCL
AVBL,RIFR,AQR
AVBL,RIFR,PVPR
AVBL,RIFR,PVPL
AVBL,RIFR,AVM
AVBL,RIFR,PVCR
AVBL,RIFR,AVFL
AVBL,AVFL,ASHL
AVBL,AVFL,AIBL
AVBL,AVFL,RIFL
AVBL,AVFL,RIMR
AVBL,AVFL,ADAR
AVBL,AVFL,PVCL
AVBL,AVFL,AQR
AVBL,AVFL,PVPR
AVBL,AVFL,PVPL
AVBL,AVFL,AVM
AVBL,AVFL,PVCR
AVBL,PVCR,ASHL
AVBL,PVCR,AIBL
AVBL,PVCR,RIFL
AVBL,PVCR,RIMR
AVBL,PVCR,ADAR
AVBL,PVCR,PVCL
AVBL,PVCR,AQR
AVBL,PVCR,PVPR
AVBL,PVCR,PVPL
AVBL,PVCR,AVM
AVBL,AVM,ASHL
AVBL,AVM,AIBL
AVBL,AVM,RIFL
AVBL,AVM,RIMR
AVBL,AVM,ADAR
AVBL,AVM,AQR
AVBL,AVM,PVPR
AVBL,AVM,PVPL
AVBL,PVPL,ASHL
AVBL,PVPL,AIBL
AVBL,PVPL,RIFL
AVBL,PVPL,RIMR
AVBL,PVPL,ADAR
AVBL,PVPL,PVPR
AVBL,PVPR,ASHL
AVBL,PVPR,AIBL
AVBL,PVPR,RIFL
AVBL,PVPR,RIMR
AVBL,PVPR,ADAR
AVBL,PVPR,PVCL
AVBL,PVPR,AQR
AVBL,AQR,ASHL
AVBL,AQR,AIBL
AVBL,AQR,RIFL
AVBL,AQR,RIMR
AVBL,AQR,ADAR
AVBL,PVCL,ASHL
AVBL,PVCL,AIBL
AVBL,PVCL,RIFL
AVBL,PVCL,RIMR
AVBL,PVCL,ADAR
AVBL,ADAR,ASHL
AVBL,ADAR,RIFL
AVBL,ADAR,RIMR
AVBL,RIMR,ASHL
AVBL,RIMR,RIFL
AVBL,RIFL,ASHL
AVBL,RIFL,AIBL
AIBR,SMDVL,RIBR
AIBR,SMDVL,RICR
AIBR,SMDVL,OLLR
AIBR,SMDVL,RIS
AIBR,SMDVL,URYVR
AIBR,SMDVL,RIVL
AIBR,SMDDL,RIMR
AIBR,SMDDL,RICL
AIBR,SMDDL,RICR
AIBR,SMDDL,OLLR
AIBR,SMDDL,URYDR
AIBR,SMDDL,SAAVR
AIBR,SMDDL,RMED
AIBR,AWCL,AIZL
ASHL,AIAL,AIZL
ASHL,AIAL,ASKL
ASHL,AIAL,AWCR
ASHL,AIAL,AIML
ASHL,AIAL,ASIL
ASHL,AIAL,PVQL
ASHL,AIAL,ASGL
ASHL,AIBL,AIZL
ASHL,AIBL,AWCL
ASHL,AIBL,ASEL
ASHL,AIBL,ASKL
ASHL,AIBL,AWCR
ASHL,AIBL,ASIL
ASHL,AIBL,ASGL
ASHL,AIBL,ADAR
ASHL,AIBL,DVC
ASHL,AIBL,AIZR
ASHL,AVDR,FLPL
ASHL,AVDR,PVCL
ASHL,RIAL,AIZL
ASHL,RIAL,AUAL
ASHL,RIAL,RIR
ASHL,RIAL,AIYL
ASHL,RIAL,RIBL
ASHL,RIAL,RIH
ASHL,RIAL,URXL
ASHL,RIAL,BAGR
ASHL,RIAL,AQR
ASHL,ADFL,AWBL
ADEL,RIGL,ADFL
ADEL,RIGL,DVC
ADEL,RIGL,URXL
ADEL,RIGL,PVT
ADEL,OLLL,SAADR
ADEL,AVEL,AUAL
ADEL,AVEL,RIBR
ADEL,AVEL,AIZR
ADEL,AVEL,RIBL
ADEL,AVEL,URXL
ADEL,AVEL,DVA
ADEL,AVEL,BAGR
ADEL,AVEL,PVCR
ADEL,AVEL,CEPDR
ADEL,AVEL,ALA
ADEL,AVEL,CEPVR
ADEL,AVEL,OLLR
ADEL,AVEL,RIS
ADEL,AVEL,RMGL
ADEL,AVEL,URYVR
ADEL,AVEL,URYDR
ADEL,RMDL,RIMR
ADEL,RMDL,RIS
ADEL,RMDL,RMGL
ADEL,RMDL,RMFR
ADEL,RMDL,RMHR
ADEL,RMDL,RIVL
ADEL,RMDL,IL2R
ADEL,RMDL,RMGR
ADEL,AVDL,ADLL
ADEL,AVDL,FLPR
ADEL,AVDL,PVCR
ADEL,AVDL,ADLR
ADEL,AVDL,ASHR
ADEL,AVAR,BAGL
ADEL,AVAR,RICL
ADEL,AVAR,PVPL
ADEL,AVAR,SDQL
AVAR,SDQL,FLPL
AVAR,SDQL,BAGL
AVAR,SDQL,RICL
AVAR,SDQL,PVPL
AVAR,PVPL,FLPL
AVAR,PVPL,BAGL
AVAR,PVPL,RICL
AVAR,RICL,FLPL
AVAR,RICL,BAGL
AVAR,BAGL,FLPL
AVDL,ASHR,FLPL
AVDL,ASHR,ADLL
AVDL,ASHR,FLPR
AVDL,ASHR,PVCR
AVDL,ASHR,ADLR
AVDL,ADLR,FLPL
AVDL,ADLR,ADLL
AVDL,ADLR,FLPR
AVDL,ADLR,PVCR
AVDL,PVCR,FLPL
AVDL,PVCR,ADLL
AVDL,PVCR,FLPR
AVDL,FLPR,FLPL
AVDL,FLPR,ADLL
AVDL,ADLL,FLPL
RMDL,RMGR,RIMR
RMDL,RMGR,RIS
RMDL,RMGR,RMGL
RMDL,RMGR,RMFR
RMDL,RMGR,RMHR
RMDL,RMGR,RIVL
RMDL,RMGR,IL2R
RMDL,IL2R,RIMR
RMDL,IL2R,RIS
RMDL,IL2R,RMGL
RMDL,IL2R,RMFR
RMDL,IL2R,RMHR
RMDL,IL2R,RIVL
RMDL,RIVL,RIMR
RMDL,RIVL,RIS
RMDL,RIVL,RMGL
RMDL,RIVL,RMFR
RMDL,RIVL,RMHR
RMDL,RMDVR,OLQVL
RMDL,RMDVR,IL1L
RMDL,RMDVR,URYVL
RMDL,RMHR,RIMR
RMDL,RMHR,RIS
RMDL,RMHR,RMGL
RMDL,RMHR,RMFR
RMDL,RMFR,RIMR
RMDL,RMFR,RIS
RMDL,RMFR,RMGL
RMDL,RMGL,RIMR
RMDL,RMGL,RIS
RMDL,RIS,RIMR
ADER,RIGL,ADFL
ADER,RIGL,DVC
ADER,RIGL,URXL
ADER,RIGL,PVT
RIGR,AVKL,RIS
RIGR,AVKL,RMFR
RIGR,AVKL,PVT
RIGR,AVKL,RMFL
AVEL,URYDR,RIGL
AVEL,URYDR,AUAL
AVEL,URYDR,RIBR
AVEL,URYDR,AIZR
AVEL,URYDR,RIBL
AVEL,URYDR,URXL
AVEL,URYDR,DVA
AVEL,URYDR,BAGR
AVEL,URYDR,PVCR
AVEL,URYDR,CEPDR
AVEL,URYDR,ALA
AVEL,URYDR,CEPVR
AVEL,URYDR,OLLR
AVEL,URYDR,RIS
AVEL,URYDR,RMGL
AVEL,URYDR,URYVR
AVEL,URYVR,RIGL
AVEL,URYVR,AUAL
AVEL,URYVR,RIBR
AVEL,URYVR,AIZR
AVEL,URYVR,RIBL
AVEL,URYVR,URXL
AVEL,URYVR,DVA
AVEL,URYVR,BAGR
AVEL,URYVR,PVCR
AVEL,URYVR,CEPDR
AVEL,URYVR,ALA
AVEL,URYVR,CEPVR
AVEL,URYVR,OLLR
AVEL,URYVR,RIS
AVEL,URYVR,RMGL
AVEL,RMGL,RIGL
AVEL,RMGL,AUAL
AVEL,RMGL,RIBR
AVEL,RMGL,AIZR
AVEL,RMGL,RIBL
AVEL,RMGL,URXL
AVEL,RMGL,DVA
AVEL,RMGL,BAGR
AVEL,RMGL,PVCR
AVEL,RMGL,CEPDR
AVEL,RMGL,ALA
AVEL,RMGL,CEPVR
AVEL,RMGL,OLLR
AVEL,RMGL,RIS
AVEL,RIS,RIGL
AVEL,RIS,AUAL
AVEL,RIS,RIBR
AVEL,RIS,AIZR
AVEL,RIS,URXL
AVEL,RIS,DVA
AVEL,RIS,BAGR
AVEL,RIS,PVCR
AVEL,RIS,CEPDR
AVEL,RIS,ALA
AVEL,RIS,CEPVR
AVEL,RIS,OLLR
AVEL,OLLR,RIGL
AVEL,OLLR,AUAL
AVEL,OLLR,RIBR
AVEL,OLLR,AIZR
AVEL,OLLR,RIBL
AVEL,OLLR,URXL
AVEL,OLLR,DVA
AVEL,OLLR,BAGR
AVEL,OLLR,PVCR
AVEL,OLLR,CEPDR
AVEL,OLLR,ALA
AVEL,OLLR,CEPVR
AVEL,CEPVR,RIGL
AVEL,CEPVR,AUAL
AVEL,CEPVR,RIBR
AVEL,CEPVR,AIZR
AVEL,CEPVR,RIBL
AVEL,CEPVR,URXL
AVEL,CEPVR,DVA
AVEL,CEPVR,BAGR
AVEL,CEPVR,PVCR
AVEL,CEPVR,CEPDR
AVEL,CEPVR,ALA
AVEL,ALA,RIGL
AVEL,ALA,AUAL
AVEL,ALA,RIBR
AVEL,ALA,AIZR
AVEL,ALA,RIBL
AVEL,ALA,URXL
AVEL,ALA,DVA
AVEL,ALA,BAGR
AVEL,ALA,PVCR
AVEL,ALA,CEPDR
AVEL,CEPDR,RIGL
AVEL,CEPDR,AUAL
AVEL,CEPDR,RIBR
AVEL,CEPDR,AIZR
AVEL,CEPDR,RIBL
AVEL,CEPDR,URXL
AVEL,CEPDR,DVA
AVEL,CEPDR,BAGR
AVEL,CEPDR,PVCR
AVEL,PVCR,RIGL
AVEL,PVCR,AUAL
AVEL,PVCR,RIBR
AVEL,PVCR,AIZR
AVEL,PVCR,RIBL
AVEL,PVCR,URXL
AVEL,PVCR,DVA
AVEL,PVCR,BAGR
AVEL,BAGR,AUAL
AVEL,BAGR,RIBR
AVEL,BAGR,AIZR
AVEL,BAGR,URXL
AVEL,BAGR,DVA
AVEL,DVA,RIGL
AVEL,DVA,RIBR
AVEL,DVA,AIZR
AVEL,DVA,RIBL
AVEL,DVA,URXL
AVEL,URXL,RIBR
AVEL,URXL,AIZR
AVEL,URXL,RIBL
AVEL,RIBL,RIBR
AVEL,RIBL,AIZR
AVEL,AIZR,RIGL
AVEL,AIZR,AUAL
AVEL,AIZR,RIBR
AVEL,RIBR,RIGL
AVEL,RIBR,AUAL
AVEL,AUAL,RIGL
OLLL,RMDDL,RIAL
OLLL,RMDDL,URYDR
OLLL,RMDDL,RIAR
OLLL,RMDDL,IL1VL
OLLL,RMDDL,IL1L
OLLL,RMDDL,URYVL
OLLL,RMDDL,OLQDR
OLLL,RMDVL,RIAL
OLLL,RMDVL,RMGL
OLLL,RMDVL,URYVR
OLLL,RMDVL,RIAR
OLLL,RMDVL,IL1DL
OLLL,RMDVL,URYDL
OLLL,RMDVL,IL1L
OLLL,RMDVL,RMDR
OLLL,RMDVL,RIVL
OLLL,RMDVL,IL1R
OLLL,RMDVL,OLQVR
OLLL,AVER,AIZL
OLLL,AVER,BAGL
OLLL,AVER,PVCL
OLLL,AVER,URYDL
OLLL,AVER,URYVL
OLLL,RIBL,RIGL
OLLL,RIBL,AIYL
OLLL,RIBL,AINR
OLLL,RIBL,DVC
OLLL,RIBL,RIH
OLLL,RIBL,URYVL
OLLL,SMDVR,AIBL
OLLL,SMDVR,RICL
OLLL,SMDVR,URYVL
OLLL,SMDDR,AIBL
OLLL,SMDDR,SAAVL
OLLL,SMDDR,RICL
OLLL,SMDDR,URYDL
RIGL,AVKR,RMFL
RIGL,PVT,ADFL
RIGL,PVT,DVC
RIGL,PVT,URXL
RIGL,URXL,ADFL
RIGL,URXL,DVC
RIGL,RIBL,AIYL
RIGL,RIBL,AINR
RIGL,RIBL,RIH
RIGL,RIBL,URYVL
RIGL,DVC,ADFL
RIGL,AIZL,AWBL
RIGL,AIZL,AIYL
RIGL,AIZL,AWAL
RIGL,AIZL,RIH
FLPL,AVDR,ADLL
FLPL,AVDR,PVCL
ADFL,SMBDL,RICL
ADFL,SMBDL,ALNR
ADFL,RIR,AVHL
ADFL,AUAL,AINR
ADFL,AUAL,URXL
ADFL,AUAL,DVA
ADFL,RIAL,AIYL
ADFL,RIAL,RIBL
ADFL,RIAL,RIH
ADFL,RIAL,URXL
ADFL,RIAL,BAGR
ADFL,RIAL,AQR
ADFL,SMBVL,AVHR
ADFL,AIZL,AIYL
ADFL,AIZL,AWAL
ADFL,AIZL,RIH
AIZL,RIH,RIR
AIZL,RIH,AWBL
AIZL,RIH,AIYL
AIZL,RIH,AWAL
AIZL,AVER,BAGL
AIZL,AVER,RIBL
AIZL,AVER,CEPVL
AIZL,AVER,PVCL
AIZL,AVER,CEPDL
AIZL,AVER,URYDL
AIZL,AVER,URYVL
AIZL,AWAL,RIR
AIZL,AIYL,RIR
AIZL,ASEL,ADLL
AIZL,AIAL,ADLL
AIZL,AIAL,ASKL
AIZL,AIAL,AWCR
AIZL,AIAL,AIML
AIZL,AIAL,ASIL
AIZL,AIAL,PVQL
AIZL,AIAL,ASGL
AIZL,AIBL,ADLL
AIZL,AIBL,AWCL
AIZL,AIBL,ASKL
AIZL,AIBL,AWCR
AIZL,AIBL,ASIL
AIZL,AIBL,ASGL
AIZL,AIBL,ADAR
AIZL,AIBL,DVC
AIZL,AIBL,AIZR
AIZL,AWBL,RIR
AIZL,SMBDL,RICL
AIZL,SMBDL,ALNR
AIZL,RIAL,AUAL
AIZL,RIAL,RIBL
AIZL,RIAL,URXL
AIZL,RIAL,BAGR
AIZL,RIAL,AQR
AIZL,SMBVL,AVHR
SMBVL,RMEV,IL2VL
SMBVL,SAADL,AIBL
SMBVL,SAADL,RIVR
SMBVL,SAADL,AVKR
RIAL,RMDDR,OLQDL
RIAL,RMDDR,URYDL
RIAL,RMDVR,OLQVL
RIAL,RMDVR,IL1L
RIAL,RMDVR,URYVL
RIAL,RMDDL,CEPVL
RIAL,RMDDL,URYDR
RIAL,RMDDL,IL1VL
RIAL,RMDDL,IL1L
RIAL,RMDDL,URYVL
RIAL,RMDDL,OLQDR
RIAL,RMDVL,CEPDL
RIAL,RMDVL,RMGL
RIAL,RMDVL,URYVR
RIAL,RMDVL,IL1DL
RIAL,RMDVL,URYDL
RIAL,RMDVL,IL1L
RIAL,RMDVL,RIVL
RIAL,RMDVL,IL1R
RIAL,RMDVL,OLQVR
RIAL,AQR,AUAL
RIAL,AQR,RIR
RIAL,AQR,AIYL
RIAL,AQR,RIBL
RIAL,AQR,RIH
RIAL,AQR,URXL
RIAL,AQR,BAGR
RIAL,BAGR,AUAL
RIAL,BAGR,RIR
RIAL,BAGR,AIYL
RIAL,BAGR,RIH
RIAL,BAGR,URXL
RIAL,URXL,AIYL
RIAL,URXL,RIBL
RIAL,URXL,RIH
RIAL,RIH,AUAL
RIAL,RIH,RIR
RIAL,RIH,AIYL
RIAL,RIBL,RIR
RIAL,AIYL,AUAL
RIAL,AIYL,RIR
RIAL,RIR,AUAL
AUAL,DVA,AINR
AUAL,DVA,URXL
AUAL,URXL,AINR
SMBDL,ALNR,RICL
AWBL,AIYL,AWCL
AWBL,AIYL,ASEL
ADLL,AIAL,ASKL
ADLL,AIAL,AWCR
ADLL,AIAL,AIML
ADLL,AIAL,ASIL
ADLL,AIAL,PVQL
ADLL,AIAL,ASGL
ADLL,AIBL,ASKL
ADLL,AIBL,AWCR
ADLL,AIBL,ASIL
ADLL,AIBL,ASGL
ADLL,AIBL,ADAR
ADLL,AIBL,DVC
ADLL,AIBL,AIZR
ADLL,AWCL,ASIR
ADLL,AVDR,PVCL
AWCL,AIYL,ASEL
AWCL,AIYL,AWAL
AWCL,AIBL,ASEL
AWCL,AIBL,ASKL
AWCL,AIBL,ASGL
AWCL,AIBL,ADAR
AWCL,AIBL,DVC
AWCL,AIBL,AIZR
AIBL,AIZR,AIAL
AIBL,AIZR,ASEL
AIBL,AIZR,ASKL
AIBL,AIZR,AWCR
AIBL,AIZR,ASIL
AIBL,AIZR,ASGL
AIBL,AIZR,ADAR
AIBL,AIZR,DVC
AIBL,DVC,AIAL
AIBL,DVC,ASEL
AIBL,DVC,ASKL
AIBL,DVC,AWCR
AIBL,DVC,ASIL
AIBL,DVC,ASGL
AIBL,DVC,ADAR
AIBL,ADAR,AIAL
AIBL,ADAR,ASEL
AIBL,ADAR,ASKL
AIBL,ADAR,AWCR
AIBL,ADAR,ASIL
AIBL,ADAR,ASGL
AIBL,SAADL,PLNL
AIBL,SAADL,RIVR
AIBL,SAADL,AVKR
AIBL,SMDVR,RIBL
AIBL,SMDVR,RICL
AIBL,SMDVR,URYVL
AIBL,SMDDR,SAAVL
AIBL,SMDDR,RICL
AIBL,SMDDR,URYDL
AIBL,ASGL,ASEL
AIBL,ASGL,ASKL
AIBL,ASGL,AWCR
AIBL,ASIL,ASEL
AIBL,ASIL,ASKL
AIBL,AWCR,ASEL
AIBL,AWCR,ASKL
AIBL,ASKL,ASEL
AIAL,ASGL,ASKL
AIAL,ASGL,AWCR
AIAL,ASGL,PVQL
AIAL,PVQL,AWCR
AIAL,PVQL,AIML
AIAL,PVQL,ASIL
AIAL,ASIL,ASKL
AIAL,ASIL,AIML
AIAL,AIML,AWCR
AIAL,AWCR,ASKL
ASEL,AIYL,AWAL
AFDL,AINR,AWAL
AIYL,RIBL,AINR
AIYL,RIBL,DVC
AIYL,RIBL,RIH
AIYL,RIBL,URYVL
AINR,RIBL,DVC
AINR,RIBL,RIH
AINR,RIBL,URYVL
AIML,ASGL,ASIL
RIBR,SMDVL,RICR
RIBR,SMDVL,OLLR
RIBR,SMDVL,RIS
RIBR,SMDVL,URYVR
RIBR,SMDVL,RIVL
SMDDR,URYDL,SAAVL
SMDDR,URYDL,RICL
SMDDR,RICL,SAAVL
SMDVR,URYVL,RICL
SMDVR,RICL,RIBL
SAADL,AVKR,PLNL
SAADL,AVKR,RIVR
SAADL,RIVR,PLNL
SAADL,RIMR,AVKL
RIMR,SMDDL,RICL
RIMR,SMDDL,RICR
RIMR,SMDDL,OLLR
RIMR,SMDDL,URYDR
RIMR,SMDDL,SAAVR
RIMR,SMDDL,RMED
ADAR,AVJL,RIFR
ADAR,AVJL,BDUR
DVC,RMFL,PVT
DVC,RIBL,RIH
DVC,RIBL,URYVL
AINL,BAGL,AQR
BAGL,AVER,RIBL
BAGL,AVER,CEPVL
BAGL,AVER,PVCL
BAGL,AVER,CEPDL
BAGL,AVER,URYDL
BAGL,AVER,URYVL
RIBL,URYVL,RIH
RIBL,AVER,CEPVL
RIBL,AVER,PVCL
RIBL,AVER,CEPDL
RIBL,AVER,URYDL
AVER,URYVL,CEPVL
AVER,URYVL,PVCL
AVER,URYVL,CEPDL
AVER,URYVL,URYDL
AVER,URYDL,CEPVL
AVER,URYDL,PVCL
AVER,CEPDL,CEPVL
AVER,CEPDL,PVCL
AVER,PVCL,CEPVL
RIH,OLQVL,CEPVL
ALML,CEPDL,URBL
ALML,PVCL,AQR
ALML,PVCL,PVPL
ALML,PVCL,AVM
ALML,CEPVL,RIS
CEPVL,URAVL,IL2VL
CEPVL,IL1VL,URYVL
CEPVL,IL1VL,IL2VL
CEPVL,RMDDL,URYDR
CEPVL,RMDDL,RIAR
CEPVL,RMDDL,IL1L
CEPVL,RMDDL,URYVL
CEPVL,RMDDL,OLQDR
CEPVL,RICR,CEPDL
CEPVL,RICR,OLQDL
CEPVL,RICR,URBL
CEPVL,RICL,CEPDL
CEPVL,RICL,URXL
CEPVL,RICL,CEPDR
CEPVL,RICL,CEPVR
CEPVL,RICL,OLQDR
CEPVL,RICL,URBR
PVCL,AVM,AQR
PVCL,AVM,PVPL
CEPDL,IL1DL,IL2DL
CEPDL,URADL,IL2DL
CEPDL,RMDVL,RMGL
CEPDL,RMDVL,URYVR
CEPDL,RMDVL,RIAR
CEPDL,RMDVL,IL1L
CEPDL,RMDVL,RMDR
CEPDL,RMDVL,RIVL
CEPDL,RMDVL,IL1R
CEPDL,RMDVL,OLQVR
CEPDL,OLQDL,IL2L
CEPDL,RICL,URXL
CEPDL,RICL,CEPDR
CEPDL,RICL,CEPVR
CEPDL,RICL,OLQVL
CEPDL,RICL,OLQDR
CEPDL,RICL,URBR
URXL,RICL,CEPDR
URXL,RICL,CEPVR
URXL,RICL,OLQVL
URXL,RICL,OLQDR
URXL,RICL,URBR
RICL,URBR,CEPDR
RICL,URBR,CEPVR
RICL,URBR,OLQVL
RICL,URBR,OLQDR
RICL,OLQDR,CEPDR
RICL,OLQDR,CEPVR
RICL,OLQDR,OLQVL
RICL,SMDDL,RICR
RICL,SMDDL,OLLR
RICL,SMDDL,URYDR
RICL,SMDDL,SAAVR
RICL,SMDDL,RMED
RICL,OLQVL,CEPDR
RICL,OLQVL,CEPVR
RICL,CEPVR,CEPDR
RICR,SMDVL,OLLR
RICR,SMDVL,RIS
RICR,SMDVL,URYVR
RICR,SMDVL,RIVL
RICR,SMDDL,OLLR
RICR,SMDDL,URYDR
RICR,SMDDL,SAAVR
RICR,SMDDL,RMED
RICR,URBL,OLQDL
RIFR,AVJL,BDUR
OLLR,SMDVL,RIS
OLLR,SMDVL,URYVR
OLLR,SMDVL,RIVL
OLLR,SMDDL,URYDR
OLLR,SMDDL,SAAVR
OLLR,SMDDL,RMED
RIS,SMDVL,URYVR
RIS,SMDVL,RIVL
RIS,AVKL,RMFR
RIS,AVKL,PVT
RIS,AVKL,RMFL
RMGL,RMDR,RMFL
RMGL,RMDR,IL2L
RMGL,RMDR,RMHL
RMGL,RMDVL,URYVR
RMGL,RMDVL,RIAR
RMGL,RMDVL,IL1DL
RMGL,RMDVL,URYDL
RMGL,RMDVL,IL1L
RMGL,RMDVL,RIVL
RMGL,RMDVL,IL1R
RMGL,RMDVL,OLQVR
URYVR,SMDVL,RIVL
URYVR,RMDVL,RIAR
URYVR,RMDVL,IL1DL
URYVR,RMDVL,URYDL
URYVR,RMDVL,IL1L
URYVR,RMDVL,RMDR
URYVR,RMDVL,RIVL
URYVR,RMDVL,IL1R
URYVR,RMDVL,OLQVR
URYDR,SMDDL,SAAVR
URYDR,SMDDL,RMED
URYDR,RMDDL,RIAR
URYDR,RMDDL,IL1VL
URYDR,RMDDL,IL1L
URYDR,RMDDL,URYVL
URYDR,RMDDL,OLQDR
AVKL,RMFL,RMFR
AVKL,PVT,RMFR
AVKL,SAADR,RIVL
RMFL,RMDR,IL2L
RMFL,RMDR,RMHL
RIAR,RMDDL,IL1VL
RIAR,RMDDL,IL1L
RIAR,RMDDL,URYVL
RIAR,RMDDL,OLQDR
RIAR,RMDVL,IL1DL
RIAR,RMDVL,URYDL
RIAR,RMDVL,IL1L
RIAR,RMDVL,RMDR
RIAR,RMDVL,IL1R
RIAR,RMDVL,OLQVR
OLQDL,RMDDR,URYDL
RMDVL,OLQVR,IL1DL
RMDVL,OLQVR,URYDL
RMDVL,OLQVR,IL1L
RMDVL,OLQVR,RMDR
RMDVL,OLQVR,RIVL
RMDVL,OLQVR,IL1R
RMDVL,IL1R,IL1DL
RMDVL,IL1R,URYDL
RMDVL,IL1R,IL1L
RMDVL,IL1R,RMDR
RMDVL,IL1R,RIVL
RMDVL,RIVL,IL1DL
RMDVL,RIVL,URYDL
RMDVL,RIVL,IL1L
RMDVL,RIVL,RMDR
RMDVL,RMDR,IL1DL
RMDVL,RMDR,URYDL
RMDVL,IL1L,IL1DL
RMDVL,IL1L,URYDL
RMDVL,URYDL,IL1DL
URBL,IL1L,IL2L
RMDDL,OLQDR,IL1VL
RMDDL,OLQDR,IL1L
RMDDL,OLQDR,URYVL
RMDDL,URYVL,IL1L
RMDDL,IL1L,IL1VL
IL1VL,IL2VL,URYVL
OLQVL,RMDVR,IL1L
OLQVL,RMDVR,URYVL
IL1L,RMDVR,URYVL
RMDR,RMHL,IL2L
IL2VL,RMEL,IL2VR
IL2VL,RMEL,URAVR
RMEL,URAVR,IL2VR
SMDDL,RMED,SAAVR
