ASHL,ADAL,ADLL,9
ALML,BDUL,AVJR,9
PVPL,AVHR,AVBR,9
AIBR,RIML,AVBR,9
SAAVL,RIML,AVBR,9
RIML,AVBR,SMDDL,9
SAAVR,RIML,AVBR,9
SAAVR,RIML,AVBL,9
SAAVR,RIML,RMDL,9
SAAVR,RIML,SMDDR,9
SAAVR,RIML,RIBL,9
SAAVR,RIML,RMDR,9
SAAVR,RIML,SMDVL,9
SAAVL,RIML,SMDVL,9
RIML,SMDVL,SMDDL,9
RIML,SMDDL,AVBL,9
RIML,SMDDL,RMDL,9
RIML,SMDDR,SMDDL,9
RIML,RIBL,SMDDL,9
RIML,RMDR,SMDDL,9
AIBR,RIML,RMDR,9
SAAVL,RIML,RMDR,9
SAAVL,RIML,AVBL,9
SAAVL,RIML,RMDL,9
SAAVL,RIML,RIBL,9
SAAVL,RIML,AVAL,9
AIBR,RIML,SMDDR,9
RIBR,RIML,AIBL,9
RIMR,RIML,AIBL,9
AIBR,RIML,RMDL,9
AIBR,RIML,AVBL,9
CEPVL,OLLL,RIPL,9
RIH,AIZL,RIPL,9
RIH,RIAL,RIPL,9
RIH,RIBL,RIPL,9
RIH,OLQVL,RIPL,9
PVPL,AVHR,AVAL,9
PVPR,AVHL,AVAL,9
BAGR,RIGL,AVAL,9
RIMR,SAAVL,AVAL,9
AIBR,RIBL,AVAL,9
RIS,RIBL,AVAL,9
ASHL,ADLL,AVAL,9
AVFL,AVFR,AVBL,9
PVPL,AVHR,AVBL,9
PVPR,AVHL,AVBL,9
RIMR,SAAVL,AVBL,9
RIBR,AIBL,AVBL,9
ASHL,ADLL,AVBL,9
AIBR,RIBL,SMDVL,9
AIBR,RIBL,SMDDL,9
AIBR,RIBL,AVEL,9
AIBR,RIBL,RIAL,9
AIBR,RIBL,SMDVR,9
AIBR,RIBL,AVER,9
AWCL,AIBR,AIAL,9
AWCL,AWCR,AIBR,9
ASIL,AWCL,AIBR,9
ASHL,ADLL,ADFL,9
ASHL,ADLL,RIAL,9
ASHL,ADLL,AVDL,9
ASHL,ADLL,AWCL,9
ASHL,ADLL,ASEL,9
ADEL,OLLL,ADER,9
ADEL,ADER,AVEL,9
ADEL,ADER,RIGR,9
ADEL,ADER,AVAR,9
ADEL,ADER,AVDL,9
ADEL,ADER,RMDL,9
PVPL,AVHR,AVAR,9
BAGL,RIGR,AVAR,9
BAGL,RIBR,AVAR,9
IL1R,RMDVR,RMDL,9
IL1R,RMDL,RMDVL,9
RIAR,RMDVR,RMDL,9
RMDR,RMDVR,RMDL,9
RMDR,RMDL,RMDVL,9
RIAR,RMDL,RMDVL,9
RIAR,RMDL,RMDDL,9
RIS,RIBL,RMDL,9
RIMR,AIBL,RMDL,9
RIMR,SAAVL,RMDL,9
RIAL,RMDL,RMDVL,9
RIAL,RMDL,RMDDL,9
RMDDR,RIAL,RMDL,9
SIADL,RIAL,RMDL,9
BAGL,RIGR,AVKL,9
BAGL,RIGR,AVER,9
BAGL,RIAR,RIGR,9
URXL,RIR,AVEL,9
RIBR,AIBL,AVEL,9
RIBR,BAGL,AVEL,9
RIR,RIGL,AVEL,9
CEPDL,OLLL,RMDDL,9
CEPVL,OLLL,RMDVL,9
CEPDL,OLLL,SMDDR,9
CEPDL,OLLL,SMDVR,9
CEPDL,OLLL,RIBL,9
CEPDL,OLLL,RICL,9
CEPDL,OLLL,RICR,9
CEPDL,OLLL,OLQDL,9
CEPDL,OLLL,URADL,9
CEPDL,OLLL,IL1DL,9
CEPDL,OLLL,RMHR,9
CEPDL,OLLL,URYDL,9
CEPVL,OLLL,SMDDR,9
CEPVL,OLLL,SMDVR,9
CEPVL,OLLL,RIBL,9
CEPVL,OLLL,RICL,9
CEPVL,OLLL,RICR,9
CEPVL,OLLL,IL1VL,9
CEPVL,OLLL,URAVL,9
CEPVL,OLLL,OLQVL,9
AVKR,RIR,RIGL,9
BAGR,AVKR,RIGL,9
BAGR,AIZL,RIGL,9
BAGR,RIGL,RIAL,9
RIR,RIGL,RIBL,9
RIR,RIGL,RIAL,9
RIH,IL2L,AIZL,9
AIZL,AIYL,AFDL,9
URXL,AIZL,RIR,9
PVPL,AVHR,SMBVL,9
PLNL,SMBVL,RMEV,9
RIAL,SMDVL,RMDVL,9
RIAL,SMDVL,RMDDL,9
RMDVR,RIAL,SMDVL,9
RMDDR,RIAL,SMDVL,9
SIADL,RIAL,SMDVL,9
RIAL,SMDDL,RMDVL,9
RIAL,SMDDL,RMDDL,9
RMDVR,RIAL,SMDDL,9
RMDDR,RIAL,SMDDL,9
SIADL,RIAL,SMDDL,9
SIADL,RIAL,SMDDR,9
SIADL,SMDVR,RIAL,9
RIAR,SIADL,RIAL,9
SIADL,RMDR,RIAL,9
RIVR,SIADL,RIAL,9
RIVR,RIAL,RMDVL,9
RIVR,RIAL,RMDDL,9
RIVR,RMDVR,RIAL,9
RIVR,RMDDR,RIAL,9
RIVR,SAADL,RIAL,9
RIVR,SIAVL,RIAL,9
RMDDR,RIAL,SMDDR,9
RMDDR,SMDVR,RIAL,9
RIAR,RMDDR,RIAL,9
RMDDR,RMDR,RIAL,9
RMDVR,RIAL,SMDDR,9
RMDVR,SMDVR,RIAL,9
RIAR,RMDVR,RIAL,9
RMDR,RMDVR,RIAL,9
RMDR,RIAL,RMDDL,9
RIAL,SMDDR,RMDDL,9
SMDVR,RIAL,RMDDL,9
RIAL,SMDDR,RMDVL,9
SMDVR,RIAL,RMDVL,9
RIH,IL2L,RIAL,9
RIS,RIBL,RIAL,9
AIYL,AFDL,RIAL,9
URXL,RIR,AUAL,9
AUAL,RIBL,SMDVR,9
AUAL,RIBL,AVER,9
AVHL,PVPR,RIR,9
URXL,RIR,RICL,9
AWCL,AIAR,AIAL,9
AWCL,AWCR,AIAR,9
ASIL,AWCL,AIAR,9
ASIL,AWCL,AIYL,9
ASIL,AWCL,ASGL,9
AWCL,AWCR,AIYL,9
AWCL,AIYL,AIAL,9
RIFL,AWCL,AIAL,9
RIMR,SMDDR,AIBL,9
RIMR,SMDVR,AIBL,9
RIMR,AIBL,SMDDL,9
RIBR,SAADL,AIBL,9
RIBR,SMDVR,AIBL,9
RIBR,SMDDR,AIBL,9
RIBR,AIBL,SMDVL,9
AIML,ASKL,AIBL,9
RIFL,ASEL,AIAL,9
ASEL,AIYL,AIAL,9
AIYL,AFDL,RIBL,9
AIML,ASKL,ASGL,9
RIBR,BAGL,SMDVL,9
RIBR,BAGL,AVER,9
RIBR,BAGL,RIAR,9
RIMR,SAAVL,SMDDR,9
BAGR,RIBL,SMDVR,9
RIS,RIBL,SMDVR,9
RIMR,SAAVL,SMDDL,9
RIS,RIBL,AVER,9
RIS,CEPVL,RIBL,9
RIS,AVKL,RIBL,9
RIS,RIBL,SMDVL,9
BAGR,RIBL,AVER,9
RIH,IL2L,RIBL,9
RIH,IL2L,OLQVL,9
RIH,IL2L,OLQDL,9
RIH,IL2L,IL1L,9
RIH,IL2L,RMDR,9
CEPDL,ALML,BDUL,9
ALML,BDUL,PVCL,9
CEPVL,ALML,BDUL,9
PVPL,AVHR,PVCL,9
PVPR,AVHL,SMBVR,9
RIVL,RIAR,SAADR,9
RIVL,RIAR,RMDDL,9
RIVL,RIAR,SIAVR,9
RIAR,SMDVL,RMDVL,9
RIAR,SMDVL,RMDDL,9
RIAR,SMDDL,RMDVL,9
RIAR,SMDDL,RMDDL,9
IL1L,RMDR,RMDDL,9
IL1L,RMDR,RMDVR,9
