ADAL,AIZL,AIBR,2
ADAL,AWCL,AIBR,2
ADAL,AIBL,AVBL,2
ADAL,RIFL,AVBL,2
ADAL,RIMR,AVBL,2
ADAL,ADAR,AVBL,2
ADAL,PVCL,AVBL,2
ADAL,AQR,AVBL,2
ADAL,PVPR,AVBL,2
ADAL,PVPL,AVBL,2
ADAL,AVM,AVBL,2
ADAL,PVCR,AVBL,2
ADAL,AVFL,AVBL,2
ADAL,RIFR,AVBL,2
ADAL,AVJL,AVBL,2
ADEL,ADAL,AVAL,2
ADAL,ADER,AVAL,2
ADAL,FLPL,AVAL,2
ADAL,AUAL,AVAL,2
ADAL,SAADL,AVAL,2
ADAL,DVC,AVAL,2
ADAL,RIBL,AVAL,2
ADAL,SAAVL,AVAL,2
ADAL,BAGR,AVAL,2
ADAL,AQR,AVAL,2
ADAL,PVPR,AVAL,2
ADAL,RICL,AVAL,2
ADAL,FLPR,AVAL,2
ADAL,PVPL,AVAL,2
ADAL,SDQR,AVAL,2
ADAL,RICR,AVAL,2
ADAL,CEPVL,RIPL,2
ADAL,URADL,RIPL,2
ADAL,IL1DL,RIPL,2
ADAL,IL1VL,RIPL,2
ADAL,URAVL,RIPL,2
ADAL,IL2DL,RIPL,2
ADAL,IL2VL,RIPL,2
ADAL,AIZL,RIML,2
ADAL,RIML,AIBL,2
ADAL,RIFL,RIML,2
ADAL,SAADL,RIML,2
ADAL,RIS,RIML,2
ADAL,RIML,AVKL,2
ADAL,SAADR,RIML,2
ADAL,AVKR,RIML,2
ADAL,RIFL,AVBR,2
ADAL,PVCL,AVBR,2
ADAL,PVPL,AVBR,2
ADAL,AVJL,AVBR,2
ADAL,RIFL,AVJR,2
ADAL,BDUL,AVJR,2
ALML,AVJR,PVCL,2
AQR,AVJR,PVCL,2
PVPL,AVJR,PVCL,2
AVM,AVJR,PVCL,2
RIFL,BDUL,AVJR,2
AVJR,RIML,AVBL,2
ASHL,AVJR,AVBL,2
AVJR,AIBL,AVBL,2
RIMR,AVJR,AVBL,2
ADAR,AVJR,AVBL,2
AQR,AVJR,AVBL,2
PVPR,AVJR,AVBL,2
PVPL,AVJR,AVBL,2
AVM,AVJR,AVBL,2
PVCR,AVJR,AVBL,2
AVFL,AVJR,AVBL,2
RIFR,AVJR,AVBL,2
AVJL,AVJR,AVBL,2
AVJL,RIML,AVBR,2
RIFL,AVJL,AVBR,2
AVJL,PVCL,AVBR,2
PVPL,AVJL,AVBR,2
PVPL,RIML,AVBR,2
PVPL,RIFL,AVBR,2
PVCL,RIML,AVBR,2
RIFL,PVCL,AVBR,2
AIZL,AVKR,RIML,2
AVKR,RIML,AIBL,2
RIFL,AVKR,RIML,2
RIS,AVKR,RIML,2
AVKR,RIML,AVKL,2
AVKR,SAADR,RIML,2
RIBR,RIML,SMDVL,2
RICR,RIML,SMDVL,2
OLLR,RIML,SMDVL,2
URYVR,RIML,SMDVL,2
RIVL,RIML,SMDVL,2
RMGL,RIML,RMDR,2
RMFL,RIML,RMDR,2
IL2L,RIML,RMDR,2
RMHL,RIML,RMDR,2
AIZL,SAADR,RIML,2
SAADR,RIML,AIBL,2
RIFL,SAADR,RIML,2
SAADR,SAADL,RIML,2
RIS,SAADR,RIML,2
AIZL,RIML,AVKL,2
RIML,AVKL,AIBL,2
RIFL,RIML,AVKL,2
SAADL,RIML,AVKL,2
RIS,AIZL,RIML,2
RIS,RIML,AIBL,2
RIS,RIFL,RIML,2
RIS,SAADL,RIML,2
OLLL,RIML,RIBL,2
RIML,RIGL,RIBL,2
AIYL,RIML,RIBL,2
AINR,RIML,RIBL,2
DVC,RIML,RIBL,2
RIH,RIML,RIBL,2
URYVL,RIML,RIBL,2
AIZL,SAADL,RIML,2
RIFL,SAADL,RIML,2
OLLL,RIML,SMDDR,2
RIML,RICL,SMDDR,2
URYDL,RIML,SMDDR,2
RIFL,AIZL,RIML,2
RIFL,RIML,AIBL,2
ADEL,RIML,RMDL,2
RIMR,RIML,RMDL,2
RMGL,RIML,RMDL,2
RMFR,RIML,RMDL,2
RMHR,RIML,RMDL,2
RIVL,RIML,RMDL,2
IL2R,RIML,RMDL,2
RMGR,RIML,RMDL,2
ASHL,RIML,AVBL,2
RIMR,RIML,AVBL,2
ADAR,RIML,AVBL,2
PVCL,RIML,AVBL,2
AQR,RIML,AVBL,2
PVPR,RIML,AVBL,2
PVPL,RIML,AVBL,2
AVM,RIML,AVBL,2
PVCR,RIML,AVBL,2
AVFL,RIML,AVBL,2
RIFR,RIML,AVBL,2
AVJL,RIML,AVBL,2
IL2VL,CEPVL,RIPL,2
IL2VL,URADL,RIPL,2
IL2VL,IL1DL,RIPL,2
IL2VL,IL2DL,RIPL,2
CEPVL,IL2DL,RIPL,2
IL2DL,IL1VL,RIPL,2
IL2DL,URAVL,RIPL,2
URAVL,URADL,RIPL,2
IL1DL,URAVL,RIPL,2
IL1VL,URADL,RIPL,2
IL1VL,IL1DL,RIPL,2
CEPVL,IL1DL,RIPL,2
IL1DL,URADL,RIPL,2
CEPVL,URADL,RIPL,2
ASHL,RICR,AVAL,2
ADEL,RICR,AVAL,2
ADER,RICR,AVAL,2
FLPL,RICR,AVAL,2
RICR,AUAL,AVAL,2
RICR,SAADL,AVAL,2
DVC,RICR,AVAL,2
RICR,RIBL,AVAL,2
SAAVL,RICR,AVAL,2
BAGR,RICR,AVAL,2
AQR,RICR,AVAL,2
PVPR,RICR,AVAL,2
RICR,RICL,AVAL,2
FLPR,RICR,AVAL,2
PVPL,RICR,AVAL,2
SDQR,RICR,AVAL,2
ASHL,SDQR,AVAL,2
ADEL,SDQR,AVAL,2
ADER,SDQR,AVAL,2
FLPL,SDQR,AVAL,2
SDQR,AUAL,AVAL,2
SDQR,SAADL,AVAL,2
DVC,SDQR,AVAL,2
SDQR,RIBL,AVAL,2
SDQR,SAAVL,AVAL,2
BAGR,SDQR,AVAL,2
AQR,SDQR,AVAL,2
PVPR,SDQR,AVAL,2
SDQR,RICL,AVAL,2
FLPR,SDQR,AVAL,2
PVPL,SDQR,AVAL,2
ASHL,PVPL,AVAL,2
ADEL,PVPL,AVAL,2
PVPL,ADER,AVAL,2
FLPL,PVPL,AVAL,2
PVPL,AUAL,AVAL,2
PVPL,SAADL,AVAL,2
DVC,PVPL,AVAL,2
PVPL,RIBL,AVAL,2
PVPL,SAAVL,AVAL,2
PVPL,BAGR,AVAL,2
PVPL,PVPR,AVAL,2
PVPL,RICL,AVAL,2
PVPL,FLPR,AVAL,2
ASHL,FLPR,AVAL,2
ADEL,FLPR,AVAL,2
FLPR,ADER,AVAL,2
FLPL,FLPR,AVAL,2
FLPR,AUAL,AVAL,2
FLPR,SAADL,AVAL,2
DVC,FLPR,AVAL,2
FLPR,RIBL,AVAL,2
FLPR,SAAVL,AVAL,2
BAGR,FLPR,AVAL,2
AQR,FLPR,AVAL,2
FLPR,PVPR,AVAL,2
FLPR,RICL,AVAL,2
ASHL,RICL,AVAL,2
ADEL,RICL,AVAL,2
ADER,RICL,AVAL,2
FLPL,RICL,AVAL,2
AUAL,RICL,AVAL,2
SAADL,RICL,AVAL,2
DVC,RICL,AVAL,2
RICL,RIBL,AVAL,2
SAAVL,RICL,AVAL,2
BAGR,RICL,AVAL,2
AQR,RICL,AVAL,2
PVPR,RICL,AVAL,2
ASHL,PVPR,AVAL,2
ADEL,PVPR,AVAL,2
PVPR,ADER,AVAL,2
FLPL,PVPR,AVAL,2
PVPR,AUAL,AVAL,2
PVPR,SAADL,AVAL,2
DVC,PVPR,AVAL,2
PVPR,RIBL,AVAL,2
PVPR,SAAVL,AVAL,2
BAGR,PVPR,AVAL,2
AQR,PVPR,AVAL,2
ASHL,AQR,AVAL,2
ADEL,AQR,AVAL,2
AQR,ADER,AVAL,2
AQR,FLPL,AVAL,2
AQR,AUAL,AVAL,2
AQR,SAADL,AVAL,2
AQR,DVC,AVAL,2
AQR,RIBL,AVAL,2
AQR,SAAVL,AVAL,2
AQR,BAGR,AVAL,2
ASHL,BAGR,AVAL,2
ADEL,BAGR,AVAL,2
BAGR,ADER,AVAL,2
FLPL,BAGR,AVAL,2
BAGR,AUAL,AVAL,2
BAGR,SAADL,AVAL,2
DVC,BAGR,AVAL,2
BAGR,SAAVL,AVAL,2
ASHL,SAAVL,AVAL,2
ADEL,SAAVL,AVAL,2
ADER,SAAVL,AVAL,2
FLPL,SAAVL,AVAL,2
SAAVL,AUAL,AVAL,2
SAAVL,SAADL,AVAL,2
DVC,SAAVL,AVAL,2
SAAVL,RIBL,AVAL,2
ASHL,RIBL,AVAL,2
ADEL,RIBL,AVAL,2
ADER,RIBL,AVAL,2
FLPL,RIBL,AVAL,2
SAADL,RIBL,AVAL,2
ASHL,DVC,AVAL,2
ADEL,DVC,AVAL,2
DVC,ADER,AVAL,2
FLPL,DVC,AVAL,2
DVC,AUAL,AVAL,2
DVC,SAADL,AVAL,2
ASHL,SAADL,AVAL,2
ADEL,SAADL,AVAL,2
ADER,SAADL,AVAL,2
FLPL,SAADL,AVAL,2
SAADL,AUAL,AVAL,2
ASHL,AUAL,AVAL,2
ADEL,AUAL,AVAL,2
ADER,AUAL,AVAL,2
FLPL,AUAL,AVAL,2
ASHL,FLPL,AVAL,2
FLPL,ADER,AVAL,2
ASHL,ADER,AVAL,2
ASHL,ADEL,AVAL,2
ASHL,AVJL,AVBL,2
AVJL,AIBL,AVBL,2
RIFL,AVJL,AVBL,2
RIMR,AVJL,AVBL,2
AVJL,PVCL,AVBL,2
AQR,AVJL,AVBL,2
PVPR,AVJL,AVBL,2
PVPL,AVJL,AVBL,2
AVM,AVJL,AVBL,2
AVFL,AVJL,AVBL,2
ASHL,RIFR,AVBL,2
RIFR,AIBL,AVBL,2
RIFL,RIFR,AVBL,2
RIFR,RIMR,AVBL,2
ADAR,RIFR,AVBL,2
RIFR,PVCL,AVBL,2
AQR,RIFR,AVBL,2
RIFR,PVPR,AVBL,2
PVPL,RIFR,AVBL,2
AVM,RIFR,AVBL,2
RIFR,PVCR,AVBL,2
RIFR,AVFL,AVBL,2
ASHL,AVFL,AVBL,2
AVFL,AIBL,AVBL,2
RIFL,AVFL,AVBL,2
AVFL,RIMR,AVBL,2
ADAR,AVFL,AVBL,2
AVFL,PVCL,AVBL,2
AQR,AVFL,AVBL,2
PVPR,AVFL,AVBL,2
PVPL,AVFL,AVBL,2
AVM,AVFL,AVBL,2
PVCR,AVFL,AVBL,2
ASHL,PVCR,AVBL,2
PVCR,AIBL,AVBL,2
RIFL,PVCR,AVBL,2
PVCR,RIMR,AVBL,2
ADAR,PVCR,AVBL,2
PVCR,PVCL,AVBL,2
AQR,PVCR,AVBL,2
PVCR,PVPR,AVBL,2
PVPL,PVCR,AVBL,2
AVM,PVCR,AVBL,2
ASHL,AVM,AVBL,2
AVM,AIBL,AVBL,2
AVM,RIFL,AVBL,2
AVM,RIMR,AVBL,2
AVM,ADAR,AVBL,2
AQR,AVM,AVBL,2
AVM,PVPR,AVBL,2
PVPL,AVM,AVBL,2
ASHL,PVPL,AVBL,2
PVPL,AIBL,AVBL,2
PVPL,RIFL,AVBL,2
PVPL,RIMR,AVBL,2
PVPL,ADAR,AVBL,2
PVPL,PVPR,AVBL,2
ASHL,PVPR,AVBL,2
PVPR,AIBL,AVBL,2
RIFL,PVPR,AVBL,2
PVPR,RIMR,AVBL,2
ADAR,PVPR,AVBL,2
PVPR,PVCL,AVBL,2
AQR,PVPR,AVBL,2
ASHL,AQR,AVBL,2
AQR,AIBL,AVBL,2
AQR,RIFL,AVBL,2
AQR,RIMR,AVBL,2
AQR,ADAR,AVBL,2
ASHL,PVCL,AVBL,2
PVCL,AIBL,AVBL,2
RIFL,PVCL,AVBL,2
RIMR,PVCL,AVBL,2
ADAR,PVCL,AVBL,2
ASHL,ADAR,AVBL,2
ADAR,RIFL,AVBL,2
ADAR,RIMR,AVBL,2
ASHL,RIMR,AVBL,2
RIFL,RIMR,AVBL,2
ASHL,RIFL,AVBL,2
RIFL,AIBL,AVBL,2
RIBR,AIBR,SMDVL,2
AIBR,RICR,SMDVL,2
OLLR,AIBR,SMDVL,2
RIS,AIBR,SMDVL,2
URYVR,AIBR,SMDVL,2
RIVL,AIBR,SMDVL,2
RIMR,AIBR,SMDDL,2
AIBR,RICL,SMDDL,2
AIBR,RICR,SMDDL,2
OLLR,AIBR,SMDDL,2
URYDR,AIBR,SMDDL,2
SAAVR,AIBR,SMDDL,2
RMED,AIBR,SMDDL,2
AWCL,AIZL,AIBR,2
ASHL,AIZL,AIAL,2
ASHL,ASKL,AIAL,2
ASHL,AWCR,AIAL,2
ASHL,AIML,AIAL,2
ASHL,ASIL,AIAL,2
ASHL,PVQL,AIAL,2
ASHL,ASGL,AIAL,2
ASHL,AIZL,AIBL,2
ASHL,AWCL,AIBL,2
ASHL,ASEL,AIBL,2
ASHL,ASKL,AIBL,2
ASHL,AWCR,AIBL,2
ASHL,ASIL,AIBL,2
ASHL,ASGL,AIBL,2
ASHL,ADAR,AIBL,2
ASHL,DVC,AIBL,2
ASHL,AIZR,AIBL,2
ASHL,FLPL,AVDR,2
ASHL,PVCL,AVDR,2
ASHL,AIZL,RIAL,2
ASHL,AUAL,RIAL,2
ASHL,RIR,RIAL,2
ASHL,AIYL,RIAL,2
ASHL,RIBL,RIAL,2
ASHL,RIH,RIAL,2
ASHL,URXL,RIAL,2
ASHL,BAGR,RIAL,2
ASHL,AQR,RIAL,2
ASHL,ADFL,AWBL,2
ADEL,ADFL,RIGL,2
ADEL,DVC,RIGL,2
ADEL,URXL,RIGL,2
ADEL,PVT,RIGL,2
ADEL,OLLL,SAADR,2
ADEL,AUAL,AVEL,2
ADEL,RIBR,AVEL,2
ADEL,AIZR,AVEL,2
ADEL,RIBL,AVEL,2
ADEL,URXL,AVEL,2
ADEL,DVA,AVEL,2
ADEL,BAGR,AVEL,2
ADEL,PVCR,AVEL,2
ADEL,CEPDR,AVEL,2
ADEL,ALA,AVEL,2
ADEL,CEPVR,AVEL,2
ADEL,OLLR,AVEL,2
ADEL,RIS,AVEL,2
ADEL,RMGL,AVEL,2
ADEL,URYVR,AVEL,2
ADEL,URYDR,AVEL,2
ADEL,RIMR,RMDL,2
ADEL,RIS,RMDL,2
ADEL,RMGL,RMDL,2
ADEL,RMFR,RMDL,2
ADEL,RMHR,RMDL,2
ADEL,RIVL,RMDL,2
ADEL,IL2R,RMDL,2
ADEL,RMGR,RMDL,2
ADEL,ADLL,AVDL,2
ADEL,FLPR,AVDL,2
ADEL,PVCR,AVDL,2
ADEL,ADLR,AVDL,2
ADEL,ASHR,AVDL,2
ADEL,BAGL,AVAR,2
ADEL,RICL,AVAR,2
ADEL,PVPL,AVAR,2
ADEL,SDQL,AVAR,2
FLPL,SDQL,AVAR,2
SDQL,BAGL,AVAR,2
SDQL,RICL,AVAR,2
PVPL,SDQL,AVAR,2
FLPL,PVPL,AVAR,2
PVPL,BAGL,AVAR,2
PVPL,RICL,AVAR,2
FLPL,RICL,AVAR,2
BAGL,RICL,AVAR,2
FLPL,BAGL,AVAR,2
FLPL,ASHR,AVDL,2
ADLL,ASHR,AVDL,2
FLPR,ASHR,AVDL,2
PVCR,ASHR,AVDL,2
ASHR,ADLR,AVDL,2
FLPL,ADLR,AVDL,2
ADLL,ADLR,AVDL,2
FLPR,ADLR,AVDL,2
PVCR,ADLR,AVDL,2
FLPL,PVCR,AVDL,2
ADLL,PVCR,AVDL,2
PVCR,FLPR,AVDL,2
FLPL,FLPR,AVDL,2
ADLL,FLPR,AVDL,2
ADLL,FLPL,AVDL,2
RMGR,RIMR,RMDL,2
RIS,RMGR,RMDL,2
RMGL,RMGR,RMDL,2
RMFR,RMGR,RMDL,2
RMGR,RMHR,RMDL,2
RIVL,RMGR,RMDL,2
RMGR,IL2R,RMDL,2
IL2R,RIMR,RMDL,2
RIS,IL2R,RMDL,2
RMGL,IL2R,RMDL,2
RMFR,IL2R,RMDL,2
IL2R,RMHR,RMDL,2
RIVL,IL2R,RMDL,2
RIVL,RIMR,RMDL,2
RIS,RIVL,RMDL,2
RIVL,RMGL,RMDL,2
RIVL,RMFR,RMDL,2
RIVL,RMHR,RMDL,2
OLQVL,RMDVR,RMDL,2
IL1L,RMDVR,RMDL,2
URYVL,RMDVR,RMDL,2
RIMR,RMHR,RMDL,2
RIS,RMHR,RMDL,2
RMGL,RMHR,RMDL,2
RMFR,RMHR,RMDL,2
RMFR,RIMR,RMDL,2
RIS,RMFR,RMDL,2
RMGL,RMFR,RMDL,2
RMGL,RIMR,RMDL,2
RIS,RMGL,RMDL,2
RIS,RIMR,RMDL,2
ADFL,ADER,RIGL,2
DVC,ADER,RIGL,2
URXL,ADER,RIGL,2
PVT,ADER,RIGL,2
RIS,RIGR,AVKL,2
RMFR,RIGR,AVKL,2
PVT,RIGR,AVKL,2
RMFL,RIGR,AVKL,2
URYDR,RIGL,AVEL,2
URYDR,AUAL,AVEL,2
URYDR,RIBR,AVEL,2
URYDR,AIZR,AVEL,2
URYDR,RIBL,AVEL,2
URXL,URYDR,AVEL,2
URYDR,DVA,AVEL,2
URYDR,BAGR,AVEL,2
URYDR,PVCR,AVEL,2
URYDR,CEPDR,AVEL,2
URYDR,ALA,AVEL,2
URYDR,CEPVR,AVEL,2
URYDR,OLLR,AVEL,2
RIS,URYDR,AVEL,2
RMGL,URYDR,AVEL,2
URYDR,URYVR,AVEL,2
URYVR,RIGL,AVEL,2
URYVR,AUAL,AVEL,2
URYVR,RIBR,AVEL,2
URYVR,AIZR,AVEL,2
URYVR,RIBL,AVEL,2
URXL,URYVR,AVEL,2
URYVR,DVA,AVEL,2
URYVR,BAGR,AVEL,2
URYVR,PVCR,AVEL,2
URYVR,CEPDR,AVEL,2
URYVR,ALA,AVEL,2
URYVR,CEPVR,AVEL,2
URYVR,OLLR,AVEL,2
RIS,URYVR,AVEL,2
RMGL,URYVR,AVEL,2
RMGL,RIGL,AVEL,2
RMGL,AUAL,AVEL,2
RMGL,RIBR,AVEL,2
RMGL,AIZR,AVEL,2
RMGL,RIBL,AVEL,2
RMGL,URXL,AVEL,2
RMGL,DVA,AVEL,2
RMGL,BAGR,AVEL,2
RMGL,PVCR,AVEL,2
RMGL,CEPDR,AVEL,2
RMGL,ALA,AVEL,2
RMGL,CEPVR,AVEL,2
RMGL,OLLR,AVEL,2
RIS,RMGL,AVEL,2
RIS,RIGL,AVEL,2
RIS,AUAL,AVEL,2
RIS,RIBR,AVEL,2
RIS,AIZR,AVEL,2
RIS,URXL,AVEL,2
RIS,DVA,AVEL,2
RIS,BAGR,AVEL,2
RIS,PVCR,AVEL,2
RIS,CEPDR,AVEL,2
RIS,ALA,AVEL,2
RIS,CEPVR,AVEL,2
RIS,OLLR,AVEL,2
OLLR,RIGL,AVEL,2
OLLR,AUAL,AVEL,2
OLLR,RIBR,AVEL,2
OLLR,AIZR,AVEL,2
OLLR,RIBL,AVEL,2
URXL,OLLR,AVEL,2
OLLR,DVA,AVEL,2
BAGR,OLLR,AVEL,2
OLLR,PVCR,AVEL,2
CEPDR,OLLR,AVEL,2
OLLR,ALA,AVEL,2
OLLR,CEPVR,AVEL,2
CEPVR,RIGL,AVEL,2
CEPVR,AUAL,AVEL,2
CEPVR,RIBR,AVEL,2
CEPVR,AIZR,AVEL,2
CEPVR,RIBL,AVEL,2
URXL,CEPVR,AVEL,2
CEPVR,DVA,AVEL,2
BAGR,CEPVR,AVEL,2
CEPVR,PVCR,AVEL,2
CEPDR,CEPVR,AVEL,2
CEPVR,ALA,AVEL,2
ALA,RIGL,AVEL,2
ALA,AUAL,AVEL,2
ALA,RIBR,AVEL,2
AIZR,ALA,AVEL,2
ALA,RIBL,AVEL,2
URXL,ALA,AVEL,2
ALA,DVA,AVEL,2
BAGR,ALA,AVEL,2
PVCR,ALA,AVEL,2
CEPDR,ALA,AVEL,2
CEPDR,RIGL,AVEL,2
CEPDR,AUAL,AVEL,2
CEPDR,RIBR,AVEL,2
CEPDR,AIZR,AVEL,2
CEPDR,RIBL,AVEL,2
URXL,CEPDR,AVEL,2
CEPDR,DVA,AVEL,2
CEPDR,BAGR,AVEL,2
CEPDR,PVCR,AVEL,2
PVCR,RIGL,AVEL,2
PVCR,AUAL,AVEL,2
PVCR,RIBR,AVEL,2
PVCR,AIZR,AVEL,2
PVCR,RIBL,AVEL,2
URXL,PVCR,AVEL,2
PVCR,DVA,AVEL,2
BAGR,PVCR,AVEL,2
BAGR,AUAL,AVEL,2
BAGR,RIBR,AVEL,2
BAGR,AIZR,AVEL,2
URXL,BAGR,AVEL,2
BAGR,DVA,AVEL,2
DVA,RIGL,AVEL,2
DVA,RIBR,AVEL,2
AIZR,DVA,AVEL,2
DVA,RIBL,AVEL,2
URXL,DVA,AVEL,2
URXL,RIBR,AVEL,2
URXL,AIZR,AVEL,2
URXL,RIBL,AVEL,2
RIBR,RIBL,AVEL,2
AIZR,RIBL,AVEL,2
AIZR,RIGL,AVEL,2
AIZR,AUAL,AVEL,2
AIZR,RIBR,AVEL,2
RIBR,RIGL,AVEL,2
RIBR,AUAL,AVEL,2
AUAL,RIGL,AVEL,2
OLLL,RIAL,RMDDL,2
OLLL,URYDR,RMDDL,2
OLLL,RIAR,RMDDL,2
OLLL,IL1VL,RMDDL,2
OLLL,IL1L,RMDDL,2
URYVL,OLLL,RMDDL,2
OLLL,OLQDR,RMDDL,2
OLLL,RIAL,RMDVL,2
OLLL,RMGL,RMDVL,2
OLLL,URYVR,RMDVL,2
OLLL,RIAR,RMDVL,2
OLLL,IL1DL,RMDVL,2
OLLL,URYDL,RMDVL,2
OLLL,IL1L,RMDVL,2
OLLL,RMDR,RMDVL,2
RIVL,OLLL,RMDVL,2
OLLL,IL1R,RMDVL,2
OLLL,OLQVR,RMDVL,2
OLLL,AIZL,AVER,2
OLLL,BAGL,AVER,2
OLLL,PVCL,AVER,2
OLLL,URYDL,AVER,2
URYVL,OLLL,AVER,2
OLLL,RIGL,RIBL,2
OLLL,AIYL,RIBL,2
OLLL,AINR,RIBL,2
DVC,OLLL,RIBL,2
OLLL,RIH,RIBL,2
URYVL,OLLL,RIBL,2
OLLL,SMDVR,AIBL,2
OLLL,RICL,SMDVR,2
URYVL,OLLL,SMDVR,2
OLLL,SMDDR,AIBL,2
OLLL,SAAVL,SMDDR,2
OLLL,RICL,SMDDR,2
OLLL,URYDL,SMDDR,2
RMFL,AVKR,RIGL,2
ADFL,PVT,RIGL,2
DVC,PVT,RIGL,2
URXL,PVT,RIGL,2
ADFL,URXL,RIGL,2
DVC,URXL,RIGL,2
AIYL,RIGL,RIBL,2
AINR,RIGL,RIBL,2
RIH,RIGL,RIBL,2
URYVL,RIGL,RIBL,2
DVC,ADFL,RIGL,2
AIZL,AWBL,RIGL,2
AIZL,AIYL,RIGL,2
AWAL,AIZL,RIGL,2
RIH,AIZL,RIGL,2
FLPL,ADLL,AVDR,2
FLPL,PVCL,AVDR,2
ADFL,SMBDL,RICL,2
ADFL,ALNR,SMBDL,2
ADFL,AVHL,RIR,2
ADFL,AINR,AUAL,2
ADFL,URXL,AUAL,2
ADFL,DVA,AUAL,2
ADFL,AIYL,RIAL,2
ADFL,RIBL,RIAL,2
ADFL,RIH,RIAL,2
ADFL,URXL,RIAL,2
ADFL,BAGR,RIAL,2
AQR,ADFL,RIAL,2
ADFL,AVHR,SMBVL,2
ADFL,AIZL,AIYL,2
ADFL,AWAL,AIZL,2
ADFL,RIH,AIZL,2
RIH,AIZL,RIR,2
RIH,AIZL,AWBL,2
RIH,AIZL,AIYL,2
RIH,AWAL,AIZL,2
AIZL,BAGL,AVER,2
AIZL,RIBL,AVER,2
CEPVL,AIZL,AVER,2
AIZL,PVCL,AVER,2
CEPDL,AIZL,AVER,2
URYDL,AIZL,AVER,2
URYVL,AIZL,AVER,2
AWAL,AIZL,RIR,2
AIZL,RIR,AIYL,2
ADLL,AIZL,ASEL,2
ADLL,AIZL,AIAL,2
AIZL,ASKL,AIAL,2
AIZL,AWCR,AIAL,2
AIML,AIZL,AIAL,2
ASIL,AIZL,AIAL,2
AIZL,PVQL,AIAL,2
AIZL,ASGL,AIAL,2
ADLL,AIZL,AIBL,2
AIZL,AWCL,AIBL,2
AIZL,ASKL,AIBL,2
AIZL,AWCR,AIBL,2
ASIL,AIZL,AIBL,2
AIZL,ASGL,AIBL,2
ADAR,AIZL,AIBL,2
DVC,AIZL,AIBL,2
AIZL,AIZR,AIBL,2
AIZL,AWBL,RIR,2
AIZL,SMBDL,RICL,2
AIZL,ALNR,SMBDL,2
AIZL,AUAL,RIAL,2
AIZL,RIBL,RIAL,2
URXL,AIZL,RIAL,2
BAGR,AIZL,RIAL,2
AQR,AIZL,RIAL,2
AIZL,AVHR,SMBVL,2
IL2VL,SMBVL,RMEV,2
SMBVL,SAADL,AIBL,2
RIVR,SMBVL,SAADL,2
AVKR,SMBVL,SAADL,2
OLQDL,RMDDR,RIAL,2
URYDL,RMDDR,RIAL,2
OLQVL,RMDVR,RIAL,2
IL1L,RMDVR,RIAL,2
URYVL,RMDVR,RIAL,2
CEPVL,RIAL,RMDDL,2
URYDR,RIAL,RMDDL,2
IL1VL,RIAL,RMDDL,2
IL1L,RIAL,RMDDL,2
URYVL,RIAL,RMDDL,2
OLQDR,RIAL,RMDDL,2
CEPDL,RIAL,RMDVL,2
RMGL,RIAL,RMDVL,2
URYVR,RIAL,RMDVL,2
IL1DL,RIAL,RMDVL,2
URYDL,RIAL,RMDVL,2
IL1L,RIAL,RMDVL,2
RIVL,RIAL,RMDVL,2
IL1R,RIAL,RMDVL,2
OLQVR,RIAL,RMDVL,2
AQR,AUAL,RIAL,2
AQR,RIR,RIAL,2
AQR,AIYL,RIAL,2
AQR,RIBL,RIAL,2
AQR,RIH,RIAL,2
AQR,URXL,RIAL,2
AQR,BAGR,RIAL,2
BAGR,AUAL,RIAL,2
BAGR,RIR,RIAL,2
BAGR,AIYL,RIAL,2
RIH,BAGR,RIAL,2
URXL,BAGR,RIAL,2
URXL,AIYL,RIAL,2
URXL,RIBL,RIAL,2
URXL,RIH,RIAL,2
RIH,AUAL,RIAL,2
RIH,RIR,RIAL,2
RIH,AIYL,RIAL,2
RIR,RIBL,RIAL,2
AIYL,AUAL,RIAL,2
RIR,AIYL,RIAL,2
RIR,AUAL,RIAL,2
AINR,DVA,AUAL,2
URXL,DVA,AUAL,2
URXL,AINR,AUAL,2
ALNR,SMBDL,RICL,2
AWBL,AWCL,AIYL,2
AWBL,ASEL,AIYL,2
ADLL,ASKL,AIAL,2
ADLL,AWCR,AIAL,2
ADLL,AIML,AIAL,2
ADLL,ASIL,AIAL,2
ADLL,PVQL,AIAL,2
ADLL,ASGL,AIAL,2
ADLL,ASKL,AIBL,2
ADLL,AWCR,AIBL,2
ADLL,ASIL,AIBL,2
ADLL,ASGL,AIBL,2
ADLL,ADAR,AIBL,2
ADLL,DVC,AIBL,2
ADLL,AIZR,AIBL,2
ADLL,AWCL,ASIR,2
ADLL,PVCL,AVDR,2
AWCL,ASEL,AIYL,2
AWAL,AWCL,AIYL,2
AWCL,ASEL,AIBL,2
AWCL,ASKL,AIBL,2
AWCL,ASGL,AIBL,2
ADAR,AWCL,AIBL,2
DVC,AWCL,AIBL,2
AWCL,AIZR,AIBL,2
AIZR,AIAL,AIBL,2
AIZR,ASEL,AIBL,2
AIZR,ASKL,AIBL,2
AIZR,AWCR,AIBL,2
ASIL,AIZR,AIBL,2
AIZR,ASGL,AIBL,2
ADAR,AIZR,AIBL,2
DVC,AIZR,AIBL,2
DVC,AIAL,AIBL,2
DVC,ASEL,AIBL,2
DVC,ASKL,AIBL,2
DVC,AWCR,AIBL,2
DVC,ASIL,AIBL,2
DVC,ASGL,AIBL,2
DVC,ADAR,AIBL,2
ADAR,AIAL,AIBL,2
ADAR,ASEL,AIBL,2
ADAR,ASKL,AIBL,2
ADAR,AWCR,AIBL,2
ASIL,ADAR,AIBL,2
ADAR,ASGL,AIBL,2
PLNL,SAADL,AIBL,2
RIVR,SAADL,AIBL,2
AVKR,SAADL,AIBL,2
RIBL,SMDVR,AIBL,2
RICL,SMDVR,AIBL,2
URYVL,SMDVR,AIBL,2
SAAVL,SMDDR,AIBL,2
RICL,SMDDR,AIBL,2
URYDL,SMDDR,AIBL,2
ASGL,ASEL,AIBL,2
ASGL,ASKL,AIBL,2
AWCR,ASGL,AIBL,2
ASIL,ASEL,AIBL,2
ASIL,ASKL,AIBL,2
AWCR,ASEL,AIBL,2
AWCR,ASKL,AIBL,2
ASKL,ASEL,AIBL,2
ASGL,ASKL,AIAL,2
AWCR,ASGL,AIAL,2
PVQL,ASGL,AIAL,2
PVQL,AWCR,AIAL,2
AIML,PVQL,AIAL,2
ASIL,PVQL,AIAL,2
ASIL,ASKL,AIAL,2
ASIL,AIML,AIAL,2
AIML,AWCR,AIAL,2
AWCR,ASKL,AIAL,2
AWAL,ASEL,AIYL,2
AWAL,AINR,AFDL,2
AINR,AIYL,RIBL,2
DVC,AIYL,RIBL,2
RIH,AIYL,RIBL,2
URYVL,AIYL,RIBL,2
DVC,AINR,RIBL,2
RIH,AINR,RIBL,2
URYVL,AINR,RIBL,2
ASIL,AIML,ASGL,2
RIBR,RICR,SMDVL,2
OLLR,RIBR,SMDVL,2
RIS,RIBR,SMDVL,2
URYVR,RIBR,SMDVL,2
RIVL,RIBR,SMDVL,2
URYDL,SAAVL,SMDDR,2
URYDL,RICL,SMDDR,2
SAAVL,RICL,SMDDR,2
URYVL,RICL,SMDVR,2
RICL,RIBL,SMDVR,2
PLNL,AVKR,SAADL,2
RIVR,AVKR,SAADL,2
RIVR,PLNL,SAADL,2
RIMR,SAADL,AVKL,2
RIMR,RICL,SMDDL,2
RIMR,RICR,SMDDL,2
OLLR,RIMR,SMDDL,2
URYDR,RIMR,SMDDL,2
RIMR,SAAVR,SMDDL,2
RIMR,RMED,SMDDL,2
ADAR,RIFR,AVJL,2
ADAR,BDUR,AVJL,2
DVC,PVT,RMFL,2
DVC,RIH,RIBL,2
URYVL,DVC,RIBL,2
AQR,AINL,BAGL,2
BAGL,RIBL,AVER,2
CEPVL,BAGL,AVER,2
BAGL,PVCL,AVER,2
CEPDL,BAGL,AVER,2
URYDL,BAGL,AVER,2
URYVL,BAGL,AVER,2
URYVL,RIH,RIBL,2
CEPVL,RIBL,AVER,2
PVCL,RIBL,AVER,2
CEPDL,RIBL,AVER,2
URYDL,RIBL,AVER,2
URYVL,CEPVL,AVER,2
URYVL,PVCL,AVER,2
CEPDL,URYVL,AVER,2
URYVL,URYDL,AVER,2
CEPVL,URYDL,AVER,2
URYDL,PVCL,AVER,2
CEPDL,CEPVL,AVER,2
CEPDL,PVCL,AVER,2
CEPVL,PVCL,AVER,2
CEPVL,RIH,OLQVL,2
CEPDL,URBL,ALML,2
AQR,ALML,PVCL,2
PVPL,ALML,PVCL,2
ALML,AVM,PVCL,2
CEPVL,RIS,ALML,2
CEPVL,IL2VL,URAVL,2
CEPVL,URYVL,IL1VL,2
CEPVL,IL2VL,IL1VL,2
CEPVL,URYDR,RMDDL,2
CEPVL,RIAR,RMDDL,2
CEPVL,IL1L,RMDDL,2
CEPVL,URYVL,RMDDL,2
CEPVL,OLQDR,RMDDL,2
CEPDL,CEPVL,RICR,2
CEPVL,OLQDL,RICR,2
CEPVL,URBL,RICR,2
CEPDL,CEPVL,RICL,2
CEPVL,URXL,RICL,2
CEPVL,CEPDR,RICL,2
CEPVL,CEPVR,RICL,2
CEPVL,OLQDR,RICL,2
CEPVL,URBR,RICL,2
AQR,AVM,PVCL,2
PVPL,AVM,PVCL,2
CEPDL,IL2DL,IL1DL,2
CEPDL,IL2DL,URADL,2
CEPDL,RMGL,RMDVL,2
CEPDL,URYVR,RMDVL,2
CEPDL,RIAR,RMDVL,2
CEPDL,IL1L,RMDVL,2
CEPDL,RMDR,RMDVL,2
CEPDL,RIVL,RMDVL,2
CEPDL,IL1R,RMDVL,2
CEPDL,OLQVR,RMDVL,2
CEPDL,IL2L,OLQDL,2
CEPDL,URXL,RICL,2
CEPDL,CEPDR,RICL,2
CEPDL,CEPVR,RICL,2
CEPDL,OLQVL,RICL,2
CEPDL,OLQDR,RICL,2
CEPDL,URBR,RICL,2
URXL,CEPDR,RICL,2
URXL,CEPVR,RICL,2
URXL,OLQVL,RICL,2
URXL,OLQDR,RICL,2
URXL,URBR,RICL,2
CEPDR,URBR,RICL,2
CEPVR,URBR,RICL,2
URBR,OLQVL,RICL,2
OLQDR,URBR,RICL,2
CEPDR,OLQDR,RICL,2
OLQDR,CEPVR,RICL,2
OLQDR,OLQVL,RICL,2
RICR,RICL,SMDDL,2
OLLR,RICL,SMDDL,2
URYDR,RICL,SMDDL,2
SAAVR,RICL,SMDDL,2
RMED,RICL,SMDDL,2
CEPDR,OLQVL,RICL,2
CEPVR,OLQVL,RICL,2
CEPDR,CEPVR,RICL,2
OLLR,RICR,SMDVL,2
RIS,RICR,SMDVL,2
URYVR,RICR,SMDVL,2
RIVL,RICR,SMDVL,2
OLLR,RICR,SMDDL,2
URYDR,RICR,SMDDL,2
SAAVR,RICR,SMDDL,2
RMED,RICR,SMDDL,2
URBL,OLQDL,RICR,2
RIFR,BDUR,AVJL,2
RIS,OLLR,SMDVL,2
URYVR,OLLR,SMDVL,2
RIVL,OLLR,SMDVL,2
URYDR,OLLR,SMDDL,2
OLLR,SAAVR,SMDDL,2
OLLR,RMED,SMDDL,2
RIS,URYVR,SMDVL,2
RIS,RIVL,SMDVL,2
RIS,RMFR,AVKL,2
RIS,PVT,AVKL,2
RIS,RMFL,AVKL,2
RMGL,RMFL,RMDR,2
RMGL,IL2L,RMDR,2
RMGL,RMHL,RMDR,2
RMGL,URYVR,RMDVL,2
RMGL,RIAR,RMDVL,2
RMGL,IL1DL,RMDVL,2
RMGL,URYDL,RMDVL,2
RMGL,IL1L,RMDVL,2
RIVL,RMGL,RMDVL,2
RMGL,IL1R,RMDVL,2
RMGL,OLQVR,RMDVL,2
RIVL,URYVR,SMDVL,2
URYVR,RIAR,RMDVL,2
URYVR,IL1DL,RMDVL,2
URYVR,URYDL,RMDVL,2
URYVR,IL1L,RMDVL,2
URYVR,RMDR,RMDVL,2
RIVL,URYVR,RMDVL,2
URYVR,IL1R,RMDVL,2
URYVR,OLQVR,RMDVL,2
URYDR,SAAVR,SMDDL,2
URYDR,RMED,SMDDL,2
URYDR,RIAR,RMDDL,2
URYDR,IL1VL,RMDDL,2
URYDR,IL1L,RMDDL,2
URYVL,URYDR,RMDDL,2
URYDR,OLQDR,RMDDL,2
RMFR,RMFL,AVKL,2
PVT,RMFR,AVKL,2
RIVL,SAADR,AVKL,2
IL2L,RMFL,RMDR,2
RMFL,RMHL,RMDR,2
RIAR,IL1VL,RMDDL,2
RIAR,IL1L,RMDDL,2
URYVL,RIAR,RMDDL,2
OLQDR,RIAR,RMDDL,2
RIAR,IL1DL,RMDVL,2
URYDL,RIAR,RMDVL,2
RIAR,IL1L,RMDVL,2
RIAR,RMDR,RMDVL,2
RIAR,IL1R,RMDVL,2
RIAR,OLQVR,RMDVL,2
URYDL,OLQDL,RMDDR,2
OLQVR,IL1DL,RMDVL,2
URYDL,OLQVR,RMDVL,2
OLQVR,IL1L,RMDVL,2
OLQVR,RMDR,RMDVL,2
RIVL,OLQVR,RMDVL,2
OLQVR,IL1R,RMDVL,2
IL1R,IL1DL,RMDVL,2
URYDL,IL1R,RMDVL,2
IL1R,IL1L,RMDVL,2
IL1R,RMDR,RMDVL,2
RIVL,IL1R,RMDVL,2
RIVL,IL1DL,RMDVL,2
RIVL,URYDL,RMDVL,2
RIVL,IL1L,RMDVL,2
RIVL,RMDR,RMDVL,2
IL1DL,RMDR,RMDVL,2
URYDL,RMDR,RMDVL,2
IL1L,IL1DL,RMDVL,2
URYDL,IL1L,RMDVL,2
URYDL,IL1DL,RMDVL,2
URBL,IL2L,IL1L,2
OLQDR,IL1VL,RMDDL,2
OLQDR,IL1L,RMDDL,2
URYVL,OLQDR,RMDDL,2
URYVL,IL1L,RMDDL,2
IL1L,IL1VL,RMDDL,2
IL2VL,URYVL,IL1VL,2
IL1L,OLQVL,RMDVR,2
URYVL,OLQVL,RMDVR,2
URYVL,IL1L,RMDVR,2
IL2L,RMHL,RMDR,2
IL2VL,IL2VR,RMEL,2
IL2VL,URAVR,RMEL,2
URAVR,IL2VR,RMEL,2
RMED,SAAVR,SMDDL,2
ASHL,ADAL,AVJR,4
ASHL,ADAL,AVBR,4
ASHL,ADAL,RIML,4
ASHL,ADAL,RIPL,4
ASHL,ADAL,AIBR,4
ADAL,AIBR,SMDDL,4
ADAL,AIBR,SMDVL,4
ADAL,RIML,RMDL,4
ADAL,RIML,SMDDR,4
ADAL,RIML,RIBL,4
ADAL,RIML,RMDR,4
ADAL,RIML,SMDVL,4
ADAL,AVJR,PVCL,4
RIFL,AVJR,PVCL,4
BDUL,AVJR,PVCL,4
AVJR,PVCL,AVBR,4
AVJR,PVCL,AVDR,4
AVJR,PVCL,AVER,4
BDUL,AVJR,AVBL,4
AVM,BDUL,AVJR,4
RIFL,AVJR,AIAL,4
ADAR,AVJL,AVBR,4
RIFR,AVJL,AVBR,4
BDUR,AVJL,AVBR,4
AQR,PVPL,AVBR,4
ALML,PVCL,AVBR,4
AQR,PVCL,AVBR,4
AVM,PVCL,AVBR,4
RIFL,AVBR,AIAL,4
AIZL,RIML,AVBR,4
RIML,AVBR,AIBL,4
SAADL,RIML,AVBR,4
RIS,RIML,AVBR,4
RIML,AVKL,AVBR,4
SAADR,RIML,AVBR,4
AVKR,RIML,AVBR,4
AVKR,RIML,AVBL,4
AVKR,RIML,RMDL,4
AVKR,RIML,SMDDR,4
AVKR,RIML,RIBL,4
AVKR,RIML,RMDR,4
AVKR,RIML,SMDVL,4
AVKR,RIML,RIGL,4
RMFL,AVKR,RIML,4
AIZL,RIML,SMDVL,4
RIML,SMDVL,AIBL,4
RIFL,RIML,SMDVL,4
SAADL,RIML,SMDVL,4
RIML,AVKL,SMDVL,4
SAADR,RIML,SMDVL,4
AIZL,RIML,RMDR,4
RIML,RMDR,AIBL,4
RIFL,RIML,RMDR,4
SAADL,RIML,RMDR,4
RIS,RIML,RMDR,4
RIML,AVKL,RMDR,4
SAADR,RIML,RMDR,4
RIML,RMDR,RMDVL,4
SAADR,RIML,AVBL,4
SAADR,RIML,RMDL,4
SAADR,RIML,SMDDR,4
SAADR,RIML,RIBL,4
RIVL,SAADR,RIML,4
RIML,AVKL,AVBL,4
RIML,AVKL,RMDL,4
RIML,AVKL,SMDDR,4
RIML,AVKL,RIBL,4
RIGR,RIML,AVKL,4
RMFR,RIML,AVKL,4
PVT,RIML,AVKL,4
RMFL,RIML,AVKL,4
RIS,RIML,AVBL,4
RIS,RIML,SMDDR,4
AIZL,RIML,RIBL,4
RIML,RIBL,AIBL,4
RIFL,RIML,RIBL,4
SAADL,RIML,RIBL,4
RIML,RIBL,AVAL,4
RIML,RIBL,AVEL,4
RIML,RIBL,RIAL,4
RIML,RIBL,SMDVR,4
RIML,RIBL,AVER,4
SAADL,RIML,AVBL,4
SAADL,RIML,RMDL,4
SAADL,RIML,SMDDR,4
SAADL,SMBVL,RIML,4
PLNL,SAADL,RIML,4
RIVR,SAADL,RIML,4
AIZL,RIML,SMDDR,4
RIFL,RIML,SMDDR,4
RIFL,RIML,RMDL,4
RIFL,RIML,AIAL,4
RIML,AIBL,RMDL,4
ASHL,RIML,AIBL,4
ADLL,RIML,AIBL,4
AWCL,RIML,AIBL,4
RIML,AIAL,AIBL,4
ASEL,RIML,AIBL,4
ASKL,RIML,AIBL,4
AWCR,RIML,AIBL,4
ASIL,RIML,AIBL,4
ASGL,RIML,AIBL,4
ADAR,RIML,AIBL,4
DVC,RIML,AIBL,4
AIZR,RIML,AIBL,4
AIZL,RIML,AVBL,4
AIZL,RIML,RMDL,4
AIZL,RIML,RIGL,4
ADFL,AIZL,RIML,4
AIZL,RIR,RIML,4
AIZL,AWBL,RIML,4
AIZL,AIYL,RIML,4
AWAL,AIZL,RIML,4
RIH,AIZL,RIML,4
RIML,RMDVR,RMDL,4
URYVL,IL1VL,RIPL,4
CEPDL,IL1DL,RIPL,4
CEPDL,URADL,RIPL,4
CEPVL,ALML,RIPL,4
CEPVL,RIS,RIPL,4
CEPVL,RICR,AVAL,4
CEPDL,RICR,AVAL,4
OLQDL,RICR,AVAL,4
URBL,RICR,AVAL,4
CEPVL,RICL,AVAL,4
CEPDL,RICL,AVAL,4
URXL,RICL,AVAL,4
CEPDR,RICL,AVAL,4
CEPVR,RICL,AVAL,4
OLQVL,RICL,AVAL,4
OLQDR,RICL,AVAL,4
URBR,RICL,AVAL,4
ALNL,SAAVL,AVAL,4
SAAVL,SMBDR,AVAL,4
OLLL,RIBL,AVAL,4
RIGL,RIBL,AVAL,4
AIYL,RIBL,AVAL,4
AINR,RIBL,AVAL,4
RIH,RIBL,AVAL,4
URYVL,RIBL,AVAL,4
SAADL,SMBVL,AVAL,4
SAADL,AIBL,AVAL,4
PLNL,SAADL,AVAL,4
RIVR,SAADL,AVAL,4
AVKR,SAADL,AVAL,4
ADFL,AUAL,AVAL,4
AINR,AUAL,AVAL,4
URXL,AUAL,AVAL,4
DVA,AUAL,AVAL,4
BDUR,AVJL,AVBL,4
ALML,PVCL,AVBL,4
RIMR,SAADL,AVBL,4
RIMR,AVKL,AVBL,4
RIFL,AIAL,AVBL,4
AIZL,AIBL,AVBL,4
ADLL,AIBL,AVBL,4
AWCL,AIBL,AVBL,4
AIAL,AIBL,AVBL,4
ASEL,AIBL,AVBL,4
ASKL,AIBL,AVBL,4
AWCR,AIBL,AVBL,4
ASIL,AIBL,AVBL,4
ASGL,AIBL,AVBL,4
DVC,AIBL,AVBL,4
AIZR,AIBL,AVBL,4
AIZL,AIBR,SMDVL,4
AWCL,AIBR,SMDVL,4
AIZL,AIBR,SMDDL,4
AWCL,AIBR,SMDDL,4
ADLL,AWCL,AIBR,4
AWCL,ASIR,AIBR,4
AIZL,AIBR,RIGL,4
ADFL,AIZL,AIBR,4
AIZL,RIR,AIBR,4
AIZL,AWBL,AIBR,4
AIZL,AIBR,AIYL,4
AWAL,AIZL,AIBR,4
RIH,AIZL,AIBR,4
ASHL,RIFL,AIAL,4
ASHL,SMDDR,AIBL,4
ASHL,SMDVR,AIBL,4
ASHL,SAADL,AIBL,4
ASHL,RIAL,RMDVL,4
ASHL,RIAL,RMDDL,4
ASHL,RMDVR,RIAL,4
ASHL,RMDDR,RIAL,4
ASHL,SIADL,RIAL,4
ASHL,ADFL,RIGL,4
ASHL,ADFL,AIZL,4
ASHL,ADFL,SMBVL,4
ASHL,ADFL,AUAL,4
ASHL,ADFL,RIR,4
ASHL,ADFL,SMBDL,4
ADEL,FLPL,RMDL,4
ADEL,FLPL,RIGR,4
ADEL,FLPL,AVEL,4
ADEL,FLPL,OLLL,4
ADEL,FLPL,RIGL,4
ADEL,AIZL,RIGL,4
ADEL,RIGL,RIBL,4
ADEL,AVKR,RIGL,4
ADEL,OLLL,SMDDR,4
ADEL,OLLL,SMDVR,4
ADEL,OLLL,RIBL,4
ADEL,OLLL,AVER,4
ADEL,OLLL,RMDVL,4
ADEL,OLLL,RMDDL,4
ADEL,RIGR,AVKL,4
ADEL,RMDVR,RMDL,4
AQR,PVPL,AVAR,4
CEPVL,RICL,AVAR,4
CEPDL,RICL,AVAR,4
URXL,RICL,AVAR,4
CEPDR,RICL,AVAR,4
CEPVR,RICL,AVAR,4
OLQVL,RICL,AVAR,4
OLQDR,RICL,AVAR,4
URBR,RICL,AVAR,4
AINL,BAGL,AVAR,4
AQR,BAGL,AVAR,4
PVCR,AVJL,AVDL,4
RMGR,RMDVR,RMDL,4
IL2R,RMDVR,RMDL,4
RIVL,RMDVR,RMDL,4
RIMR,RMDVR,RMDL,4
RIS,RMDVR,RMDL,4
RMGL,RMDVR,RMDL,4
RMFR,RMDVR,RMDL,4
RMHR,RMDVR,RMDL,4
CEPDL,RMHR,RMDL,4
RIMR,SAADL,RMDL,4
RIMR,AVKL,RMDL,4
ADER,RIGL,AVEL,4
ADER,AIZL,RIGL,4
ADER,RIGL,RIBL,4
ADER,AVKR,RIGL,4
RIMR,RIGR,AVKL,4
RIGR,SAADR,AVKL,4
OLLR,SAADL,AVEL,4
PVCR,AVJL,AVEL,4
FLPL,DVA,AVEL,4
URXL,URBL,AVEL,4
OLLL,RIBL,AVEL,4
AIYL,RIBL,AVEL,4
AINR,RIBL,AVEL,4
DVC,RIBL,AVEL,4
RIH,RIBL,AVEL,4
URYVL,RIBL,AVEL,4
AINL,RIBR,AVEL,4
ADFL,AUAL,AVEL,4
AINR,AUAL,AVEL,4
ADFL,RIGL,AVEL,4
DVC,RIGL,AVEL,4
PVT,RIGL,AVEL,4
OLLL,SAADR,RMDDL,4
OLLL,SAADR,RMDVL,4
OLLL,SAADR,SMDDR,4
OLLL,SAADR,SMDVR,4
OLLL,SAADR,RIBL,4
OLLL,SAADR,AVER,4
OLLL,SAADR,AVKL,4
RIVL,OLLL,SAADR,4
OLLL,RIBL,RIAL,4
ADFL,AVKR,RIGL,4
DVC,AVKR,RIGL,4
URXL,AVKR,RIGL,4
PVT,AVKR,RIGL,4
AVKR,SAADL,RIGL,4
PVT,AIZL,RIGL,4
PVT,RIGL,RIBL,4
URXL,AIZL,RIGL,4
URXL,RIGL,RIBL,4
URXL,URBL,RIGL,4
ADFL,RIGL,RIBL,4
RIGL,RIBL,RIAL,4
RIGL,RIBL,SMDVR,4
RIGL,RIBL,AVER,4
DVC,AIZL,RIGL,4
AIZL,SMBVL,RIGL,4
AIZL,RIGL,RIAL,4
AIZL,RIGL,SMBDL,4
AIZL,RIGL,AIBL,4
AIZL,RIGL,AIAL,4
AIZL,ASEL,RIGL,4
AIZL,RIGL,AVER,4
ADFL,AWBL,RIGL,4
FLPL,DVA,AUAL,4
ADFL,AWBL,SMBVL,4
ADFL,AWBL,RIAL,4
ADFL,AWBL,AUAL,4
ADFL,AWBL,RIR,4
ADFL,AWBL,SMBDL,4
ADFL,AWAL,AWBL,4
ADFL,SAAVR,SMBDL,4
ADFL,RMED,SMBDL,4
ADFL,RIAL,RMDVL,4
ADFL,RIAL,RMDDL,4
ADFL,RMDVR,RIAL,4
ADFL,RMDDR,RIAL,4
ADFL,SIADL,RIAL,4
ADFL,SMBVL,SAADL,4
ADFL,SMBVL,RMEV,4
ADFL,AIZL,AIBL,4
ADFL,AIZL,AIAL,4
ADFL,AIZL,ASEL,4
ADFL,AIZL,AVER,4
RIH,AIZL,SMBVL,4
RIH,AIZL,SMBDL,4
RIH,AIZL,AIBL,4
RIH,AIZL,AIAL,4
RIH,AIZL,ASEL,4
RIH,AIZL,AVER,4
AIZL,RIR,AVER,4
AIZL,AWBL,AVER,4
AIZL,AIYL,AVER,4
AWAL,AIZL,AVER,4
AWAL,AIZL,SMBVL,4
AWAL,AIZL,RIAL,4
AWAL,AIZL,SMBDL,4
AWAL,AIZL,AIBL,4
AWAL,AIZL,AIAL,4
AWAL,AIZL,ASEL,4
AIZL,AIYL,SMBVL,4
AIZL,AIYL,SMBDL,4
AIZL,AIYL,AIBL,4
AIZL,AIYL,AIAL,4
AIZL,AWCL,AIYL,4
AIZL,ASEL,RIR,4
AIZL,AWBL,ASEL,4
AIZL,RIR,AIAL,4
AIZL,AWBL,AIAL,4
RIFL,AIZL,AIAL,4
AIZL,RIR,AIBL,4
AIZL,AWBL,AIBL,4
AIZL,SMDDR,AIBL,4
AIZL,SMDVR,AIBL,4
AIZL,SAADL,AIBL,4
AIZL,AWBL,SMBVL,4
AIZL,AWBL,RIAL,4
AIZL,AWBL,SMBDL,4
AIZL,RIR,SMBDL,4
AIZL,SAAVR,SMBDL,4
AIZL,RMED,SMBDL,4
AIZL,RIR,SMBVL,4
AIZL,AVHL,RIR,4
AIZL,RIAL,RMDVL,4
AIZL,RIAL,RMDDL,4
AIZL,RMDVR,RIAL,4
AIZL,RMDDR,RIAL,4
AIZL,SIADL,RIAL,4
AIZL,SMBVL,SAADL,4
AIZL,SMBVL,RMEV,4
AVHR,SMBVL,SAADL,4
AVHR,SMBVL,RMEV,4
RIMR,SMBVL,SAADL,4
OLLR,SMBVL,SAADL,4
SIADL,AUAL,RIAL,4
RIR,SIADL,RIAL,4
SIADL,AIYL,RIAL,4
SIADL,RIBL,RIAL,4
RIH,SIADL,RIAL,4
URXL,SIADL,RIAL,4
BAGR,SIADL,RIAL,4
AQR,SIADL,RIAL,4
AUAL,RMDDR,RIAL,4
RIR,RMDDR,RIAL,4
AIYL,RMDDR,RIAL,4
RMDDR,RIBL,RIAL,4
RIH,RMDDR,RIAL,4
URXL,RMDDR,RIAL,4
BAGR,RMDDR,RIAL,4
AQR,RMDDR,RIAL,4
AUAL,RMDVR,RIAL,4
RIR,RMDVR,RIAL,4
AIYL,RMDVR,RIAL,4
RIBL,RMDVR,RIAL,4
RIH,RMDVR,RIAL,4
URXL,RMDVR,RIAL,4
BAGR,RMDVR,RIAL,4
AQR,RMDVR,RIAL,4
AUAL,RIAL,RMDDL,4
RIR,RIAL,RMDDL,4
AIYL,RIAL,RMDDL,4
RIBL,RIAL,RMDDL,4
RIH,RIAL,RMDDL,4
URXL,RIAL,RMDDL,4
BAGR,RIAL,RMDDL,4
AQR,RIAL,RMDDL,4
AUAL,RIAL,RMDVL,4
RIR,RIAL,RMDVL,4
AIYL,RIAL,RMDVL,4
RIBL,RIAL,RMDVL,4
RIH,RIAL,RMDVL,4
URXL,RIAL,RMDVL,4
BAGR,RIAL,RMDVL,4
AQR,RIAL,RMDVL,4
URXL,URBL,RIAL,4
AINR,RIBL,RIAL,4
DVC,RIBL,RIAL,4
URYVL,RIBL,RIAL,4
AWBL,AIYL,RIAL,4
AWCL,AIYL,RIAL,4
ASEL,AIYL,RIAL,4
AWAL,AIYL,RIAL,4
AVHL,RIR,RIAL,4
AINR,AUAL,RIAL,4
DVA,AUAL,RIAL,4
URXL,URBL,AUAL,4
ALNR,SAAVR,SMBDL,4
ALNR,RMED,SMBDL,4
RMED,SMBDL,RICL,4
RMED,SMBDL,SMDDL,4
SAAVR,SMBDL,RICL,4
SAAVR,SMBDL,SMDDL,4
CEPVL,SMBDL,RICL,4
CEPDL,SMBDL,RICL,4
URXL,SMBDL,RICL,4
CEPDR,SMBDL,RICL,4
CEPVR,SMBDL,RICL,4
OLQVL,SMBDL,RICL,4
OLQDR,SMBDL,RICL,4
URBR,SMBDL,RICL,4
AWBL,AIYL,RIBL,4
ADLL,ASEL,AIYL,4
ADLL,RIFL,AIAL,4
ADLL,SMDDR,AIBL,4
ADLL,SMDVR,AIBL,4
ADLL,SAADL,AIBL,4
ADLL,AWCL,AIYL,4
ADLL,AWCL,AIAR,4
ALML,PVCL,AVDR,4
AQR,PVCL,AVDR,4
PVPL,PVCL,AVDR,4
AVM,PVCL,AVDR,4
AWCL,ASIR,AIBL,4
AWCL,ASIR,AIYL,4
AWCL,ASIR,AIAR,4
AWCL,AIYL,RIBL,4
AWCL,SMDDR,AIBL,4
AWCL,SMDVR,AIBL,4
AWCL,SAADL,AIBL,4
AIZR,SMDDR,AIBL,4
AIZR,SMDVR,AIBL,4
AIZR,SAADL,AIBL,4
DVC,SMDDR,AIBL,4
DVC,SMDVR,AIBL,4
DVC,SAADL,AIBL,4
ADAR,SMDDR,AIBL,4
ADAR,SMDVR,AIBL,4
ADAR,SAADL,AIBL,4
SAADL,AIAL,AIBL,4
ASEL,SAADL,AIBL,4
ASKL,SAADL,AIBL,4
AWCR,SAADL,AIBL,4
ASIL,SAADL,AIBL,4
ASGL,SAADL,AIBL,4
OLLR,SAADL,AIBL,4
SMDVR,AIAL,AIBL,4
ASEL,SMDVR,AIBL,4
ASKL,SMDVR,AIBL,4
AWCR,SMDVR,AIBL,4
ASIL,SMDVR,AIBL,4
ASGL,SMDVR,AIBL,4
SMDDR,AIAL,AIBL,4
ASEL,SMDDR,AIBL,4
ASKL,SMDDR,AIBL,4
AWCR,SMDDR,AIBL,4
ASIL,SMDDR,AIBL,4
ASGL,SMDDR,AIBL,4
AIML,ASGL,AIBL,4
PVQL,ASKL,AIBL,4
ASJL,ASKL,AIBL,4
AIML,AIAL,AIBL,4
PVQL,AIAL,AIBL,4
RIFL,ASGL,AIAL,4
RIFL,PVQL,AIAL,4
PVQL,ASJL,AIAL,4
ASIL,RIFL,AIAL,4
AIML,RIFL,AIAL,4
RIFL,AWCR,AIAL,4
RIFL,ASKL,AIAL,4
ASJL,ASKL,AIAL,4
ASEL,AIYL,RIBL,4
AWAL,AIYL,RIBL,4
AIYL,RIBL,SMDVR,4
AIYL,RIBL,AVER,4
AINR,RIBL,SMDVR,4
AINR,RIBL,AVER,4
AIML,ASJL,PVQL,4
AINL,RIBR,SMDVL,4
CEPDL,URYDL,SMDDR,4
CEPVL,RICL,SMDDR,4
CEPDL,RICL,SMDDR,4
URXL,RICL,SMDDR,4
CEPDR,RICL,SMDDR,4
CEPVR,RICL,SMDDR,4
OLQVL,RICL,SMDDR,4
OLQDR,RICL,SMDDR,4
URBR,RICL,SMDDR,4
ALNL,SAAVL,SMDDR,4
SAAVL,SMBDR,SMDDR,4
CEPVL,RICL,SMDVR,4
CEPDL,RICL,SMDVR,4
URXL,RICL,SMDVR,4
CEPDR,RICL,SMDVR,4
CEPVR,RICL,SMDVR,4
OLQVL,RICL,SMDVR,4
OLQDR,RICL,SMDVR,4
URBR,RICL,SMDVR,4
DVC,RIBL,SMDVR,4
RIH,RIBL,SMDVR,4
RIMR,AVKR,SAADL,4
OLLR,AVKR,SAADL,4
RMFL,AVKR,SAADL,4
RIVR,RIMR,SAADL,4
RIVR,OLLR,SAADL,4
PLNL,RIMR,SAADL,4
OLLR,PLNL,SAADL,4
OLLR,SAADL,SMDDL,4
OLLR,SAADL,SMDVL,4
RIMR,SAADL,SMDDL,4
RIMR,AVKL,SMDDL,4
RIS,RIMR,AVKL,4
RMFR,RIMR,AVKL,4
PVT,RIMR,AVKL,4
RIMR,RMFL,AVKL,4
ADAR,PVCR,AVJL,4
DVC,RMFL,AVKL,4
DVC,RMFL,RMDR,4
DVC,RMFL,AVKR,4
DVC,RIBL,AVER,4
AINL,BAGL,AVER,4
AINL,BAGL,RIAR,4
AQR,BAGL,RIAR,4
BAGL,RIAR,RMDVL,4
BAGL,RIAR,RMDDL,4
AQR,BAGL,AVER,4
RIH,RIBL,AVER,4
CEPDL,ALML,AVER,4
CEPDL,URBL,AVER,4
ALML,PVCL,AVER,4
AQR,PVCL,AVER,4
PVPL,PVCL,AVER,4
AVM,PVCL,AVER,4
CEPVL,ALML,AVER,4
CEPVL,RIS,AVER,4
RIH,OLQVL,RICL,4
RIH,OLQVL,RMDVR,4
CEPDL,ALML,RICL,4
CEPDL,ALML,RICR,4
CEPDL,ALML,OLQDL,4
CEPDL,ALML,RMDVL,4
CEPDL,ALML,URADL,4
CEPDL,ALML,IL1DL,4
CEPDL,ALML,RMHR,4
CEPDL,ALML,URYDL,4
CEPVL,ALML,RICL,4
CEPVL,ALML,RICR,4
CEPVL,ALML,RMDDL,4
CEPVL,ALML,IL1VL,4
CEPVL,ALML,URAVL,4
CEPVL,ALML,OLQVL,4
CEPVL,RIS,OLQVL,4
CEPVL,OLQVL,RMDVR,4
CEPVL,RIS,URAVL,4
CEPVL,URAVL,RMER,4
CEPVL,RIS,IL1VL,4
CEPVL,RIS,RMDDL,4
CEPVL,RIS,RICL,4
CEPVL,RIS,RICR,4
CEPVL,RICR,SMDDL,4
CEPVL,RICR,SMDVL,4
CEPVL,RICL,SMDDL,4
CEPDL,URBL,RICL,4
CEPDL,URBL,OLQDL,4
CEPDL,URBL,RMDVL,4
CEPDL,URBL,URADL,4
CEPDL,URBL,IL1DL,4
CEPDL,URBL,RMHR,4
CEPDL,URBL,URYDL,4
CEPDL,URYDL,RMDDR,4
CEPDL,OLQDL,RMDDR,4
CEPDL,OLQDL,SIBVL,4
CEPDL,RICR,SMDDL,4
CEPDL,RICR,SMDVL,4
CEPDL,RICL,SMDDL,4
URXL,URBL,RICL,4
URXL,RICL,SMDDL,4
URBR,RICL,SMDDL,4
OLQDR,RICL,SMDDL,4
CEPDR,RICL,SMDDL,4
CEPVR,RICL,SMDDL,4
OLQVL,RICL,SMDDL,4
OLQDL,RICR,SMDVL,4
URBL,RICR,SMDVL,4
OLQDL,RICR,SMDDL,4
URBL,RICR,SMDDL,4
IL2L,OLQDL,RICR,4
PVCR,RIFR,AVJL,4
PVCR,BDUR,AVJL,4
CEPDR,RMHL,RMDR,4
RIS,SAADR,AVKL,4
RMFL,SAADR,AVKL,4
PVT,SAADR,AVKL,4
RMFR,SAADR,AVKL,4
PVT,RMFL,RMDR,4
PVT,RMFL,AVKR,4
RMFL,RMDR,RMDVL,4
IL2L,OLQDL,SIBVL,4
IL2L,OLQDL,RMDDR,4
IL2L,RMDR,RMDVL,4
RMHL,RMDR,RMDVL,4
URBL,IL1L,RMDVL,4
IL2L,IL1L,RMDVL,4
IL2DL,IL1DL,RMDVL,4
URBL,IL1L,RMDDL,4
URBL,IL1L,RMDVR,4
IL2L,IL1L,RMDDL,4
IL2VL,IL1VL,RMDDL,4
URYVL,IL1VL,URAVL,4
IL1VL,URAVL,RMER,4
IL2L,IL1L,RMDVR,4
ADAL,AIBR,RIBL,5
ADAL,RIH,RIPL,5
ADAL,SAAVL,RIML,5
ADAL,RIML,SMDDL,5
ADAL,SAAVR,RIML,5
AIZL,SAAVR,RIML,5
SAAVR,RIML,AIBL,5
RIFL,SAAVR,RIML,5
SAAVR,SAADL,RIML,5
RIS,SAAVR,RIML,5
SAAVR,RIML,AVKL,5
SAAVR,SAADR,RIML,5
SAAVR,AVKR,RIML,5
SAAVR,RIML,SMBDL,5
AVKR,AIBR,RIML,5
AVKR,SAAVL,RIML,5
AVKR,RIML,SMDDL,5
RIML,RIAL,SMDVL,5
RIAR,RIML,SMDVL,5
AIZL,RIML,SMDDL,5
RIML,SMDDL,AIBL,5
RIFL,RIML,SMDDL,5
SAADL,RIML,SMDDL,5
RIS,RIML,SMDDL,5
RIML,AVKL,SMDDL,5
SAADR,RIML,SMDDL,5
RIMR,RIML,SMDDL,5
RIML,RICL,SMDDL,5
RICR,RIML,SMDDL,5
OLLR,RIML,SMDDL,5
URYDR,RIML,SMDDL,5
RMED,RIML,SMDDL,5
RIML,RMDR,RIAL,5
IL1L,RIML,RMDR,5
SAADR,AIBR,RIML,5
SAADR,SAAVL,RIML,5
AIBR,RIML,AVKL,5
SAAVL,RIML,AVKL,5
RIS,AIBR,RIML,5
RIS,SAAVL,RIML,5
AIZL,SAAVL,RIML,5
SAAVL,RIML,AIBL,5
RIFL,SAAVL,RIML,5
SAAVL,SAADL,RIML,5
ALNL,SAAVL,RIML,5
SAAVL,SMBDR,RIML,5
AUAL,RIML,RIBL,5
BAGR,RIML,RIBL,5
SAADL,AIBR,RIML,5
RIML,SMDDR,RIAL,5
RIFL,AIBR,RIML,5
AIBR,RIML,AIBL,5
RIML,RIAL,RMDL,5
RIAR,RIML,RMDL,5
IL1R,RIML,RMDL,5
AWCL,AIBR,RIML,5
IL2VL,RIH,RIPL,5
RIH,IL2DL,RIPL,5
RIH,URAVL,RIPL,5
RIH,IL1VL,RIPL,5
RIH,IL1DL,RIPL,5
RIH,URADL,RIPL,5
CEPVL,RIH,RIPL,5
AIBR,RIAL,SMDVL,5
AIBR,SMDDR,SMDVL,5
RIAR,AIBR,SMDVL,5
AIBR,RIAL,SMDDL,5
AIBR,SMDVR,SMDDL,5
RIAR,AIBR,SMDDL,5
AIZL,AIBR,RIBL,5
AWCL,AIBR,RIBL,5
OLLL,AIBR,RIBL,5
AIBR,RIGL,RIBL,5
AIBR,AIYL,RIBL,5
AINR,AIBR,RIBL,5
DVC,AIBR,RIBL,5
RIH,AIBR,RIBL,5
URYVL,AIBR,RIBL,5
ASHL,AWCL,AIAL,5
ASHL,ASEL,AIAL,5
ASHL,RIBR,AIBL,5
ASHL,RIMR,AIBL,5
ASHL,RIAL,RMDL,5
ASHL,RIAL,SMDDR,5
ASHL,SMDVR,RIAL,5
ASHL,RIAR,RIAL,5
ASHL,RMDR,RIAL,5
ASHL,RIVR,RIAL,5
ASHL,RIAL,SMDDL,5
ASHL,RIAL,SMDVL,5
ADEL,FLPL,ADER,5
ADEL,RIR,RIGL,5
ADEL,BAGR,RIGL,5
ADEL,CEPVL,OLLL,5
ADEL,CEPDL,OLLL,5
ADEL,BAGL,RIGR,5
ADEL,RIAL,RMDL,5
ADEL,RIAR,RMDL,5
ADEL,RMDR,RMDL,5
ADEL,IL1R,RMDL,5
RMGR,RIAL,RMDL,5
RMGR,RIAR,RMDL,5
RMGR,RMDR,RMDL,5
RMGR,IL1R,RMDL,5
IL2R,RIAL,RMDL,5
IL2R,RIAR,RMDL,5
IL2R,RMDR,RMDL,5
IL2R,IL1R,RMDL,5
IL1R,RIMR,RMDL,5
RIS,IL1R,RMDL,5
RMGL,IL1R,RMDL,5
RMFR,IL1R,RMDL,5
IL1R,RMHR,RMDL,5
RIVL,IL1R,RMDL,5
RIVL,RIAL,RMDL,5
RIVL,RMDR,RMDL,5
RMDVR,RMDL,RMDDL,5
RIMR,RMDR,RMDL,5
RIS,RMDR,RMDL,5
RMFR,RMDR,RMDL,5
RMHR,RMDR,RMDL,5
RMFL,RMDR,RMDL,5
IL2L,RMDR,RMDL,5
RMHL,RMDR,RMDL,5
RMHR,RIAL,RMDL,5
RIAR,RMHR,RMDL,5
RIAR,RIMR,RMDL,5
RIS,RIAR,RMDL,5
RMGL,RIAR,RMDL,5
RMFR,RIAR,RMDL,5
RIAR,BAGL,RMDL,5
RMFR,RIAL,RMDL,5
RMGL,RIAL,RMDL,5
RIS,RIAL,RMDL,5
RIMR,RIAL,RMDL,5
ADFL,RIAL,RMDL,5
AIZL,RIAL,RMDL,5
AUAL,RIAL,RMDL,5
RIR,RIAL,RMDL,5
AIYL,RIAL,RMDL,5
RIBL,RIAL,RMDL,5
RIH,RIAL,RMDL,5
URXL,RIAL,RMDL,5
BAGR,RIAL,RMDL,5
AQR,RIAL,RMDL,5
ADER,RIR,RIGL,5
BAGR,ADER,RIGL,5
AINL,BAGL,RIGR,5
AQR,BAGL,RIGR,5
OLLL,RMDVR,RMDDL,5
OLLL,RMDDR,RMDVL,5
CEPVL,OLLL,SAADR,5
CEPDL,OLLL,SAADR,5
CEPDL,OLLL,ALML,5
CEPDL,OLLL,URBL,5
CEPVL,OLLL,ALML,5
CEPVL,RIS,OLLL,5
OLLL,AUAL,RIBL,5
OLLL,BAGR,RIBL,5
RIS,OLLL,RIBL,5
OLLL,SMDVR,RIAL,5
OLLL,SMDVR,SMDDL,5
OLLL,SMDDR,RIAL,5
OLLL,SMDDR,SMDVL,5
PVT,RIR,RIGL,5
PVT,BAGR,RIGL,5
ADFL,BAGR,RIGL,5
DVC,BAGR,RIGL,5
URXL,BAGR,RIGL,5
AUAL,RIGL,RIBL,5
RIS,RIGL,RIBL,5
DVC,RIR,RIGL,5
AVHL,RIR,RIGL,5
ADFL,URXL,RIR,5
ADFL,AUAL,RIBL,5
ADFL,RIAL,SMDDR,5
ADFL,SMDVR,RIAL,5
ADFL,RIAR,RIAL,5
ADFL,RMDR,RIAL,5
ADFL,RIVR,RIAL,5
ADFL,RIAL,SMDDL,5
ADFL,RIAL,SMDVL,5
ADFL,PLNL,SMBVL,5
AIZL,AWCL,AIAL,5
AIZL,RIBR,AIBL,5
AIZL,RIMR,AIBL,5
AIZL,RIAL,SMDDR,5
AIZL,SMDVR,RIAL,5
AIZL,RIAR,RIAL,5
AIZL,RMDR,RIAL,5
AIZL,RIVR,RIAL,5
AIZL,RIAL,SMDDL,5
AIZL,RIAL,SMDVL,5
AIZL,PLNL,SMBVL,5
AVHR,PLNL,SMBVL,5
AUAL,RIAL,SMDVL,5
RIR,RIAL,SMDVL,5
AIYL,RIAL,SMDVL,5
RIBL,RIAL,SMDVL,5
RIH,RIAL,SMDVL,5
URXL,RIAL,SMDVL,5
BAGR,RIAL,SMDVL,5
AQR,RIAL,SMDVL,5
RIBR,RIAL,SMDVL,5
RICR,RIAL,SMDVL,5
OLLR,RIAL,SMDVL,5
RIS,RIAL,SMDVL,5
URYVR,RIAL,SMDVL,5
RIVL,RIAL,SMDVL,5
AUAL,RIAL,SMDDL,5
RIR,RIAL,SMDDL,5
AIYL,RIAL,SMDDL,5
RIBL,RIAL,SMDDL,5
RIH,RIAL,SMDDL,5
URXL,RIAL,SMDDL,5
BAGR,RIAL,SMDDL,5
AQR,RIAL,SMDDL,5
RIMR,RIAL,SMDDL,5
RICL,RIAL,SMDDL,5
RICR,RIAL,SMDDL,5
OLLR,RIAL,SMDDL,5
URYDR,RIAL,SMDDL,5
SAAVR,RIAL,SMDDL,5
RMED,RIAL,SMDDL,5
RIVR,AUAL,RIAL,5
RIVR,RIR,RIAL,5
RIVR,AIYL,RIAL,5
RIVR,RIBL,RIAL,5
RIH,RIVR,RIAL,5
URXL,RIVR,RIAL,5
BAGR,RIVR,RIAL,5
AQR,RIVR,RIAL,5
AUAL,RMDR,RIAL,5
RIR,RMDR,RIAL,5
AIYL,RMDR,RIAL,5
RIBL,RMDR,RIAL,5
RIH,RMDR,RIAL,5
URXL,RMDR,RIAL,5
BAGR,RMDR,RIAL,5
AQR,RMDR,RIAL,5
RMGL,RMDR,RIAL,5
RMFL,RMDR,RIAL,5
IL2L,RMDR,RIAL,5
RMHL,RMDR,RIAL,5
RIAR,AUAL,RIAL,5
RIAR,RIR,RIAL,5
RIAR,AIYL,RIAL,5
RIAR,RIBL,RIAL,5
RIH,RIAR,RIAL,5
URXL,RIAR,RIAL,5
BAGR,RIAR,RIAL,5
AQR,RIAR,RIAL,5
RIAR,BAGL,RIAL,5
AQR,RIAL,SMDDR,5
AQR,SMDVR,RIAL,5
BAGR,RIAL,SMDDR,5
BAGR,SMDVR,RIAL,5
URXL,RIAL,SMDDR,5
URXL,SMDVR,RIAL,5
RIH,RIAL,SMDDR,5
RIH,SMDVR,RIAL,5
RIBL,RIAL,SMDDR,5
AUAL,SMDVR,RIAL,5
RIR,SMDVR,RIAL,5
AIYL,SMDVR,RIAL,5
SMDVR,RIAL,AIBL,5
RICL,SMDVR,RIAL,5
URYVL,SMDVR,RIAL,5
AUAL,RIAL,SMDDR,5
RIR,RIAL,SMDDR,5
AIYL,RIAL,SMDDR,5
RIAL,SMDDR,AIBL,5
SAAVL,RIAL,SMDDR,5
RICL,RIAL,SMDDR,5
URYDL,RIAL,SMDDR,5
DVA,AUAL,RIBL,5
URXL,AUAL,RIBL,5
AUAL,AIYL,RIBL,5
DVC,AUAL,RIBL,5
RIH,AUAL,RIBL,5
URYVL,AUAL,RIBL,5
URXL,AVHL,RIR,5
URXL,URBL,RIR,5
AWBL,AIYL,AFDL,5
ADLL,RIBR,AIBL,5
ADLL,RIMR,AIBL,5
ADLL,AWCL,AWCR,5
ADLL,ASIL,AWCL,5
AWCL,ASIR,AIAL,5
AWCL,ASIR,AWCR,5
ASIL,AWCL,ASIR,5
AWCL,AIYL,AFDL,5
AWCL,ASKL,AIAL,5
AIML,AWCL,AIAL,5
AWCL,PVQL,AIAL,5
AWCL,ASGL,AIAL,5
AWCL,RIBR,AIBL,5
AWCL,RIMR,AIBL,5
AIZR,RIBR,AIBL,5
AIZR,RIMR,AIBL,5
DVC,RIBR,AIBL,5
DVC,RIMR,AIBL,5
ADAR,RIBR,AIBL,5
ADAR,RIMR,AIBL,5
RIMR,AIAL,AIBL,5
RIMR,ASEL,AIBL,5
RIMR,ASKL,AIBL,5
RIMR,AWCR,AIBL,5
ASIL,RIMR,AIBL,5
RIMR,ASGL,AIBL,5
RIMR,AVKL,AIBL,5
SMDVR,AIBL,SMDDL,5
SMDDR,AIBL,SMDVL,5
RIBR,AIAL,AIBL,5
RIBR,ASEL,AIBL,5
RIBR,ASKL,AIBL,5
RIBR,AWCR,AIBL,5
ASIL,RIBR,AIBL,5
RIBR,ASGL,AIBL,5
AINL,RIBR,AIBL,5
ASGL,ASEL,AIAL,5
PVQL,ASEL,AIAL,5
ASIL,ASEL,AIAL,5
AIML,ASEL,AIAL,5
AWCR,ASEL,AIAL,5
ASKL,ASEL,AIAL,5
ASEL,AIYL,AFDL,5
AINR,AIYL,AFDL,5
BAGR,AIYL,RIBL,5
RIS,AIYL,RIBL,5
AINR,BAGR,RIBL,5
RIS,AINR,RIBL,5
AIML,PVQL,ASKL,5
RIBR,SMDDR,SMDVL,5
RIBR,RIAR,SMDVL,5
AQR,RIBR,BAGL,5
SAAVL,SMDDR,SMDVL,5
RICL,SMDDR,SMDVL,5
URYDL,SMDDR,SMDVL,5
RICR,SMDDR,SMDVL,5
OLLR,SMDDR,SMDVL,5
RIS,SMDDR,SMDVL,5
URYVR,SMDDR,SMDVL,5
RIVL,SMDDR,SMDVL,5
RIBL,SMDVR,SMDDL,5
URYVL,SMDVR,SMDDL,5
RIMR,SMDVR,SMDDL,5
RICR,SMDVR,SMDDL,5
OLLR,SMDVR,SMDDL,5
URYDR,SMDVR,SMDDL,5
SAAVR,SMDVR,SMDDL,5
RMED,SMDVR,SMDDL,5
RIMR,SAAVL,SAADL,5
RIMR,RIAR,SMDDL,5
RIMR,SAAVL,AVKL,5
ALNL,RIMR,SAAVL,5
RIMR,SAAVL,SMBDR,5
DVC,BAGR,RIBL,5
RIS,DVC,RIBL,5
BAGL,RIAR,SMDDL,5
BAGL,RIAR,SMDVL,5
RIVL,BAGL,RIAR,5
URYVL,BAGR,RIBL,5
URYVL,RIS,RIBL,5
RIS,RIH,RIBL,5
RIH,BAGR,RIBL,5
ALML,AVM,BDUL,5
CEPVL,RMDVR,RMDDL,5
CEPDL,RMDDR,RMDVL,5
AQR,PVPL,AVHR,5
RIAR,RICL,SMDDL,5
RIAR,RICR,SMDVL,5
RIAR,RICR,SMDDL,5
OLLR,RIAR,SMDVL,5
OLLR,RIAR,SMDDL,5
RIS,RIAR,SMDVL,5
RMGL,IL1L,RMDR,5
RMGL,RMDDR,RMDVL,5
URYVR,RIAR,SMDVL,5
URYVR,RMDDR,RMDVL,5
URYDR,RIAR,SMDDL,5
URYDR,RMDVR,RMDDL,5
RMFL,IL1L,RMDR,5
RIAR,SAAVR,SMDDL,5
RIAR,RMED,SMDDL,5
RIAR,RMDVR,RMDDL,5
RIAR,RMDDR,RMDVL,5
OLQDL,RMDDR,RMDVL,5
OLQVR,RMDDR,RMDVL,5
IL1R,RMDDR,RMDVL,5
RIVL,RMDDR,RMDVL,5
IL1DL,RMDDR,RMDVL,5
IL1L,RMDDR,RMDVL,5
RMDDR,RMDR,RMDVL,5
URBL,IL1L,RMDR,5
OLQDR,RMDVR,RMDDL,5
IL1VL,RMDVR,RMDDL,5
OLQVL,RMDVR,RMDDL,5
IL1L,RMHL,RMDR,5
ASHL,ADAL,ADFL,6
ASHL,ADAL,RIAL,6
ASHL,ADAL,AVDR,6
ASHL,ADAL,AIBL,6
ASHL,ADAL,AIAL,6
ADAL,AIBR,AVJR,6
ADAL,AIBR,AVBR,6
ADAL,AIBR,RIPL,6
ADAL,AIBR,AVAL,6
ADAL,AIBR,AVBL,6
ADAL,AVBR,AVBL,6
ADAL,RIPL,AVBL,6
ADAL,AVBL,AVAL,6
ADAL,AVJR,AVAL,6
ADAL,AVBR,AVAL,6
ADAL,RIML,AVAL,6
ADAL,RIPL,AVAL,6
ADAL,AVJR,RIPL,6
ADAL,AVBR,RIPL,6
ADAL,RIML,RIPL,6
ADAL,AVJR,RIML,6
ADAL,AVJR,AVBR,6
RIFL,AVJR,AVBR,6
RIFL,AVJR,RIML,6
AVJL,AVBR,AVBL,6
PVCR,AVJL,AVBR,6
PVPL,AVBR,AVAL,6
PVPL,AVBR,AVBL,6
PVPL,AVBR,AVAR,6
PVCL,AVBR,AVBL,6
PVCL,AVDR,AVBR,6
PVCL,AVBR,AVER,6
RIFL,AVBR,AVBL,6
RIML,AVBR,AVBL,6
RIML,AVBR,RMDL,6
RIML,AVBR,SMDDR,6
RIML,RIBL,AVBR,6
RIML,RMDR,AVBR,6
RIML,AVBR,SMDVL,6
RIML,SMDVL,AVBL,6
RIML,SMDVL,RMDL,6
RIML,RIBL,SMDVL,6
RIML,RMDR,SMDVL,6
RIML,RMDR,AVBL,6
RIML,RMDR,SMDDR,6
RIML,RIBL,RMDR,6
OLLL,SAADR,RIML,6
RIMR,RIML,AVKL,6
RIS,RIML,AVEL,6
RIS,CEPVL,RIML,6
RIML,RIBL,AVBL,6
RIML,RIBL,RMDL,6
RIML,RIBL,SMDDR,6
SAADL,RIML,AVAL,6
RIMR,SAADL,RIML,6
OLLR,SAADL,RIML,6
RIML,SMDDR,AVBL,6
RIML,SMDDR,RMDL,6
RIML,SMDVR,AIBL,6
AIZL,SMBVL,RIML,6
AIZL,RIML,RIAL,6
AIZL,RIML,SMBDL,6
AIZL,RIML,AIAL,6
AIZL,ASEL,RIML,6
AIZL,RIML,AVER,6
RIML,RMDL,AVBL,6
IL2VL,RMEV,RIPL,6
IL2VL,RMEL,RIPL,6
IL2VL,RMER,RIPL,6
URAVL,RMER,RIPL,6
IL1VL,RIPL,RMDDL,6
IL1DL,RIPL,RMDVL,6
CEPVL,RIPL,AVER,6
CEPVL,RICL,RIPL,6
CEPVL,RICR,RIPL,6
CEPVL,RIPL,RMDDL,6
CEPVL,OLQVL,RIPL,6
RICR,SMDDL,AVAL,6
RICR,SMDVL,AVAL,6
PVPL,AVBL,AVAL,6
PVPL,AVAR,AVAL,6
PVPL,PVCL,AVAL,6
FLPR,AVDL,AVAL,6
RICL,AVAR,AVAL,6
RICL,SMBDL,AVAL,6
RICL,SMDDR,AVAL,6
RICL,SMDVR,AVAL,6
RICL,SMDDL,AVAL,6
PVPR,AVBL,AVAL,6
AQR,AVBL,AVAL,6
AQR,RIAL,AVAL,6
AQR,BAGL,AVAL,6
AQR,PVCL,AVAL,6
BAGR,AVAL,AVEL,6
BAGR,RIAL,AVAL,6
SAAVL,SMDDR,AVAL,6
RIBL,AVAL,AVEL,6
RIBL,RIAL,AVAL,6
RIBL,SMDVR,AVAL,6
RIBL,AVER,AVAL,6
DVC,RIGL,AVAL,6
DVC,AIBL,AVAL,6
DVC,RMFL,AVAL,6
RIMR,SAADL,AVAL,6
OLLR,SAADL,AVAL,6
AUAL,AVAL,AVEL,6
AUAL,RIAL,AVAL,6
FLPL,AVAR,AVAL,6
FLPL,AVDL,AVAL,6
FLPL,AVDR,AVAL,6
FLPL,DVA,AVAL,6
ADER,RIGL,AVAL,6
ADEL,AVAR,AVAL,6
ADEL,AVDL,AVAL,6
ADEL,RMDL,AVAL,6
ADEL,RIGR,AVAL,6
ADEL,AVAL,AVEL,6
ADEL,OLLL,AVAL,6
ADEL,RIGL,AVAL,6
ASHL,AVBL,AVAL,6
ASHL,ADFL,AVAL,6
ASHL,RIAL,AVAL,6
ASHL,AVDR,AVAL,6
ASHL,AIBL,AVAL,6
ASHL,AIAL,AVAL,6
PVCR,AVDL,AVBL,6
PVCR,AVBL,AVEL,6
AVM,BDUL,AVBL,6
PVPL,AVAR,AVBL,6
AQR,RIAL,AVBL,6
AQR,BAGL,AVBL,6
PVCL,AVDR,AVBL,6
PVCL,AVER,AVBL,6
RIMR,RMDL,AVBL,6
RIMR,SMDDL,AVBL,6
SMDDR,AIBL,AVBL,6
SMDVR,AIBL,AVBL,6
SAADL,AIBL,AVBL,6
ASHL,ADFL,AVBL,6
ASHL,RIAL,AVBL,6
ASHL,AVDR,AVBL,6
ASHL,AIAL,AVBL,6
AIBR,SMDVL,SMDDL,6
AWCL,AIBR,AIBL,6
AWCL,AIBR,AIYL,6
AWCL,AIBR,AIAR,6
AIZL,AIBR,SMBVL,6
AIZL,AIBR,RIAL,6
AIZL,AIBR,SMBDL,6
AIZL,AIBR,AIBL,6
AIZL,AIBR,AIAL,6
AIZL,ASEL,AIBR,6
AIZL,AIBR,AVER,6
ASHL,ADFL,AIAL,6
ASHL,RIAL,AIAL,6
ASHL,AVDR,AIAL,6
ASHL,ADFL,AIBL,6
ASHL,RIAL,AIBL,6
ASHL,AVDR,AIBL,6
ASHL,ADFL,AVDR,6
ASHL,AVDR,RIAL,6
ADEL,FLPL,AVDR,6
ADEL,FLPL,DVA,6
ADEL,RIGL,AVAR,6
ADEL,RIGL,AVDL,6
ADEL,RIGL,RMDL,6
ADEL,RIGR,RIGL,6
ADEL,OLLL,RIGL,6
ADEL,OLLL,AVAR,6
ADEL,OLLL,AVDL,6
ADEL,OLLL,RMDL,6
ADEL,OLLL,RIGR,6
ADEL,OLLL,AVEL,6
ADEL,AVAR,AVEL,6
ADEL,AVDL,AVEL,6
ADEL,RMDL,AVEL,6
ADEL,RIGR,AVEL,6
ADEL,RIGR,AVAR,6
ADEL,RIGR,AVDL,6
ADEL,RIGR,RMDL,6
ADEL,AVAR,RMDL,6
ADEL,AVDL,RMDL,6
ADEL,AVAR,AVDL,6
PVPL,PVCL,AVAR,6
RICL,SMBDL,AVAR,6
RICL,AVAR,SMDDR,6
RICL,SMDVR,AVAR,6
RICL,AVAR,SMDDL,6
BAGL,AVAR,AVER,6
BAGL,RIAR,AVAR,6
FLPL,AVAR,AVDL,6
FLPL,AVDR,AVAR,6
FLPL,DVA,AVAR,6
PVCR,AVDL,AVEL,6
ADLL,AVDR,AVDL,6
ADLL,AWCL,AVDL,6
ADLL,AVDL,AIBL,6
ADLL,AVDL,AIAL,6
ADLL,ASEL,AVDL,6
FLPL,AVDR,AVDL,6
FLPL,DVA,AVDL,6
RIVL,SAADR,RMDL,6
RIVL,RMDL,RMDVL,6
RIVL,SMDVL,RMDL,6
RIVL,SIAVR,RMDL,6
RMFR,AVKL,RMDL,6
RMGL,RMDL,AVEL,6
RMGL,RMDL,RMDVL,6
RIS,RMDL,AVEL,6
RIS,CEPVL,RMDL,6
RIS,AVKL,RMDL,6
RIS,SMDVL,RMDL,6
RIMR,SMDDL,RMDL,6
URYDR,RMDDL,AVEL,6
URYDR,SMDDL,AVEL,6
URYVR,RMDVL,AVEL,6
URYVR,SMDVL,AVEL,6
RMGL,RMDVL,AVEL,6
RMGL,RMDR,AVEL,6
RIS,CEPVL,AVEL,6
RIS,AVKL,AVEL,6
RIS,SMDVL,AVEL,6
OLLR,SMDDL,AVEL,6
OLLR,SMDVL,AVEL,6
CEPVR,RICL,AVEL,6
CEPDR,RICL,AVEL,6
CEPDR,RMHL,AVEL,6
BAGR,RIAL,AVEL,6
URXL,RIAL,AVEL,6
URXL,RICL,AVEL,6
RIBL,RIAL,AVEL,6
RIBL,SMDVR,AVEL,6
RIBL,AVER,AVEL,6
AIZR,AIBL,AVEL,6
RIBR,SMDVL,AVEL,6
AUAL,RIAL,AVEL,6
AIZL,RIGL,AVEL,6
AVKR,RIGL,AVEL,6
OLLL,SMDDR,RMDDL,6
OLLL,SMDVR,RMDDL,6
OLLL,RIBL,RMDDL,6
OLLL,RMDDL,AVER,6
OLLL,RMDDL,RMDVL,6
OLLL,SMDDR,RMDVL,6
OLLL,SMDVR,RMDVL,6
OLLL,RIBL,RMDVL,6
OLLL,AVER,RMDVL,6
OLLL,SMDDR,AVER,6
OLLL,SMDVR,AVER,6
OLLL,RIBL,SMDDR,6
OLLL,SMDVR,SMDDR,6
AIZL,AVKR,RIGL,6
AVKR,RIGL,RIBL,6
PVT,RIGL,AVKL,6
PVT,RMFL,RIGL,6
URXL,RIGL,RIAL,6
URXL,AUAL,RIGL,6
URXL,RIGL,RICL,6
AIZL,RIGL,RIBL,6
DVC,RIGL,AIBL,6
DVC,RMFL,RIGL,6
ADFL,SMBVL,RIGL,6
ADFL,RIGL,RIAL,6
ADFL,AUAL,RIGL,6
ADFL,RIGL,SMBDL,6
FLPL,DVA,AVDR,6
ADFL,AWBL,AIYL,6
ADFL,SMBVL,SMBDL,6
ADFL,SMBDL,RIAL,6
ADFL,AUAL,SMBDL,6
ADFL,RIR,SMBDL,6
ADFL,RIR,SMBVL,6
ADFL,RIR,AUAL,6
ADFL,AIZL,AUAL,6
ADFL,AUAL,SMBVL,6
ADFL,SMBVL,RIAL,6
RIH,AIZL,RIBL,6
RIH,AIZL,OLQVL,6
AIZL,SMBVL,AVER,6
AIZL,RIAL,AVER,6
AIZL,SMBDL,AVER,6
AIZL,AIBL,AVER,6
AIZL,AIAL,AVER,6
AIZL,ASEL,AVER,6
AWAL,AIZL,AFDL,6
AIZL,AIYL,RIBL,6
AIZL,ASEL,SMBVL,6
AIZL,ASEL,RIAL,6
AIZL,ASEL,SMBDL,6
AIZL,SMBVL,AIAL,6
AIZL,RIAL,AIAL,6
AIZL,SMBDL,AIAL,6
AIZL,SMBVL,AIBL,6
AIZL,RIAL,AIBL,6
AIZL,SMBDL,AIBL,6
AIZL,SMBVL,SMBDL,6
AIZL,SMBDL,RIAL,6
AIZL,SMBVL,RIAL,6
SMBVL,SAADL,RMEV,6
SIADL,RIAL,RMDVL,6
SIADL,RIAL,RMDDL,6
SIADL,RMDVR,RIAL,6
SIADL,RMDDR,RIAL,6
RMDDR,RIAL,RMDDL,6
RMDDR,RMDVR,RIAL,6
RMDVR,RIAL,RMDVL,6
RIAL,RMDDL,RMDVL,6
AQR,BAGL,RIAL,6
AQR,PVCL,RIAL,6
AQR,PVPL,RIAL,6
URXL,RICL,RIAL,6
RIH,OLQVL,RIAL,6
RIBL,RIAL,AVER,6
URXL,AUAL,RICL,6
AINR,AUAL,AFDL,6
AVHL,RIR,SMBVR,6
RMED,SAAVR,SMBDL,6
SMBDL,RICL,SMDDR,6
SMBDL,RICL,SMDVR,6
SMBDL,RICL,SMDDL,6
AWAL,AWBL,AFDL,6
ADLL,ASEL,AVDR,6
ADLL,AWCL,ASEL,6
ADLL,AVDR,AIAL,6
ADLL,AVDR,AIBL,6
ADLL,AWCL,AVDR,6
PVCL,AVDR,AVER,6
AWCL,AIAR,AIBL,6
AWCL,AIAR,AIYL,6
AWCL,AIYL,AIBL,6
DVC,RIBL,AIBL,6
DVC,RMFL,AIBL,6
ADAR,AVJL,AIBL,6
SAADL,SMDDR,AIBL,6
SAADL,SMDVR,AIBL,6
SMDVR,SMDDR,AIBL,6
ASEL,AIYL,AIBL,6
RIFL,AIAL,AIBL,6
AIML,ASJL,AIAL,6
AINR,AFDL,RIBL,6
ASIL,AWCR,ASGL,6
AIML,ASJL,ASGL,6
AINL,RIBR,AFDR,6
AINL,RIBR,AUAR,6
URYDL,SMDDR,AVER,6
URYDL,SMDDR,RMDVL,6
URYDL,RMDDR,SMDDR,6
RICL,SMDVR,SMDDR,6
RICL,SMDDR,SMDDL,6
URYVL,SMDVR,AVER,6
URYVL,SMDVR,RMDDL,6
URYVL,IL1VL,SMDVR,6
URYVL,SMDVR,RMDVR,6
RIBL,SMDVR,AVER,6
RIVR,SAADL,SIAVL,6
OLLR,RIMR,SAADL,6
RIMR,SAADR,AVKL,6
DVC,RMFL,RIBL,6
AINL,BAGL,AFDR,6
AINL,BAGL,AUAR,6
AINL,AUAR,AFDR,6
BAGL,RIAR,AVER,6
AQR,BAGL,PVCL,6
AQR,PVPL,BAGL,6
URYVL,RIBL,RMDDL,6
URYVL,IL1VL,RIBL,6
URYVL,RIBL,RMDVR,6
RIH,OLQVL,RIBL,6
URYVL,AVER,RMDDL,6
URYVL,IL1VL,AVER,6
URYVL,RMDVR,AVER,6
URYDL,AVER,RMDVL,6
URYDL,RMDDR,AVER,6
CEPDL,RICL,AVER,6
CEPDL,RICR,AVER,6
CEPDL,OLQDL,AVER,6
CEPDL,AVER,RMDVL,6
CEPDL,URADL,AVER,6
CEPDL,IL1DL,AVER,6
CEPDL,RMHR,AVER,6
CEPVL,RICL,AVER,6
CEPVL,RICR,AVER,6
CEPVL,AVER,RMDDL,6
CEPVL,IL1VL,AVER,6
CEPVL,URAVL,AVER,6
CEPVL,OLQVL,AVER,6
CEPDL,CEPVL,ALML,6
CEPDL,ALML,PVCL,6
CEPVL,ALML,PVCL,6
CEPVL,OLQVL,RICR,6
CEPVL,OLQVL,RMDDL,6
CEPVL,OLQVL,IL1VL,6
CEPVL,OLQVL,URAVL,6
CEPVL,URAVL,RICL,6
CEPVL,URAVL,RICR,6
CEPVL,URAVL,RMDDL,6
CEPVL,IL1VL,RICL,6
CEPVL,IL1VL,RICR,6
CEPVL,RICL,RMDDL,6
CEPVL,RICR,RMDDL,6
CEPVL,RIS,AVKL,6
CEPVL,RIS,SMDVL,6
CEPVL,RICR,RICL,6
AVM,BDUL,PVCL,6
CEPDL,URBL,URXL,6
CEPDL,URBL,IL1L,6
CEPDL,URYDL,RICL,6
CEPDL,URYDL,RICR,6
CEPDL,URYDL,OLQDL,6
CEPDL,URYDL,URADL,6
CEPDL,URYDL,IL1DL,6
CEPDL,URYDL,RMHR,6
CEPDL,RMHR,RICL,6
CEPDL,RMHR,RICR,6
CEPDL,OLQDL,RMHR,6
CEPDL,RMHR,RMDVL,6
CEPDL,RMHR,URADL,6
CEPDL,RMHR,IL1DL,6
CEPDL,IL1DL,RICL,6
CEPDL,IL1DL,RICR,6
CEPDL,OLQDL,IL1DL,6
CEPDL,IL1DL,URADL,6
CEPDL,URADL,RICL,6
CEPDL,URADL,RICR,6
CEPDL,OLQDL,URADL,6
CEPDL,URADL,RMDVL,6
CEPDL,RICL,RMDVL,6
CEPDL,RICR,RMDVL,6
CEPDL,OLQDL,RMDVL,6
CEPDL,OLQDL,RICL,6
CEPDL,RICR,RICL,6
URXL,URBL,RICR,6
URXL,URBL,IL1L,6
OLQDR,RICL,RMDDL,6
OLQVL,RICL,RMDVR,6
CEPDR,RMHL,RICL,6
RICR,SMDVL,SMDDL,6
URBL,IL1L,RICR,6
OLQDL,RICR,RMDDR,6
OLQDL,RICR,SIBVL,6
OLLR,SMDVL,SMDDL,6
RIS,AVKL,SMDVL,6
URYVR,SMDVL,RMDVL,6
URYDR,SMDDL,RMDDL,6
RMFL,AVKL,RMDR,6
RMFL,AVKR,AVKL,6
RIVL,SAADR,RMDVL,6
RIVL,SAADR,SMDVL,6
RIVL,SAADR,SIAVR,6
RMFL,AVKR,RMDR,6
RIAR,RMDDL,RMDVL,6
OLQDL,SIBVL,RMDDR,6
IL2L,OLQDL,IL1L,6
IL2L,OLQDL,RMDR,6
RIVL,SMDVL,RMDVL,6
RIVL,SIAVR,RMDVL,6
IL1L,RMDDL,RMDVL,6
IL1L,RMDVR,RMDVL,6
IL2DL,IL1DL,URADL,6
IL1VL,URAVL,RMDDL,6
IL2VL,IL1VL,RMEV,6
IL2VL,IL1VL,RMEL,6
IL2VL,IL1VL,RMER,6
URYVL,IL1VL,RMDVR,6
IL2VL,URAVL,RMEV,6
IL2VL,URAVL,RMEL,6
IL2VL,RMER,RMEV,6
IL2VL,RMER,RMEL,6
IL2VL,RMEV,RMEL,6
RIVL,SIAVR,SMDVL,6
ASHL,ADAL,AVAL,7
ASHL,ADAL,AVBL,7
ADAL,AVJR,AVBL,7
ADAL,RIML,AVBL,7
ADAL,RIML,AVBR,7
AVJR,PVCL,AVBL,7
RIFL,AVJR,AVBL,7
PVPL,PVCL,AVBR,7
RIFL,RIML,AVBR,7
AVKR,SAADL,RIML,7
RIS,RIML,SMDVL,7
SAADR,RIML,AVKL,7
RIS,RIML,AVKL,7
RIS,RIML,RMDL,7
SAADL,RIML,AIBL,7
RIML,SMDDR,AIBL,7
RIFL,RIML,AVBL,7
RIML,AIBL,AVBL,7
AIZL,RIML,AIBL,7
IL2VL,IL1VL,RIPL,7
IL2VL,URAVL,RIPL,7
IL2DL,URADL,RIPL,7
IL2DL,IL1DL,RIPL,7
CEPVL,URAVL,RIPL,7
IL1VL,URAVL,RIPL,7
CEPVL,IL1VL,RIPL,7
AQR,PVPL,AVAL,7
DVC,RIBL,AVAL,7
ADEL,FLPL,AVAL,7
ADAR,AVJL,AVBL,7
PVCR,AVJL,AVBL,7
RIFR,AVJL,AVBL,7
AVM,PVCL,AVBL,7
PVPL,PVCL,AVBL,7
AQR,PVPL,AVBL,7
AQR,PVCL,AVBL,7
ADAR,AIBL,AVBL,7
ASHL,AIBL,AVBL,7
ASHL,AIAL,AIBL,7
ASHL,ADFL,RIAL,7
ADEL,FLPL,AVAR,7
ADEL,FLPL,AVDL,7
ADEL,RIGL,AVEL,7
DVA,AUAL,AVEL,7
URXL,RIGL,AVEL,7
URXL,AUAL,AVEL,7
RIGL,RIBL,AVEL,7
OLLL,RIBL,AVER,7
OLLL,RIBL,SMDVR,7
DVC,RIGL,RIBL,7
ADFL,AIZL,RIGL,7
ADFL,AWBL,AIZL,7
ADFL,AIZL,SMBDL,7
ADFL,AIZL,RIR,7
ADFL,RIR,RIAL,7
ADFL,AUAL,RIAL,7
ADFL,AIZL,RIAL,7
ADFL,AIZL,SMBVL,7
RIH,AIZL,RIAL,7
AWAL,AIZL,AWBL,7
AWAL,AIZL,AIYL,7
AIZL,AIYL,RIAL,7
AIZL,AWBL,AIYL,7
AIZL,ASEL,AIBL,7
AIZL,AIAL,AIBL,7
AIZL,RIR,RIAL,7
URXL,AUAL,RIAL,7
RIH,RIBL,RIAL,7
AIYL,RIBL,RIAL,7
AWAL,AWBL,AIYL,7
ADLL,ASEL,AIBL,7
ADLL,AIAL,AIBL,7
ADLL,AWCL,AIBL,7
ASGL,AIAL,AIBL,7
ASIL,ASGL,AIBL,7
ASIL,AIAL,AIBL,7
ASIL,AWCR,AIBL,7
AWCR,AIAL,AIBL,7
ASKL,AIAL,AIBL,7
AIML,ASGL,AIAL,7
ASIL,ASGL,AIAL,7
PVQL,ASKL,AIAL,7
ASIL,AWCR,AIAL,7
ASJL,PVQL,ASKL,7
URYVL,RIBL,SMDVR,7
URYVL,RIBL,AVER,7
CEPDL,URYDL,AVER,7
CEPVL,OLQVL,RICL,7
CEPVL,IL1VL,URAVL,7
CEPVL,IL1VL,RMDDL,7
AQR,PVPL,PVCL,7
CEPDL,URBL,RICR,7
CEPDL,URYDL,RMDVL,7
CEPDL,IL1DL,RMDVL,7
CEPDL,OLQDL,RICR,7
ALNL,SAAVL,SMBDR,7
RMGL,RMDR,RMDVL,7
PVT,RMFL,AVKL,7
URYVL,IL1VL,RMDDL,7
IL2VL,IL1VL,URAVL,7
IL2VL,URAVL,RMER,7
ADAL,AIBR,RIML,8
RIML,SMDDR,SMDVL,8
RIML,RMDR,RMDL,8
AIZL,AIBR,RIML,8
RMGL,RMDR,RMDL,8
ADFL,RIR,RIGL,8
AIZL,ASEL,AIAL,8
RMDDR,RIAL,RMDVL,8
RMDVR,RIAL,RMDDL,8
RIBL,SMDVR,RIAL,8
AINR,AUAL,RIBL,8
ADLL,ASEL,AIAL,8
ADLL,AWCL,AIAL,8
AWAL,AIYL,AFDL,8
AINL,RIBR,BAGL,8
RICL,SMDVR,SMDDL,8
URYDL,RMDDR,RMDVL,8
URYVL,RMDVR,RMDDL,8
IL1L,RMDVR,RMDDL,8
IL2L,IL1L,RMDR,8
ASHL,ADAL,ADLL,9
ALML,BDUL,AVJR,9
PVPL,AVHR,AVBR,9
AIBR,RIML,AVBR,9
SAAVL,RIML,AVBR,9
RIML,AVBR,SMDDL,9
SAAVR,RIML,AVBR,9
SAAVR,RIML,AVBL,9
SAAVR,RIML,RMDL,9
SAAVR,RIML,SMDDR,9
SAAVR,RIML,RIBL,9
SAAVR,RIML,RMDR,9
SAAVR,RIML,SMDVL,9
SAAVL,RIML,SMDVL,9
RIML,SMDVL,SMDDL,9
RIML,SMDDL,AVBL,9
RIML,SMDDL,RMDL,9
RIML,SMDDR,SMDDL,9
RIML,RIBL,SMDDL,9
RIML,RMDR,SMDDL,9
AIBR,RIML,RMDR,9
SAAVL,RIML,RMDR,9
SAAVL,RIML,AVBL,9
SAAVL,RIML,RMDL,9
SAAVL,RIML,RIBL,9
SAAVL,RIML,AVAL,9
AIBR,RIML,SMDDR,9
RIBR,RIML,AIBL,9
RIMR,RIML,AIBL,9
AIBR,RIML,RMDL,9
AIBR,RIML,AVBL,9
CEPVL,OLLL,RIPL,9
RIH,AIZL,RIPL,9
RIH,RIAL,RIPL,9
RIH,RIBL,RIPL,9
RIH,OLQVL,RIPL,9
PVPL,AVHR,AVAL,9
PVPR,AVHL,AVAL,9
BAGR,RIGL,AVAL,9
RIMR,SAAVL,AVAL,9
AIBR,RIBL,AVAL,9
RIS,RIBL,AVAL,9
ASHL,ADLL,AVAL,9
AVFL,AVFR,AVBL,9
PVPL,AVHR,AVBL,9
PVPR,AVHL,AVBL,9
RIMR,SAAVL,AVBL,9
RIBR,AIBL,AVBL,9
ASHL,ADLL,AVBL,9
AIBR,RIBL,SMDVL,9
AIBR,RIBL,SMDDL,9
AIBR,RIBL,AVEL,9
AIBR,RIBL,RIAL,9
AIBR,RIBL,SMDVR,9
AIBR,RIBL,AVER,9
AWCL,AIBR,AIAL,9
AWCL,AWCR,AIBR,9
ASIL,AWCL,AIBR,9
ASHL,ADLL,ADFL,9
ASHL,ADLL,RIAL,9
ASHL,ADLL,AVDL,9
ASHL,ADLL,AWCL,9
ASHL,ADLL,ASEL,9
ADEL,OLLL,ADER,9
ADEL,ADER,AVEL,9
ADEL,ADER,RIGR,9
ADEL,ADER,AVAR,9
ADEL,ADER,AVDL,9
ADEL,ADER,RMDL,9
PVPL,AVHR,AVAR,9
BAGL,RIGR,AVAR,9
BAGL,RIBR,AVAR,9
IL1R,RMDVR,RMDL,9
IL1R,RMDL,RMDVL,9
RIAR,RMDVR,RMDL,9
RMDR,RMDVR,RMDL,9
RMDR,RMDL,RMDVL,9
RIAR,RMDL,RMDVL,9
RIAR,RMDL,RMDDL,9
RIS,RIBL,RMDL,9
RIMR,AIBL,RMDL,9
RIMR,SAAVL,RMDL,9
RIAL,RMDL,RMDVL,9
RIAL,RMDL,RMDDL,9
RMDDR,RIAL,RMDL,9
SIADL,RIAL,RMDL,9
BAGL,RIGR,AVKL,9
BAGL,RIGR,AVER,9
BAGL,RIAR,RIGR,9
URXL,RIR,AVEL,9
RIBR,AIBL,AVEL,9
RIBR,BAGL,AVEL,9
RIR,RIGL,AVEL,9
CEPDL,OLLL,RMDDL,9
CEPVL,OLLL,RMDVL,9
CEPDL,OLLL,SMDDR,9
CEPDL,OLLL,SMDVR,9
CEPDL,OLLL,RIBL,9
CEPDL,OLLL,RICL,9
CEPDL,OLLL,RICR,9
CEPDL,OLLL,OLQDL,9
CEPDL,OLLL,URADL,9
CEPDL,OLLL,IL1DL,9
CEPDL,OLLL,RMHR,9
CEPDL,OLLL,URYDL,9
CEPVL,OLLL,SMDDR,9
CEPVL,OLLL,SMDVR,9
CEPVL,OLLL,RIBL,9
CEPVL,OLLL,RICL,9
CEPVL,OLLL,RICR,9
CEPVL,OLLL,IL1VL,9
CEPVL,OLLL,URAVL,9
CEPVL,OLLL,OLQVL,9
AVKR,RIR,RIGL,9
BAGR,AVKR,RIGL,9
BAGR,AIZL,RIGL,9
BAGR,RIGL,RIAL,9
RIR,RIGL,RIBL,9
RIR,RIGL,RIAL,9
RIH,IL2L,AIZL,9
AIZL,AIYL,AFDL,9
URXL,AIZL,RIR,9
PVPL,AVHR,SMBVL,9
PLNL,SMBVL,RMEV,9
RIAL,SMDVL,RMDVL,9
RIAL,SMDVL,RMDDL,9
RMDVR,RIAL,SMDVL,9
RMDDR,RIAL,SMDVL,9
SIADL,RIAL,SMDVL,9
RIAL,SMDDL,RMDVL,9
RIAL,SMDDL,RMDDL,9
RMDVR,RIAL,SMDDL,9
RMDDR,RIAL,SMDDL,9
SIADL,RIAL,SMDDL,9
SIADL,RIAL,SMDDR,9
SIADL,SMDVR,RIAL,9
RIAR,SIADL,RIAL,9
SIADL,RMDR,RIAL,9
RIVR,SIADL,RIAL,9
RIVR,RIAL,RMDVL,9
RIVR,RIAL,RMDDL,9
RIVR,RMDVR,RIAL,9
RIVR,RMDDR,RIAL,9
RIVR,SAADL,RIAL,9
RIVR,SIAVL,RIAL,9
RMDDR,RIAL,SMDDR,9
RMDDR,SMDVR,RIAL,9
RIAR,RMDDR,RIAL,9
RMDDR,RMDR,RIAL,9
RMDVR,RIAL,SMDDR,9
RMDVR,SMDVR,RIAL,9
RIAR,RMDVR,RIAL,9
RMDR,RMDVR,RIAL,9
RMDR,RIAL,RMDDL,9
RIAL,SMDDR,RMDDL,9
SMDVR,RIAL,RMDDL,9
RIAL,SMDDR,RMDVL,9
SMDVR,RIAL,RMDVL,9
RIH,IL2L,RIAL,9
RIS,RIBL,RIAL,9
AIYL,AFDL,RIAL,9
URXL,RIR,AUAL,9
AUAL,RIBL,SMDVR,9
AUAL,RIBL,AVER,9
AVHL,PVPR,RIR,9
URXL,RIR,RICL,9
AWCL,AIAR,AIAL,9
AWCL,AWCR,AIAR,9
ASIL,AWCL,AIAR,9
ASIL,AWCL,AIYL,9
ASIL,AWCL,ASGL,9
AWCL,AWCR,AIYL,9
AWCL,AIYL,AIAL,9
RIFL,AWCL,AIAL,9
RIMR,SMDDR,AIBL,9
RIMR,SMDVR,AIBL,9
RIMR,AIBL,SMDDL,9
RIBR,SAADL,AIBL,9
RIBR,SMDVR,AIBL,9
RIBR,SMDDR,AIBL,9
RIBR,AIBL,SMDVL,9
AIML,ASKL,AIBL,9
RIFL,ASEL,AIAL,9
ASEL,AIYL,AIAL,9
AIYL,AFDL,RIBL,9
AIML,ASKL,ASGL,9
RIBR,BAGL,SMDVL,9
RIBR,BAGL,AVER,9
RIBR,BAGL,RIAR,9
RIMR,SAAVL,SMDDR,9
BAGR,RIBL,SMDVR,9
RIS,RIBL,SMDVR,9
RIMR,SAAVL,SMDDL,9
RIS,RIBL,AVER,9
RIS,CEPVL,RIBL,9
RIS,AVKL,RIBL,9
RIS,RIBL,SMDVL,9
BAGR,RIBL,AVER,9
RIH,IL2L,RIBL,9
RIH,IL2L,OLQVL,9
RIH,IL2L,OLQDL,9
RIH,IL2L,IL1L,9
RIH,IL2L,RMDR,9
CEPDL,ALML,BDUL,9
ALML,BDUL,PVCL,9
CEPVL,ALML,BDUL,9
PVPL,AVHR,PVCL,9
PVPR,AVHL,SMBVR,9
RIVL,RIAR,SAADR,9
RIVL,RIAR,RMDDL,9
RIVL,RIAR,SIAVR,9
RIAR,SMDVL,RMDVL,9
RIAR,SMDVL,RMDDL,9
RIAR,SMDDL,RMDVL,9
RIAR,SMDDL,RMDDL,9
IL1L,RMDR,RMDDL,9
IL1L,RMDR,RMDVR,9
SAAVR,AIBR,RIML,10
SAAVR,SAAVL,RIML,10
SAAVL,RIML,SMDDL,10
RIML,RIAL,SMDDL,10
RIML,SMDVR,SMDDL,10
RIAR,RIML,SMDDL,10
SAAVL,AIBR,RIML,10
RIMR,SAAVL,RIML,10
RIH,IL2L,RIPL,10
AIBR,AUAL,RIBL,10
BAGR,AIBR,RIBL,10
RIS,AIBR,RIBL,10
IL1R,RIAL,RMDL,10
IL1R,RIAR,RMDL,10
IL1R,RMDR,RMDL,10
RIAR,RMDR,RMDL,10
IL1L,RMDR,RMDL,10
RIAR,SMDDL,RMDL,10
RIAR,SMDVL,RMDL,10
RIAL,SMDDR,RMDL,10
SMDVR,RIAL,RMDL,10
RIVR,RIAL,RMDL,10
RIAL,SMDDL,RMDL,10
RIAL,SMDVL,RMDL,10
BAGL,RIBR,RIGR,10
CEPDL,CEPVL,OLLL,10
BAGR,RIR,RIGL,10
SMDVR,RIAL,SMDVL,10
RMDR,RIAL,SMDVL,10
RIVR,RIAL,SMDVL,10
RIAL,SMDVL,SMDDL,10
RIAL,SMDDR,SMDDL,10
RMDR,RIAL,SMDDL,10
RIVR,RIAL,SMDDL,10
RIVR,RIAL,SMDDR,10
RIVR,SMDVR,RIAL,10
RIVR,RIAR,RIAL,10
RIVR,RMDR,RIAL,10
RMDR,RIAL,SMDDR,10
RMDR,SMDVR,RIAL,10
RIAR,RMDR,RIAL,10
IL1L,RMDR,RIAL,10
RIAR,RIAL,SMDDR,10
RIAR,SMDVR,RIAL,10
RIVL,RIAR,RIAL,10
SMDVR,RIAL,SMDDR,10
BAGR,AUAL,RIBL,10
RIS,AUAL,RIBL,10
AWCL,ASEL,AIAL,10
RIMR,RIBR,AIBL,10
RIMR,SAAVL,AIBL,10
RIBR,BAGL,AIBL,10
RIAR,SMDDR,SMDVL,10
RIAR,SMDVR,SMDDL,10
RIS,BAGR,RIBL,10
RIVL,RIAR,SMDDL,10
RIAR,SMDVL,SMDDL,10
AIZL,ASEL,AIYL,11
RIS,RIML,RIBL,12
RIMR,SAADL,AIBL,12
AIML,ASJL,ASKL,12
AIBR,RIML,SMDVL,13
SAAVL,RIML,SMDDR,13
BAGR,RIBL,AVAL,13
AUAL,RIBL,AVAL,13
ADEL,ADER,AVAL,13
RIMR,AIBL,AVBL,13
ASHL,ADLL,AIAL,13
ASHL,ADLL,AIBL,13
ASHL,ADLL,AVDR,13
ADEL,ADER,RIGL,13
RMDVR,RIAL,RMDL,13
RIS,RIBL,AVEL,13
BAGR,RIGL,AVEL,13
BAGR,RIBL,AVEL,13
AUAL,RIBL,AVEL,13
CEPVL,OLLL,RMDDL,13
CEPDL,OLLL,RMDVL,13
CEPDL,OLLL,AVER,13
CEPVL,OLLL,AVER,13
AIZL,RIR,RIGL,13
PLNL,SMBVL,SAADL,13
RMDR,RIAL,RMDVL,13
RIAR,RIAL,RMDDL,13
RIAR,RIAL,RMDVL,13
BAGR,RIBL,RIAL,13
URXL,RIR,RIAL,13
AUAL,RIBL,RIAL,13
ASIL,AWCL,AIBL,13
AWCL,AWCR,AIBL,13
AWCL,AIAL,AIBL,13
ASEL,AIAL,AIBL,13
AIML,ASKL,AIAL,13
RIVL,RIAR,RMDVL,13
IL1L,RMDR,RMDVL,13
SAAVR,RIML,SMDDL,14
AIBR,RIML,SMDDL,14
AIBR,RIML,RIBL,14
RIVL,RIAR,RMDL,14
BAGR,RIGL,RIBL,14
URXL,RIR,RIGL,14
ASIL,AWCL,AIAL,14
ASIL,AWCL,AWCR,14
AWCL,AWCR,AIAL,14
RIVL,RIAR,SMDVL,14
RMDR,RIAL,RMDL,15
RIAR,RIAL,RMDL,15
RIAL,SMDDR,SMDVL,15
RIAR,RIAL,SMDVL,15
SMDVR,RIAL,SMDDL,15
RIAR,RIAL,SMDDL,15
